{
"type": "FeatureCollection",
"name": "bird",
"crs": { "type": "name", "properties": { "name": "urn:ogc:def:crs:OGC:1.3:CRS84" } },
"features": [
{ "type": "Feature", "properties": { "device_id": 375915.0, "UTC_datetime": "2025-09-07T09:08:14Z", "UTC_date": "2025-09-07", "Longitude": 15.250704, "Latitude": 43.861595 }, "geometry": { "type": "Point", "coordinates": [ 15.250704, 43.861595 ] } },
{ "type": "Feature", "properties": { "device_id": 375915.0, "UTC_datetime": "2025-09-08T09:08:14Z", "UTC_date": "2025-09-08", "Longitude": 15.246552, "Latitude": 43.864876 }, "geometry": { "type": "Point", "coordinates": [ 15.246552, 43.864876 ] } },
{ "type": "Feature", "properties": { "device_id": 375915.0, "UTC_datetime": "2025-09-09T09:08:12Z", "UTC_date": "2025-09-09", "Longitude": 14.740709, "Latitude": 44.283188 }, "geometry": { "type": "Point", "coordinates": [ 14.740709, 44.283188 ] } },
{ "type": "Feature", "properties": { "device_id": 375915.0, "UTC_datetime": "2025-09-10T09:08:35Z", "UTC_date": "2025-09-10", "Longitude": 14.882116, "Latitude": 44.587597 }, "geometry": { "type": "Point", "coordinates": [ 14.882116, 44.587597 ] } },
{ "type": "Feature", "properties": { "device_id": 375915.0, "UTC_datetime": "2025-09-11T09:08:34Z", "UTC_date": "2025-09-11", "Longitude": 14.815822, "Latitude": 44.911549 }, "geometry": { "type": "Point", "coordinates": [ 14.815822, 44.911549 ] } },
{ "type": "Feature", "properties": { "device_id": 375915.0, "UTC_datetime": "2025-09-12T09:08:58Z", "UTC_date": "2025-09-12", "Longitude": 14.481629, "Latitude": 45.103302 }, "geometry": { "type": "Point", "coordinates": [ 14.481629, 45.103302 ] } },
{ "type": "Feature", "properties": { "device_id": 375915.0, "UTC_datetime": "2025-09-13T09:08:42Z", "UTC_date": "2025-09-13", "Longitude": 13.985213, "Latitude": 45.112659 }, "geometry": { "type": "Point", "coordinates": [ 13.985213, 45.112659 ] } },
{ "type": "Feature", "properties": { "device_id": 375915.0, "UTC_datetime": "2025-09-14T09:09:42Z", "UTC_date": "2025-09-14", "Longitude": 16.137461, "Latitude": 46.142727 }, "geometry": { "type": "Point", "coordinates": [ 16.137461, 46.142727 ] } },
{ "type": "Feature", "properties": { "device_id": 375915.0, "UTC_datetime": "2025-09-15T09:09:42Z", "UTC_date": "2025-09-15", "Longitude": 19.81856, "Latitude": 46.154545 }, "geometry": { "type": "Point", "coordinates": [ 19.81856, 46.154545 ] } },
{ "type": "Feature", "properties": { "device_id": 375915.0, "UTC_datetime": "2025-09-16T09:09:42Z", "UTC_date": "2025-09-16", "Longitude": 21.846716, "Latitude": 45.024048 }, "geometry": { "type": "Point", "coordinates": [ 21.846716, 45.024048 ] } },
{ "type": "Feature", "properties": { "device_id": 375915.0, "UTC_datetime": "2025-09-17T09:09:42Z", "UTC_date": "2025-09-17", "Longitude": 24.286955, "Latitude": 43.557606 }, "geometry": { "type": "Point", "coordinates": [ 24.286955, 43.557606 ] } },
{ "type": "Feature", "properties": { "device_id": 375915.0, "UTC_datetime": "2025-09-18T09:09:42Z", "UTC_date": "2025-09-18", "Longitude": 26.585796, "Latitude": 42.400909 }, "geometry": { "type": "Point", "coordinates": [ 26.585796, 42.400909 ] } },
{ "type": "Feature", "properties": { "device_id": 375915.0, "UTC_datetime": "2025-09-19T09:09:42Z", "UTC_date": "2025-09-19", "Longitude": 27.489838, "Latitude": 40.960499 }, "geometry": { "type": "Point", "coordinates": [ 27.489838, 40.960499 ] } },
{ "type": "Feature", "properties": { "device_id": 375915.0, "UTC_datetime": "2025-09-20T09:12:13Z", "UTC_date": "2025-09-20", "Longitude": 29.456903, "Latitude": 40.857231 }, "geometry": { "type": "Point", "coordinates": [ 29.456903, 40.857231 ] } },
{ "type": "Feature", "properties": { "device_id": 375915.0, "UTC_datetime": "2025-09-21T09:12:13Z", "UTC_date": "2025-09-21", "Longitude": 31.153208, "Latitude": 38.885395 }, "geometry": { "type": "Point", "coordinates": [ 31.153208, 38.885395 ] } },
{ "type": "Feature", "properties": { "device_id": 375915.0, "UTC_datetime": "2025-09-22T09:12:12Z", "UTC_date": "2025-09-22", "Longitude": 31.207579, "Latitude": 38.204926 }, "geometry": { "type": "Point", "coordinates": [ 31.207579, 38.204926 ] } },
{ "type": "Feature", "properties": { "device_id": 375915.0, "UTC_datetime": "2025-09-23T07:11:56Z", "UTC_date": "2025-09-23", "Longitude": 33.275906, "Latitude": 36.660843 }, "geometry": { "type": "Point", "coordinates": [ 33.275906, 36.660843 ] } },
{ "type": "Feature", "properties": { "device_id": 375915.0, "UTC_datetime": "2025-09-23T08:12:29Z", "UTC_date": "2025-09-23", "Longitude": 33.441982, "Latitude": 36.533897 }, "geometry": { "type": "Point", "coordinates": [ 33.441982, 36.533897 ] } },
{ "type": "Feature", "properties": { "device_id": 375915.0, "UTC_datetime": "2025-09-23T09:11:57Z", "UTC_date": "2025-09-23", "Longitude": 33.631187, "Latitude": 36.408581 }, "geometry": { "type": "Point", "coordinates": [ 33.631187, 36.408581 ] } },
{ "type": "Feature", "properties": { "device_id": 375915.0, "UTC_datetime": "2025-09-23T11:12:15Z", "UTC_date": "2025-09-23", "Longitude": 34.130623, "Latitude": 36.512196 }, "geometry": { "type": "Point", "coordinates": [ 34.130623, 36.512196 ] } },
{ "type": "Feature", "properties": { "device_id": 375915.0, "UTC_datetime": "2025-09-23T12:12:29Z", "UTC_date": "2025-09-23", "Longitude": 34.412838, "Latitude": 36.753853 }, "geometry": { "type": "Point", "coordinates": [ 34.412838, 36.753853 ] } },
{ "type": "Feature", "properties": { "device_id": 375915.0, "UTC_datetime": "2025-09-23T13:11:56Z", "UTC_date": "2025-09-23", "Longitude": 34.764492, "Latitude": 36.952354 }, "geometry": { "type": "Point", "coordinates": [ 34.764492, 36.952354 ] } },
{ "type": "Feature", "properties": { "device_id": 375915.0, "UTC_datetime": "2025-09-23T14:11:57Z", "UTC_date": "2025-09-23", "Longitude": 35.106579, "Latitude": 37.149204 }, "geometry": { "type": "Point", "coordinates": [ 35.106579, 37.149204 ] } },
{ "type": "Feature", "properties": { "device_id": 375915.0, "UTC_datetime": "2025-09-24T07:11:58Z", "UTC_date": "2025-09-24", "Longitude": 35.325768, "Latitude": 37.14019 }, "geometry": { "type": "Point", "coordinates": [ 35.325768, 37.14019 ] } },
{ "type": "Feature", "properties": { "device_id": 375915.0, "UTC_datetime": "2025-09-24T08:12:12Z", "UTC_date": "2025-09-24", "Longitude": 35.576378, "Latitude": 37.099659 }, "geometry": { "type": "Point", "coordinates": [ 35.576378, 37.099659 ] } },
{ "type": "Feature", "properties": { "device_id": 375915.0, "UTC_datetime": "2025-09-24T09:12:13Z", "UTC_date": "2025-09-24", "Longitude": 35.817707, "Latitude": 36.922321 }, "geometry": { "type": "Point", "coordinates": [ 35.817707, 36.922321 ] } },
{ "type": "Feature", "properties": { "device_id": 375915.0, "UTC_datetime": "2025-09-24T10:12:01Z", "UTC_date": "2025-09-24", "Longitude": 36.229465, "Latitude": 36.916885 }, "geometry": { "type": "Point", "coordinates": [ 36.229465, 36.916885 ] } },
{ "type": "Feature", "properties": { "device_id": 375915.0, "UTC_datetime": "2025-09-24T11:12:35Z", "UTC_date": "2025-09-24", "Longitude": 36.469883, "Latitude": 36.582443 }, "geometry": { "type": "Point", "coordinates": [ 36.469883, 36.582443 ] } },
{ "type": "Feature", "properties": { "device_id": 375915.0, "UTC_datetime": "2025-09-24T14:12:35Z", "UTC_date": "2025-09-24", "Longitude": 36.407017, "Latitude": 35.873508 }, "geometry": { "type": "Point", "coordinates": [ 36.407017, 35.873508 ] } },
{ "type": "Feature", "properties": { "device_id": 375915.0, "UTC_datetime": "2025-09-25T07:13:27Z", "UTC_date": "2025-09-25", "Longitude": 36.370979, "Latitude": 35.390358 }, "geometry": { "type": "Point", "coordinates": [ 36.370979, 35.390358 ] } },
{ "type": "Feature", "properties": { "device_id": 375915.0, "UTC_datetime": "2025-09-25T08:13:53Z", "UTC_date": "2025-09-25", "Longitude": 36.379749, "Latitude": 35.045036 }, "geometry": { "type": "Point", "coordinates": [ 36.379749, 35.045036 ] } },
{ "type": "Feature", "properties": { "device_id": 375915.0, "UTC_datetime": "2025-09-25T09:13:23Z", "UTC_date": "2025-09-25", "Longitude": 36.532017, "Latitude": 34.802231 }, "geometry": { "type": "Point", "coordinates": [ 36.532017, 34.802231 ] } },
{ "type": "Feature", "properties": { "device_id": 375915.0, "UTC_datetime": "2025-09-25T10:13:43Z", "UTC_date": "2025-09-25", "Longitude": 36.772511, "Latitude": 34.591335 }, "geometry": { "type": "Point", "coordinates": [ 36.772511, 34.591335 ] } },
{ "type": "Feature", "properties": { "device_id": 375915.0, "UTC_datetime": "2025-09-25T11:13:24Z", "UTC_date": "2025-09-25", "Longitude": 36.992096, "Latitude": 34.33073 }, "geometry": { "type": "Point", "coordinates": [ 36.992096, 34.33073 ] } },
{ "type": "Feature", "properties": { "device_id": 375915.0, "UTC_datetime": "2025-09-25T12:13:42Z", "UTC_date": "2025-09-25", "Longitude": 37.062832, "Latitude": 33.82148 }, "geometry": { "type": "Point", "coordinates": [ 37.062832, 33.82148 ] } },
{ "type": "Feature", "properties": { "device_id": 375915.0, "UTC_datetime": "2025-09-25T13:13:26Z", "UTC_date": "2025-09-25", "Longitude": 37.173435, "Latitude": 33.553215 }, "geometry": { "type": "Point", "coordinates": [ 37.173435, 33.553215 ] } },
{ "type": "Feature", "properties": { "device_id": 375915.0, "UTC_datetime": "2025-09-25T14:13:53Z", "UTC_date": "2025-09-25", "Longitude": 37.186596, "Latitude": 33.226231 }, "geometry": { "type": "Point", "coordinates": [ 37.186596, 33.226231 ] } },
{ "type": "Feature", "properties": { "device_id": 375915.0, "UTC_datetime": "2025-09-26T07:13:25Z", "UTC_date": "2025-09-26", "Longitude": 37.399502, "Latitude": 32.739109 }, "geometry": { "type": "Point", "coordinates": [ 37.399502, 32.739109 ] } },
{ "type": "Feature", "properties": { "device_id": 375915.0, "UTC_datetime": "2025-09-26T08:13:42Z", "UTC_date": "2025-09-26", "Longitude": 37.22559, "Latitude": 32.279434 }, "geometry": { "type": "Point", "coordinates": [ 37.22559, 32.279434 ] } },
{ "type": "Feature", "properties": { "device_id": 375915.0, "UTC_datetime": "2025-09-26T09:13:29Z", "UTC_date": "2025-09-26", "Longitude": 36.962074, "Latitude": 31.897774 }, "geometry": { "type": "Point", "coordinates": [ 36.962074, 31.897774 ] } },
{ "type": "Feature", "properties": { "device_id": 375915.0, "UTC_datetime": "2025-09-26T10:13:52Z", "UTC_date": "2025-09-26", "Longitude": 36.835873, "Latitude": 31.758276 }, "geometry": { "type": "Point", "coordinates": [ 36.835873, 31.758276 ] } },
{ "type": "Feature", "properties": { "device_id": 375915.0, "UTC_datetime": "2025-09-26T11:13:24Z", "UTC_date": "2025-09-26", "Longitude": 36.652332, "Latitude": 31.36091 }, "geometry": { "type": "Point", "coordinates": [ 36.652332, 31.36091 ] } },
{ "type": "Feature", "properties": { "device_id": 375915.0, "UTC_datetime": "2025-09-26T12:13:43Z", "UTC_date": "2025-09-26", "Longitude": 36.392925, "Latitude": 31.020727 }, "geometry": { "type": "Point", "coordinates": [ 36.392925, 31.020727 ] } },
{ "type": "Feature", "properties": { "device_id": 375915.0, "UTC_datetime": "2025-09-26T13:13:27Z", "UTC_date": "2025-09-26", "Longitude": 36.059994, "Latitude": 30.686487 }, "geometry": { "type": "Point", "coordinates": [ 36.059994, 30.686487 ] } },
{ "type": "Feature", "properties": { "device_id": 375915.0, "UTC_datetime": "2025-09-26T14:13:44Z", "UTC_date": "2025-09-26", "Longitude": 35.785831, "Latitude": 30.362005 }, "geometry": { "type": "Point", "coordinates": [ 35.785831, 30.362005 ] } },
{ "type": "Feature", "properties": { "device_id": 375915.0, "UTC_datetime": "2025-09-27T07:13:27Z", "UTC_date": "2025-09-27", "Longitude": 35.365849, "Latitude": 29.856401 }, "geometry": { "type": "Point", "coordinates": [ 35.365849, 29.856401 ] } },
{ "type": "Feature", "properties": { "device_id": 375915.0, "UTC_datetime": "2025-09-27T08:13:53Z", "UTC_date": "2025-09-27", "Longitude": 34.998783, "Latitude": 29.736006 }, "geometry": { "type": "Point", "coordinates": [ 34.998783, 29.736006 ] } },
{ "type": "Feature", "properties": { "device_id": 375915.0, "UTC_datetime": "2025-09-27T09:13:59Z", "UTC_date": "2025-09-27", "Longitude": 34.628761, "Latitude": 29.590685 }, "geometry": { "type": "Point", "coordinates": [ 34.628761, 29.590685 ] } },
{ "type": "Feature", "properties": { "device_id": 375915.0, "UTC_datetime": "2025-09-27T10:13:27Z", "UTC_date": "2025-09-27", "Longitude": 34.131649, "Latitude": 29.44171 }, "geometry": { "type": "Point", "coordinates": [ 34.131649, 29.44171 ] } },
{ "type": "Feature", "properties": { "device_id": 375915.0, "UTC_datetime": "2025-09-27T11:13:43Z", "UTC_date": "2025-09-27", "Longitude": 33.612579, "Latitude": 29.291277 }, "geometry": { "type": "Point", "coordinates": [ 33.612579, 29.291277 ] } },
{ "type": "Feature", "properties": { "device_id": 375915.0, "UTC_datetime": "2025-09-27T12:13:27Z", "UTC_date": "2025-09-27", "Longitude": 33.223255, "Latitude": 29.170298 }, "geometry": { "type": "Point", "coordinates": [ 33.223255, 29.170298 ] } },
{ "type": "Feature", "properties": { "device_id": 375915.0, "UTC_datetime": "2025-09-27T13:13:59Z", "UTC_date": "2025-09-27", "Longitude": 32.98357, "Latitude": 29.199064 }, "geometry": { "type": "Point", "coordinates": [ 32.98357, 29.199064 ] } },
{ "type": "Feature", "properties": { "device_id": 375915.0, "UTC_datetime": "2025-09-27T14:13:26Z", "UTC_date": "2025-09-27", "Longitude": 32.95034, "Latitude": 29.205305 }, "geometry": { "type": "Point", "coordinates": [ 32.95034, 29.205305 ] } },
{ "type": "Feature", "properties": { "device_id": 375915.0, "UTC_datetime": "2025-09-28T07:13:59Z", "UTC_date": "2025-09-28", "Longitude": 32.972977, "Latitude": 29.178135 }, "geometry": { "type": "Point", "coordinates": [ 32.972977, 29.178135 ] } },
{ "type": "Feature", "properties": { "device_id": 375915.0, "UTC_datetime": "2025-09-28T08:13:26Z", "UTC_date": "2025-09-28", "Longitude": 32.939617, "Latitude": 29.258297 }, "geometry": { "type": "Point", "coordinates": [ 32.939617, 29.258297 ] } },
{ "type": "Feature", "properties": { "device_id": 375915.0, "UTC_datetime": "2025-09-28T09:13:43Z", "UTC_date": "2025-09-28", "Longitude": 32.995396, "Latitude": 29.263344 }, "geometry": { "type": "Point", "coordinates": [ 32.995396, 29.263344 ] } },
{ "type": "Feature", "properties": { "device_id": 375915.0, "UTC_datetime": "2025-09-28T10:13:58Z", "UTC_date": "2025-09-28", "Longitude": 32.971809, "Latitude": 29.371914 }, "geometry": { "type": "Point", "coordinates": [ 32.971809, 29.371914 ] } },
{ "type": "Feature", "properties": { "device_id": 375915.0, "UTC_datetime": "2025-09-28T11:13:26Z", "UTC_date": "2025-09-28", "Longitude": 32.889282, "Latitude": 29.47452 }, "geometry": { "type": "Point", "coordinates": [ 32.889282, 29.47452 ] } },
{ "type": "Feature", "properties": { "device_id": 375915.0, "UTC_datetime": "2025-09-28T12:13:43Z", "UTC_date": "2025-09-28", "Longitude": 32.84584, "Latitude": 29.559856 }, "geometry": { "type": "Point", "coordinates": [ 32.84584, 29.559856 ] } },
{ "type": "Feature", "properties": { "device_id": 375915.0, "UTC_datetime": "2025-09-28T13:13:59Z", "UTC_date": "2025-09-28", "Longitude": 32.884804, "Latitude": 29.62422 }, "geometry": { "type": "Point", "coordinates": [ 32.884804, 29.62422 ] } },
{ "type": "Feature", "properties": { "device_id": 375915.0, "UTC_datetime": "2025-09-28T14:13:26Z", "UTC_date": "2025-09-28", "Longitude": 32.903275, "Latitude": 29.637741 }, "geometry": { "type": "Point", "coordinates": [ 32.903275, 29.637741 ] } },
{ "type": "Feature", "properties": { "device_id": 375915.0, "UTC_datetime": "2025-09-29T07:13:42Z", "UTC_date": "2025-09-29", "Longitude": 32.743355, "Latitude": 29.52326 }, "geometry": { "type": "Point", "coordinates": [ 32.743355, 29.52326 ] } },
{ "type": "Feature", "properties": { "device_id": 375915.0, "UTC_datetime": "2025-09-29T08:13:33Z", "UTC_date": "2025-09-29", "Longitude": 32.695347, "Latitude": 29.617922 }, "geometry": { "type": "Point", "coordinates": [ 32.695347, 29.617922 ] } },
{ "type": "Feature", "properties": { "device_id": 375915.0, "UTC_datetime": "2025-09-29T09:13:59Z", "UTC_date": "2025-09-29", "Longitude": 32.729481, "Latitude": 29.687267 }, "geometry": { "type": "Point", "coordinates": [ 32.729481, 29.687267 ] } },
{ "type": "Feature", "properties": { "device_id": 375915.0, "UTC_datetime": "2025-09-29T10:13:27Z", "UTC_date": "2025-09-29", "Longitude": 32.66103, "Latitude": 29.801834 }, "geometry": { "type": "Point", "coordinates": [ 32.66103, 29.801834 ] } },
{ "type": "Feature", "properties": { "device_id": 375915.0, "UTC_datetime": "2025-09-29T11:13:28Z", "UTC_date": "2025-09-29", "Longitude": 32.632236, "Latitude": 29.867466 }, "geometry": { "type": "Point", "coordinates": [ 32.632236, 29.867466 ] } },
{ "type": "Feature", "properties": { "device_id": 375915.0, "UTC_datetime": "2025-09-29T12:13:58Z", "UTC_date": "2025-09-29", "Longitude": 32.577702, "Latitude": 29.889765 }, "geometry": { "type": "Point", "coordinates": [ 32.577702, 29.889765 ] } },
{ "type": "Feature", "properties": { "device_id": 375915.0, "UTC_datetime": "2025-09-29T13:13:28Z", "UTC_date": "2025-09-29", "Longitude": 32.38525, "Latitude": 29.850676 }, "geometry": { "type": "Point", "coordinates": [ 32.38525, 29.850676 ] } },
{ "type": "Feature", "properties": { "device_id": 375915.0, "UTC_datetime": "2025-09-29T14:13:43Z", "UTC_date": "2025-09-29", "Longitude": 32.065769, "Latitude": 29.501024 }, "geometry": { "type": "Point", "coordinates": [ 32.065769, 29.501024 ] } },
{ "type": "Feature", "properties": { "device_id": 375915.0, "UTC_datetime": "2025-09-30T07:13:30Z", "UTC_date": "2025-09-30", "Longitude": 31.580816, "Latitude": 28.912321 }, "geometry": { "type": "Point", "coordinates": [ 31.580816, 28.912321 ] } },
{ "type": "Feature", "properties": { "device_id": 375915.0, "UTC_datetime": "2025-09-30T08:13:43Z", "UTC_date": "2025-09-30", "Longitude": 31.331804, "Latitude": 28.699898 }, "geometry": { "type": "Point", "coordinates": [ 31.331804, 28.699898 ] } },
{ "type": "Feature", "properties": { "device_id": 375915.0, "UTC_datetime": "2025-09-30T09:13:59Z", "UTC_date": "2025-09-30", "Longitude": 30.971117, "Latitude": 28.31975 }, "geometry": { "type": "Point", "coordinates": [ 30.971117, 28.31975 ] } },
{ "type": "Feature", "properties": { "device_id": 375915.0, "UTC_datetime": "2025-09-30T10:13:31Z", "UTC_date": "2025-09-30", "Longitude": 30.663229, "Latitude": 27.978655 }, "geometry": { "type": "Point", "coordinates": [ 30.663229, 27.978655 ] } },
{ "type": "Feature", "properties": { "device_id": 375915.0, "UTC_datetime": "2025-09-30T11:13:31Z", "UTC_date": "2025-09-30", "Longitude": 30.493141, "Latitude": 27.750854 }, "geometry": { "type": "Point", "coordinates": [ 30.493141, 27.750854 ] } },
{ "type": "Feature", "properties": { "device_id": 375915.0, "UTC_datetime": "2025-09-30T12:13:58Z", "UTC_date": "2025-09-30", "Longitude": 30.257542, "Latitude": 27.479744 }, "geometry": { "type": "Point", "coordinates": [ 30.257542, 27.479744 ] } },
{ "type": "Feature", "properties": { "device_id": 375915.0, "UTC_datetime": "2025-09-30T13:13:29Z", "UTC_date": "2025-09-30", "Longitude": 29.873665, "Latitude": 27.038404 }, "geometry": { "type": "Point", "coordinates": [ 29.873665, 27.038404 ] } },
{ "type": "Feature", "properties": { "device_id": 375915.0, "UTC_datetime": "2025-09-30T14:13:30Z", "UTC_date": "2025-09-30", "Longitude": 29.506884, "Latitude": 26.630657 }, "geometry": { "type": "Point", "coordinates": [ 29.506884, 26.630657 ] } },
{ "type": "Feature", "properties": { "device_id": 375915.0, "UTC_datetime": "2025-10-01T07:13:59Z", "UTC_date": "2025-10-01", "Longitude": 29.018143, "Latitude": 25.963543 }, "geometry": { "type": "Point", "coordinates": [ 29.018143, 25.963543 ] } },
{ "type": "Feature", "properties": { "device_id": 375915.0, "UTC_datetime": "2025-10-01T08:13:43Z", "UTC_date": "2025-10-01", "Longitude": 28.757109, "Latitude": 25.74135 }, "geometry": { "type": "Point", "coordinates": [ 28.757109, 25.74135 ] } },
{ "type": "Feature", "properties": { "device_id": 375915.0, "UTC_datetime": "2025-10-01T09:13:32Z", "UTC_date": "2025-10-01", "Longitude": 28.394979, "Latitude": 25.456303 }, "geometry": { "type": "Point", "coordinates": [ 28.394979, 25.456303 ] } },
{ "type": "Feature", "properties": { "device_id": 375915.0, "UTC_datetime": "2025-10-01T10:13:59Z", "UTC_date": "2025-10-01", "Longitude": 28.031588, "Latitude": 25.152546 }, "geometry": { "type": "Point", "coordinates": [ 28.031588, 25.152546 ] } },
{ "type": "Feature", "properties": { "device_id": 375915.0, "UTC_datetime": "2025-10-01T11:13:30Z", "UTC_date": "2025-10-01", "Longitude": 27.660099, "Latitude": 24.877508 }, "geometry": { "type": "Point", "coordinates": [ 27.660099, 24.877508 ] } },
{ "type": "Feature", "properties": { "device_id": 375915.0, "UTC_datetime": "2025-10-01T12:13:59Z", "UTC_date": "2025-10-01", "Longitude": 27.265875, "Latitude": 24.578936 }, "geometry": { "type": "Point", "coordinates": [ 27.265875, 24.578936 ] } },
{ "type": "Feature", "properties": { "device_id": 375915.0, "UTC_datetime": "2025-10-01T13:13:33Z", "UTC_date": "2025-10-01", "Longitude": 26.951786, "Latitude": 24.289677 }, "geometry": { "type": "Point", "coordinates": [ 26.951786, 24.289677 ] } },
{ "type": "Feature", "properties": { "device_id": 375915.0, "UTC_datetime": "2025-10-01T14:13:43Z", "UTC_date": "2025-10-01", "Longitude": 26.559366, "Latitude": 23.842688 }, "geometry": { "type": "Point", "coordinates": [ 26.559366, 23.842688 ] } },
{ "type": "Feature", "properties": { "device_id": 375915.0, "UTC_datetime": "2025-10-02T07:13:32Z", "UTC_date": "2025-10-02", "Longitude": 26.116472, "Latitude": 23.344349 }, "geometry": { "type": "Point", "coordinates": [ 26.116472, 23.344349 ] } },
{ "type": "Feature", "properties": { "device_id": 375915.0, "UTC_datetime": "2025-10-02T08:13:58Z", "UTC_date": "2025-10-02", "Longitude": 26.013039, "Latitude": 23.105902 }, "geometry": { "type": "Point", "coordinates": [ 26.013039, 23.105902 ] } },
{ "type": "Feature", "properties": { "device_id": 375915.0, "UTC_datetime": "2025-10-02T09:13:32Z", "UTC_date": "2025-10-02", "Longitude": 25.860519, "Latitude": 22.837271 }, "geometry": { "type": "Point", "coordinates": [ 25.860519, 22.837271 ] } },
{ "type": "Feature", "properties": { "device_id": 375915.0, "UTC_datetime": "2025-10-02T10:13:59Z", "UTC_date": "2025-10-02", "Longitude": 25.687572, "Latitude": 22.540812 }, "geometry": { "type": "Point", "coordinates": [ 25.687572, 22.540812 ] } },
{ "type": "Feature", "properties": { "device_id": 375915.0, "UTC_datetime": "2025-10-02T11:13:32Z", "UTC_date": "2025-10-02", "Longitude": 25.476023, "Latitude": 22.240036 }, "geometry": { "type": "Point", "coordinates": [ 25.476023, 22.240036 ] } },
{ "type": "Feature", "properties": { "device_id": 375915.0, "UTC_datetime": "2025-10-02T12:14:05Z", "UTC_date": "2025-10-02", "Longitude": 25.189116, "Latitude": 21.881355 }, "geometry": { "type": "Point", "coordinates": [ 25.189116, 21.881355 ] } },
{ "type": "Feature", "properties": { "device_id": 375915.0, "UTC_datetime": "2025-10-02T13:13:31Z", "UTC_date": "2025-10-02", "Longitude": 24.911594, "Latitude": 21.554888 }, "geometry": { "type": "Point", "coordinates": [ 24.911594, 21.554888 ] } },
{ "type": "Feature", "properties": { "device_id": 375915.0, "UTC_datetime": "2025-10-02T14:13:32Z", "UTC_date": "2025-10-02", "Longitude": 24.621229, "Latitude": 21.166735 }, "geometry": { "type": "Point", "coordinates": [ 24.621229, 21.166735 ] } },
{ "type": "Feature", "properties": { "device_id": 375915.0, "UTC_datetime": "2025-10-03T07:14:05Z", "UTC_date": "2025-10-03", "Longitude": 24.147017, "Latitude": 20.448298 }, "geometry": { "type": "Point", "coordinates": [ 24.147017, 20.448298 ] } },
{ "type": "Feature", "properties": { "device_id": 375915.0, "UTC_datetime": "2025-10-03T08:13:32Z", "UTC_date": "2025-10-03", "Longitude": 23.947144, "Latitude": 20.193308 }, "geometry": { "type": "Point", "coordinates": [ 23.947144, 20.193308 ] } },
{ "type": "Feature", "properties": { "device_id": 375915.0, "UTC_datetime": "2025-10-03T09:13:32Z", "UTC_date": "2025-10-03", "Longitude": 23.742231, "Latitude": 19.902466 }, "geometry": { "type": "Point", "coordinates": [ 23.742231, 19.902466 ] } },
{ "type": "Feature", "properties": { "device_id": 375915.0, "UTC_datetime": "2025-10-03T10:14:04Z", "UTC_date": "2025-10-03", "Longitude": 23.518591, "Latitude": 19.596672 }, "geometry": { "type": "Point", "coordinates": [ 23.518591, 19.596672 ] } },
{ "type": "Feature", "properties": { "device_id": 375915.0, "UTC_datetime": "2025-10-03T11:13:32Z", "UTC_date": "2025-10-03", "Longitude": 23.229475, "Latitude": 19.22617 }, "geometry": { "type": "Point", "coordinates": [ 23.229475, 19.22617 ] } },
{ "type": "Feature", "properties": { "device_id": 375915.0, "UTC_datetime": "2025-10-03T12:13:33Z", "UTC_date": "2025-10-03", "Longitude": 22.941395, "Latitude": 18.754114 }, "geometry": { "type": "Point", "coordinates": [ 22.941395, 18.754114 ] } },
{ "type": "Feature", "properties": { "device_id": 375915.0, "UTC_datetime": "2025-10-03T13:13:35Z", "UTC_date": "2025-10-03", "Longitude": 22.630634, "Latitude": 18.321943 }, "geometry": { "type": "Point", "coordinates": [ 22.630634, 18.321943 ] } },
{ "type": "Feature", "properties": { "device_id": 375915.0, "UTC_datetime": "2025-10-03T14:14:05Z", "UTC_date": "2025-10-03", "Longitude": 22.395519, "Latitude": 17.985189 }, "geometry": { "type": "Point", "coordinates": [ 22.395519, 17.985189 ] } },
{ "type": "Feature", "properties": { "device_id": 375915.0, "UTC_datetime": "2025-10-04T07:13:36Z", "UTC_date": "2025-10-04", "Longitude": 21.992632, "Latitude": 17.731668 }, "geometry": { "type": "Point", "coordinates": [ 21.992632, 17.731668 ] } },
{ "type": "Feature", "properties": { "device_id": 375915.0, "UTC_datetime": "2025-10-04T08:13:36Z", "UTC_date": "2025-10-04", "Longitude": 21.684931, "Latitude": 17.729671 }, "geometry": { "type": "Point", "coordinates": [ 21.684931, 17.729671 ] } },
{ "type": "Feature", "properties": { "device_id": 375915.0, "UTC_datetime": "2025-10-04T09:13:35Z", "UTC_date": "2025-10-04", "Longitude": 21.521122, "Latitude": 17.598112 }, "geometry": { "type": "Point", "coordinates": [ 21.521122, 17.598112 ] } },
{ "type": "Feature", "properties": { "device_id": 375915.0, "UTC_datetime": "2025-10-04T10:14:04Z", "UTC_date": "2025-10-04", "Longitude": 21.342737, "Latitude": 17.400608 }, "geometry": { "type": "Point", "coordinates": [ 21.342737, 17.400608 ] } },
{ "type": "Feature", "properties": { "device_id": 375915.0, "UTC_datetime": "2025-10-04T11:13:34Z", "UTC_date": "2025-10-04", "Longitude": 21.234095, "Latitude": 17.136545 }, "geometry": { "type": "Point", "coordinates": [ 21.234095, 17.136545 ] } },
{ "type": "Feature", "properties": { "device_id": 375915.0, "UTC_datetime": "2025-10-04T12:13:33Z", "UTC_date": "2025-10-04", "Longitude": 21.019835, "Latitude": 16.862 }, "geometry": { "type": "Point", "coordinates": [ 21.019835, 16.862 ] } },
{ "type": "Feature", "properties": { "device_id": 375915.0, "UTC_datetime": "2025-10-04T13:13:35Z", "UTC_date": "2025-10-04", "Longitude": 20.674736, "Latitude": 16.57836 }, "geometry": { "type": "Point", "coordinates": [ 20.674736, 16.57836 ] } },
{ "type": "Feature", "properties": { "device_id": 375915.0, "UTC_datetime": "2025-10-04T14:14:08Z", "UTC_date": "2025-10-04", "Longitude": 20.364775, "Latitude": 16.223024 }, "geometry": { "type": "Point", "coordinates": [ 20.364775, 16.223024 ] } },
{ "type": "Feature", "properties": { "device_id": 375915.0, "UTC_datetime": "2025-10-05T07:13:36Z", "UTC_date": "2025-10-05", "Longitude": 19.89637, "Latitude": 15.939865 }, "geometry": { "type": "Point", "coordinates": [ 19.89637, 15.939865 ] } },
{ "type": "Feature", "properties": { "device_id": 375915.0, "UTC_datetime": "2025-10-05T08:13:36Z", "UTC_date": "2025-10-05", "Longitude": 19.633421, "Latitude": 15.860437 }, "geometry": { "type": "Point", "coordinates": [ 19.633421, 15.860437 ] } },
{ "type": "Feature", "properties": { "device_id": 375915.0, "UTC_datetime": "2025-10-05T09:13:35Z", "UTC_date": "2025-10-05", "Longitude": 19.469112, "Latitude": 15.699737 }, "geometry": { "type": "Point", "coordinates": [ 19.469112, 15.699737 ] } },
{ "type": "Feature", "properties": { "device_id": 375915.0, "UTC_datetime": "2025-10-05T10:14:04Z", "UTC_date": "2025-10-05", "Longitude": 19.35084, "Latitude": 15.547579 }, "geometry": { "type": "Point", "coordinates": [ 19.35084, 15.547579 ] } },
{ "type": "Feature", "properties": { "device_id": 375915.0, "UTC_datetime": "2025-10-05T11:13:35Z", "UTC_date": "2025-10-05", "Longitude": 19.281389, "Latitude": 15.347735 }, "geometry": { "type": "Point", "coordinates": [ 19.281389, 15.347735 ] } },
{ "type": "Feature", "properties": { "device_id": 375915.0, "UTC_datetime": "2025-10-05T12:13:37Z", "UTC_date": "2025-10-05", "Longitude": 19.124443, "Latitude": 15.282729 }, "geometry": { "type": "Point", "coordinates": [ 19.124443, 15.282729 ] } },
{ "type": "Feature", "properties": { "device_id": 375915.0, "UTC_datetime": "2025-10-05T13:13:37Z", "UTC_date": "2025-10-05", "Longitude": 18.956182, "Latitude": 15.160926 }, "geometry": { "type": "Point", "coordinates": [ 18.956182, 15.160926 ] } },
{ "type": "Feature", "properties": { "device_id": 375915.0, "UTC_datetime": "2025-10-05T14:14:04Z", "UTC_date": "2025-10-05", "Longitude": 18.796589, "Latitude": 15.078556 }, "geometry": { "type": "Point", "coordinates": [ 18.796589, 15.078556 ] } },
{ "type": "Feature", "properties": { "device_id": 375915.0, "UTC_datetime": "2025-10-06T07:14:05Z", "UTC_date": "2025-10-06", "Longitude": 18.359634, "Latitude": 14.92705 }, "geometry": { "type": "Point", "coordinates": [ 18.359634, 14.92705 ] } },
{ "type": "Feature", "properties": { "device_id": 375915.0, "UTC_datetime": "2025-10-06T08:13:36Z", "UTC_date": "2025-10-06", "Longitude": 18.319876, "Latitude": 14.858131 }, "geometry": { "type": "Point", "coordinates": [ 18.319876, 14.858131 ] } },
{ "type": "Feature", "properties": { "device_id": 375915.0, "UTC_datetime": "2025-10-06T09:13:38Z", "UTC_date": "2025-10-06", "Longitude": 18.335171, "Latitude": 14.608576 }, "geometry": { "type": "Point", "coordinates": [ 18.335171, 14.608576 ] } },
{ "type": "Feature", "properties": { "device_id": 375915.0, "UTC_datetime": "2025-10-06T10:14:04Z", "UTC_date": "2025-10-06", "Longitude": 18.183002, "Latitude": 14.477551 }, "geometry": { "type": "Point", "coordinates": [ 18.183002, 14.477551 ] } },
{ "type": "Feature", "properties": { "device_id": 375915.0, "UTC_datetime": "2025-10-06T11:13:37Z", "UTC_date": "2025-10-06", "Longitude": 18.052523, "Latitude": 14.422391 }, "geometry": { "type": "Point", "coordinates": [ 18.052523, 14.422391 ] } },
{ "type": "Feature", "properties": { "device_id": 375915.0, "UTC_datetime": "2025-10-06T12:13:38Z", "UTC_date": "2025-10-06", "Longitude": 17.969858, "Latitude": 14.358379 }, "geometry": { "type": "Point", "coordinates": [ 17.969858, 14.358379 ] } },
{ "type": "Feature", "properties": { "device_id": 375915.0, "UTC_datetime": "2025-10-06T13:13:39Z", "UTC_date": "2025-10-06", "Longitude": 17.821199, "Latitude": 14.329411 }, "geometry": { "type": "Point", "coordinates": [ 17.821199, 14.329411 ] } },
{ "type": "Feature", "properties": { "device_id": 375915.0, "UTC_datetime": "2025-10-06T14:14:04Z", "UTC_date": "2025-10-06", "Longitude": 17.649378, "Latitude": 14.310273 }, "geometry": { "type": "Point", "coordinates": [ 17.649378, 14.310273 ] } },
{ "type": "Feature", "properties": { "device_id": 375915.0, "UTC_datetime": "2025-10-07T07:13:37Z", "UTC_date": "2025-10-07", "Longitude": 17.30162, "Latitude": 14.172825 }, "geometry": { "type": "Point", "coordinates": [ 17.30162, 14.172825 ] } },
{ "type": "Feature", "properties": { "device_id": 375915.0, "UTC_datetime": "2025-10-07T08:13:40Z", "UTC_date": "2025-10-07", "Longitude": 17.277107, "Latitude": 14.247779 }, "geometry": { "type": "Point", "coordinates": [ 17.277107, 14.247779 ] } },
{ "type": "Feature", "properties": { "device_id": 375915.0, "UTC_datetime": "2025-10-07T09:13:40Z", "UTC_date": "2025-10-07", "Longitude": 17.180487, "Latitude": 14.356858 }, "geometry": { "type": "Point", "coordinates": [ 17.180487, 14.356858 ] } },
{ "type": "Feature", "properties": { "device_id": 375915.0, "UTC_datetime": "2025-10-07T10:14:15Z", "UTC_date": "2025-10-07", "Longitude": 17.268225, "Latitude": 14.431161 }, "geometry": { "type": "Point", "coordinates": [ 17.268225, 14.431161 ] } },
{ "type": "Feature", "properties": { "device_id": 375915.0, "UTC_datetime": "2025-10-07T11:13:39Z", "UTC_date": "2025-10-07", "Longitude": 17.29401, "Latitude": 14.424537 }, "geometry": { "type": "Point", "coordinates": [ 17.29401, 14.424537 ] } },
{ "type": "Feature", "properties": { "device_id": 375915.0, "UTC_datetime": "2025-10-07T12:14:05Z", "UTC_date": "2025-10-07", "Longitude": 17.354519, "Latitude": 14.344054 }, "geometry": { "type": "Point", "coordinates": [ 17.354519, 14.344054 ] } },
{ "type": "Feature", "properties": { "device_id": 375915.0, "UTC_datetime": "2025-10-07T13:13:38Z", "UTC_date": "2025-10-07", "Longitude": 17.402328, "Latitude": 14.152359 }, "geometry": { "type": "Point", "coordinates": [ 17.402328, 14.152359 ] } },
{ "type": "Feature", "properties": { "device_id": 375915.0, "UTC_datetime": "2025-10-07T14:13:39Z", "UTC_date": "2025-10-07", "Longitude": 17.215714, "Latitude": 13.987537 }, "geometry": { "type": "Point", "coordinates": [ 17.215714, 13.987537 ] } },
{ "type": "Feature", "properties": { "device_id": 375915.0, "UTC_datetime": "2025-10-08T07:14:05Z", "UTC_date": "2025-10-08", "Longitude": 16.917599, "Latitude": 13.590086 }, "geometry": { "type": "Point", "coordinates": [ 16.917599, 13.590086 ] } },
{ "type": "Feature", "properties": { "device_id": 375915.0, "UTC_datetime": "2025-10-08T08:14:05Z", "UTC_date": "2025-10-08", "Longitude": 17.1264, "Latitude": 13.698311 }, "geometry": { "type": "Point", "coordinates": [ 17.1264, 13.698311 ] } },
{ "type": "Feature", "properties": { "device_id": 375915.0, "UTC_datetime": "2025-10-08T09:13:41Z", "UTC_date": "2025-10-08", "Longitude": 17.334373, "Latitude": 13.94194 }, "geometry": { "type": "Point", "coordinates": [ 17.334373, 13.94194 ] } },
{ "type": "Feature", "properties": { "device_id": 375915.0, "UTC_datetime": "2025-10-08T10:13:40Z", "UTC_date": "2025-10-08", "Longitude": 17.365175, "Latitude": 14.216483 }, "geometry": { "type": "Point", "coordinates": [ 17.365175, 14.216483 ] } },
{ "type": "Feature", "properties": { "device_id": 375915.0, "UTC_datetime": "2025-10-08T11:14:05Z", "UTC_date": "2025-10-08", "Longitude": 17.436497, "Latitude": 14.431215 }, "geometry": { "type": "Point", "coordinates": [ 17.436497, 14.431215 ] } },
{ "type": "Feature", "properties": { "device_id": 375915.0, "UTC_datetime": "2025-10-08T12:13:40Z", "UTC_date": "2025-10-08", "Longitude": 17.660341, "Latitude": 14.620477 }, "geometry": { "type": "Point", "coordinates": [ 17.660341, 14.620477 ] } },
{ "type": "Feature", "properties": { "device_id": 375915.0, "UTC_datetime": "2025-10-08T13:13:41Z", "UTC_date": "2025-10-08", "Longitude": 17.824488, "Latitude": 14.793146 }, "geometry": { "type": "Point", "coordinates": [ 17.824488, 14.793146 ] } },
{ "type": "Feature", "properties": { "device_id": 375915.0, "UTC_datetime": "2025-10-08T14:14:04Z", "UTC_date": "2025-10-08", "Longitude": 17.802332, "Latitude": 14.947011 }, "geometry": { "type": "Point", "coordinates": [ 17.802332, 14.947011 ] } },
{ "type": "Feature", "properties": { "device_id": 375915.0, "UTC_datetime": "2025-10-09T07:14:05Z", "UTC_date": "2025-10-09", "Longitude": 17.778728, "Latitude": 14.987404 }, "geometry": { "type": "Point", "coordinates": [ 17.778728, 14.987404 ] } },
{ "type": "Feature", "properties": { "device_id": 375915.0, "UTC_datetime": "2025-10-09T08:13:41Z", "UTC_date": "2025-10-09", "Longitude": 17.954456, "Latitude": 15.043448 }, "geometry": { "type": "Point", "coordinates": [ 17.954456, 15.043448 ] } },
{ "type": "Feature", "properties": { "device_id": 375915.0, "UTC_datetime": "2025-10-09T09:13:44Z", "UTC_date": "2025-10-09", "Longitude": 18.198879, "Latitude": 15.00165 }, "geometry": { "type": "Point", "coordinates": [ 18.198879, 15.00165 ] } },
{ "type": "Feature", "properties": { "device_id": 375915.0, "UTC_datetime": "2025-10-09T10:14:04Z", "UTC_date": "2025-10-09", "Longitude": 18.404774, "Latitude": 14.898558 }, "geometry": { "type": "Point", "coordinates": [ 18.404774, 14.898558 ] } },
{ "type": "Feature", "properties": { "device_id": 375915.0, "UTC_datetime": "2025-10-09T11:13:41Z", "UTC_date": "2025-10-09", "Longitude": 18.414934, "Latitude": 14.889539 }, "geometry": { "type": "Point", "coordinates": [ 18.414934, 14.889539 ] } },
{ "type": "Feature", "properties": { "device_id": 375915.0, "UTC_datetime": "2025-10-09T12:13:42Z", "UTC_date": "2025-10-09", "Longitude": 18.423626, "Latitude": 14.904875 }, "geometry": { "type": "Point", "coordinates": [ 18.423626, 14.904875 ] } },
{ "type": "Feature", "properties": { "device_id": 375915.0, "UTC_datetime": "2025-10-09T13:13:47Z", "UTC_date": "2025-10-09", "Longitude": 18.473652, "Latitude": 14.916208 }, "geometry": { "type": "Point", "coordinates": [ 18.473652, 14.916208 ] } },
{ "type": "Feature", "properties": { "device_id": 375915.0, "UTC_datetime": "2025-10-09T14:14:04Z", "UTC_date": "2025-10-09", "Longitude": 18.430309, "Latitude": 14.934913 }, "geometry": { "type": "Point", "coordinates": [ 18.430309, 14.934913 ] } },
{ "type": "Feature", "properties": { "device_id": 375915.0, "UTC_datetime": "2025-10-10T07:14:05Z", "UTC_date": "2025-10-10", "Longitude": 18.355671, "Latitude": 14.871795 }, "geometry": { "type": "Point", "coordinates": [ 18.355671, 14.871795 ] } },
{ "type": "Feature", "properties": { "device_id": 375915.0, "UTC_datetime": "2025-10-10T08:13:42Z", "UTC_date": "2025-10-10", "Longitude": 18.384853, "Latitude": 14.872064 }, "geometry": { "type": "Point", "coordinates": [ 18.384853, 14.872064 ] } },
{ "type": "Feature", "properties": { "device_id": 375915.0, "UTC_datetime": "2025-10-10T09:13:44Z", "UTC_date": "2025-10-10", "Longitude": 18.476212, "Latitude": 14.933616 }, "geometry": { "type": "Point", "coordinates": [ 18.476212, 14.933616 ] } },
{ "type": "Feature", "properties": { "device_id": 375915.0, "UTC_datetime": "2025-10-10T10:14:04Z", "UTC_date": "2025-10-10", "Longitude": 18.411146, "Latitude": 14.873745 }, "geometry": { "type": "Point", "coordinates": [ 18.411146, 14.873745 ] } },
{ "type": "Feature", "properties": { "device_id": 375915.0, "UTC_datetime": "2025-10-10T11:13:42Z", "UTC_date": "2025-10-10", "Longitude": 18.421194, "Latitude": 14.942531 }, "geometry": { "type": "Point", "coordinates": [ 18.421194, 14.942531 ] } },
{ "type": "Feature", "properties": { "device_id": 375915.0, "UTC_datetime": "2025-10-10T12:13:42Z", "UTC_date": "2025-10-10", "Longitude": 18.411039, "Latitude": 14.934577 }, "geometry": { "type": "Point", "coordinates": [ 18.411039, 14.934577 ] } },
{ "type": "Feature", "properties": { "device_id": 375915.0, "UTC_datetime": "2025-10-10T13:13:44Z", "UTC_date": "2025-10-10", "Longitude": 18.393993, "Latitude": 14.903958 }, "geometry": { "type": "Point", "coordinates": [ 18.393993, 14.903958 ] } },
{ "type": "Feature", "properties": { "device_id": 375915.0, "UTC_datetime": "2025-10-10T14:14:04Z", "UTC_date": "2025-10-10", "Longitude": 18.421328, "Latitude": 14.929113 }, "geometry": { "type": "Point", "coordinates": [ 18.421328, 14.929113 ] } },
{ "type": "Feature", "properties": { "device_id": 375915.0, "UTC_datetime": "2025-10-11T07:13:45Z", "UTC_date": "2025-10-11", "Longitude": 18.353472, "Latitude": 14.875586 }, "geometry": { "type": "Point", "coordinates": [ 18.353472, 14.875586 ] } },
{ "type": "Feature", "properties": { "device_id": 375915.0, "UTC_datetime": "2025-10-11T08:14:05Z", "UTC_date": "2025-10-11", "Longitude": 18.353474, "Latitude": 14.875604 }, "geometry": { "type": "Point", "coordinates": [ 18.353474, 14.875604 ] } },
{ "type": "Feature", "properties": { "device_id": 375915.0, "UTC_datetime": "2025-10-11T09:13:44Z", "UTC_date": "2025-10-11", "Longitude": 18.349087, "Latitude": 14.874013 }, "geometry": { "type": "Point", "coordinates": [ 18.349087, 14.874013 ] } },
{ "type": "Feature", "properties": { "device_id": 375915.0, "UTC_datetime": "2025-10-11T10:14:04Z", "UTC_date": "2025-10-11", "Longitude": 18.428806, "Latitude": 14.904554 }, "geometry": { "type": "Point", "coordinates": [ 18.428806, 14.904554 ] } },
{ "type": "Feature", "properties": { "device_id": 375915.0, "UTC_datetime": "2025-10-11T11:13:44Z", "UTC_date": "2025-10-11", "Longitude": 18.415888, "Latitude": 14.912479 }, "geometry": { "type": "Point", "coordinates": [ 18.415888, 14.912479 ] } },
{ "type": "Feature", "properties": { "device_id": 375915.0, "UTC_datetime": "2025-10-11T12:13:44Z", "UTC_date": "2025-10-11", "Longitude": 18.393482, "Latitude": 14.857345 }, "geometry": { "type": "Point", "coordinates": [ 18.393482, 14.857345 ] } },
{ "type": "Feature", "properties": { "device_id": 375915.0, "UTC_datetime": "2025-10-11T13:13:44Z", "UTC_date": "2025-10-11", "Longitude": 18.408327, "Latitude": 14.761602 }, "geometry": { "type": "Point", "coordinates": [ 18.408327, 14.761602 ] } },
{ "type": "Feature", "properties": { "device_id": 375915.0, "UTC_datetime": "2025-10-11T14:14:04Z", "UTC_date": "2025-10-11", "Longitude": 18.405949, "Latitude": 14.844187 }, "geometry": { "type": "Point", "coordinates": [ 18.405949, 14.844187 ] } },
{ "type": "Feature", "properties": { "device_id": 375915.0, "UTC_datetime": "2025-10-12T07:15:43Z", "UTC_date": "2025-10-12", "Longitude": 18.366714, "Latitude": 14.753994 }, "geometry": { "type": "Point", "coordinates": [ 18.366714, 14.753994 ] } },
{ "type": "Feature", "properties": { "device_id": 375915.0, "UTC_datetime": "2025-10-12T08:15:23Z", "UTC_date": "2025-10-12", "Longitude": 18.393007, "Latitude": 14.857798 }, "geometry": { "type": "Point", "coordinates": [ 18.393007, 14.857798 ] } },
{ "type": "Feature", "properties": { "device_id": 375915.0, "UTC_datetime": "2025-10-12T09:15:42Z", "UTC_date": "2025-10-12", "Longitude": 18.40712, "Latitude": 14.920523 }, "geometry": { "type": "Point", "coordinates": [ 18.40712, 14.920523 ] } },
{ "type": "Feature", "properties": { "device_id": 375915.0, "UTC_datetime": "2025-10-12T10:15:24Z", "UTC_date": "2025-10-12", "Longitude": 18.384487, "Latitude": 14.909039 }, "geometry": { "type": "Point", "coordinates": [ 18.384487, 14.909039 ] } },
{ "type": "Feature", "properties": { "device_id": 375915.0, "UTC_datetime": "2025-10-12T11:15:44Z", "UTC_date": "2025-10-12", "Longitude": 18.520983, "Latitude": 14.924376 }, "geometry": { "type": "Point", "coordinates": [ 18.520983, 14.924376 ] } },
{ "type": "Feature", "properties": { "device_id": 375915.0, "UTC_datetime": "2025-10-12T12:15:25Z", "UTC_date": "2025-10-12", "Longitude": 18.617134, "Latitude": 14.970179 }, "geometry": { "type": "Point", "coordinates": [ 18.617134, 14.970179 ] } },
{ "type": "Feature", "properties": { "device_id": 375915.0, "UTC_datetime": "2025-10-12T13:15:43Z", "UTC_date": "2025-10-12", "Longitude": 18.530359, "Latitude": 14.939055 }, "geometry": { "type": "Point", "coordinates": [ 18.530359, 14.939055 ] } },
{ "type": "Feature", "properties": { "device_id": 375915.0, "UTC_datetime": "2025-10-13T07:15:53Z", "UTC_date": "2025-10-13", "Longitude": 18.150423, "Latitude": 14.580154 }, "geometry": { "type": "Point", "coordinates": [ 18.150423, 14.580154 ] } },
{ "type": "Feature", "properties": { "device_id": 375915.0, "UTC_datetime": "2025-10-13T08:15:24Z", "UTC_date": "2025-10-13", "Longitude": 17.883781, "Latitude": 14.448834 }, "geometry": { "type": "Point", "coordinates": [ 17.883781, 14.448834 ] } },
{ "type": "Feature", "properties": { "device_id": 375915.0, "UTC_datetime": "2025-10-13T09:15:24Z", "UTC_date": "2025-10-13", "Longitude": 17.737143, "Latitude": 14.34827 }, "geometry": { "type": "Point", "coordinates": [ 17.737143, 14.34827 ] } },
{ "type": "Feature", "properties": { "device_id": 375915.0, "UTC_datetime": "2025-10-13T10:15:59Z", "UTC_date": "2025-10-13", "Longitude": 17.80036, "Latitude": 14.327056 }, "geometry": { "type": "Point", "coordinates": [ 17.80036, 14.327056 ] } },
{ "type": "Feature", "properties": { "device_id": 375915.0, "UTC_datetime": "2025-10-13T11:15:24Z", "UTC_date": "2025-10-13", "Longitude": 17.856977, "Latitude": 14.371961 }, "geometry": { "type": "Point", "coordinates": [ 17.856977, 14.371961 ] } },
{ "type": "Feature", "properties": { "device_id": 375915.0, "UTC_datetime": "2025-10-13T12:15:24Z", "UTC_date": "2025-10-13", "Longitude": 18.034508, "Latitude": 14.424138 }, "geometry": { "type": "Point", "coordinates": [ 18.034508, 14.424138 ] } },
{ "type": "Feature", "properties": { "device_id": 375915.0, "UTC_datetime": "2025-10-13T13:15:53Z", "UTC_date": "2025-10-13", "Longitude": 18.076216, "Latitude": 14.437131 }, "geometry": { "type": "Point", "coordinates": [ 18.076216, 14.437131 ] } },
{ "type": "Feature", "properties": { "device_id": 375915.0, "UTC_datetime": "2025-10-13T14:15:31Z", "UTC_date": "2025-10-13", "Longitude": 18.123716, "Latitude": 14.608988 }, "geometry": { "type": "Point", "coordinates": [ 18.123716, 14.608988 ] } },
{ "type": "Feature", "properties": { "device_id": 375915.0, "UTC_datetime": "2025-10-14T07:15:25Z", "UTC_date": "2025-10-14", "Longitude": 18.016092, "Latitude": 14.372872 }, "geometry": { "type": "Point", "coordinates": [ 18.016092, 14.372872 ] } },
{ "type": "Feature", "properties": { "device_id": 375915.0, "UTC_datetime": "2025-10-14T08:15:27Z", "UTC_date": "2025-10-14", "Longitude": 17.903795, "Latitude": 14.419654 }, "geometry": { "type": "Point", "coordinates": [ 17.903795, 14.419654 ] } },
{ "type": "Feature", "properties": { "device_id": 375915.0, "UTC_datetime": "2025-10-14T09:15:28Z", "UTC_date": "2025-10-14", "Longitude": 17.927217, "Latitude": 14.403036 }, "geometry": { "type": "Point", "coordinates": [ 17.927217, 14.403036 ] } },
{ "type": "Feature", "properties": { "device_id": 375915.0, "UTC_datetime": "2025-10-14T10:15:59Z", "UTC_date": "2025-10-14", "Longitude": 17.960567, "Latitude": 14.410563 }, "geometry": { "type": "Point", "coordinates": [ 17.960567, 14.410563 ] } },
{ "type": "Feature", "properties": { "device_id": 375915.0, "UTC_datetime": "2025-10-14T11:15:25Z", "UTC_date": "2025-10-14", "Longitude": 18.029869, "Latitude": 14.389732 }, "geometry": { "type": "Point", "coordinates": [ 18.029869, 14.389732 ] } },
{ "type": "Feature", "properties": { "device_id": 375915.0, "UTC_datetime": "2025-10-14T12:15:25Z", "UTC_date": "2025-10-14", "Longitude": 18.143501, "Latitude": 14.462305 }, "geometry": { "type": "Point", "coordinates": [ 18.143501, 14.462305 ] } },
{ "type": "Feature", "properties": { "device_id": 375915.0, "UTC_datetime": "2025-10-14T13:15:29Z", "UTC_date": "2025-10-14", "Longitude": 18.211279, "Latitude": 14.534921 }, "geometry": { "type": "Point", "coordinates": [ 18.211279, 14.534921 ] } },
{ "type": "Feature", "properties": { "device_id": 375915.0, "UTC_datetime": "2025-10-14T14:15:58Z", "UTC_date": "2025-10-14", "Longitude": 18.211779, "Latitude": 14.727264 }, "geometry": { "type": "Point", "coordinates": [ 18.211779, 14.727264 ] } },
{ "type": "Feature", "properties": { "device_id": 375915.0, "UTC_datetime": "2025-10-15T07:15:26Z", "UTC_date": "2025-10-15", "Longitude": 17.932137, "Latitude": 14.350175 }, "geometry": { "type": "Point", "coordinates": [ 17.932137, 14.350175 ] } },
{ "type": "Feature", "properties": { "device_id": 375915.0, "UTC_datetime": "2025-10-15T08:15:27Z", "UTC_date": "2025-10-15", "Longitude": 17.819069, "Latitude": 14.281507 }, "geometry": { "type": "Point", "coordinates": [ 17.819069, 14.281507 ] } },
{ "type": "Feature", "properties": { "device_id": 375915.0, "UTC_datetime": "2025-10-15T09:15:26Z", "UTC_date": "2025-10-15", "Longitude": 17.832014, "Latitude": 14.312795 }, "geometry": { "type": "Point", "coordinates": [ 17.832014, 14.312795 ] } },
{ "type": "Feature", "properties": { "device_id": 375915.0, "UTC_datetime": "2025-10-15T10:15:58Z", "UTC_date": "2025-10-15", "Longitude": 17.829115, "Latitude": 14.311614 }, "geometry": { "type": "Point", "coordinates": [ 17.829115, 14.311614 ] } },
{ "type": "Feature", "properties": { "device_id": 375915.0, "UTC_datetime": "2025-10-15T11:15:27Z", "UTC_date": "2025-10-15", "Longitude": 17.844454, "Latitude": 14.310107 }, "geometry": { "type": "Point", "coordinates": [ 17.844454, 14.310107 ] } },
{ "type": "Feature", "properties": { "device_id": 375915.0, "UTC_datetime": "2025-10-15T12:15:27Z", "UTC_date": "2025-10-15", "Longitude": 17.837696, "Latitude": 14.32584 }, "geometry": { "type": "Point", "coordinates": [ 17.837696, 14.32584 ] } },
{ "type": "Feature", "properties": { "device_id": 375915.0, "UTC_datetime": "2025-10-15T13:15:43Z", "UTC_date": "2025-10-15", "Longitude": 17.855726, "Latitude": 14.304404 }, "geometry": { "type": "Point", "coordinates": [ 17.855726, 14.304404 ] } },
{ "type": "Feature", "properties": { "device_id": 375915.0, "UTC_datetime": "2025-10-16T07:15:43Z", "UTC_date": "2025-10-16", "Longitude": 17.75279, "Latitude": 14.224809 }, "geometry": { "type": "Point", "coordinates": [ 17.75279, 14.224809 ] } },
{ "type": "Feature", "properties": { "device_id": 375915.0, "UTC_datetime": "2025-10-16T08:15:43Z", "UTC_date": "2025-10-16", "Longitude": 17.824009, "Latitude": 14.291959 }, "geometry": { "type": "Point", "coordinates": [ 17.824009, 14.291959 ] } },
{ "type": "Feature", "properties": { "device_id": 375915.0, "UTC_datetime": "2025-10-16T09:15:30Z", "UTC_date": "2025-10-16", "Longitude": 17.810719, "Latitude": 14.363034 }, "geometry": { "type": "Point", "coordinates": [ 17.810719, 14.363034 ] } },
{ "type": "Feature", "properties": { "device_id": 375915.0, "UTC_datetime": "2025-10-16T10:16:05Z", "UTC_date": "2025-10-16", "Longitude": 17.782692, "Latitude": 14.376223 }, "geometry": { "type": "Point", "coordinates": [ 17.782692, 14.376223 ] } },
{ "type": "Feature", "properties": { "device_id": 375915.0, "UTC_datetime": "2025-10-16T11:15:28Z", "UTC_date": "2025-10-16", "Longitude": 17.786793, "Latitude": 14.387866 }, "geometry": { "type": "Point", "coordinates": [ 17.786793, 14.387866 ] } },
{ "type": "Feature", "properties": { "device_id": 375915.0, "UTC_datetime": "2025-10-16T12:15:29Z", "UTC_date": "2025-10-16", "Longitude": 17.782207, "Latitude": 14.392935 }, "geometry": { "type": "Point", "coordinates": [ 17.782207, 14.392935 ] } },
{ "type": "Feature", "properties": { "device_id": 375915.0, "UTC_datetime": "2025-10-16T13:15:35Z", "UTC_date": "2025-10-16", "Longitude": 17.780643, "Latitude": 14.390866 }, "geometry": { "type": "Point", "coordinates": [ 17.780643, 14.390866 ] } },
{ "type": "Feature", "properties": { "device_id": 375915.0, "UTC_datetime": "2025-10-16T14:15:59Z", "UTC_date": "2025-10-16", "Longitude": 17.794794, "Latitude": 14.386173 }, "geometry": { "type": "Point", "coordinates": [ 17.794794, 14.386173 ] } },
{ "type": "Feature", "properties": { "device_id": 375915.0, "UTC_datetime": "2025-10-17T07:15:29Z", "UTC_date": "2025-10-17", "Longitude": 17.784378, "Latitude": 14.316655 }, "geometry": { "type": "Point", "coordinates": [ 17.784378, 14.316655 ] } },
{ "type": "Feature", "properties": { "device_id": 375915.0, "UTC_datetime": "2025-10-17T08:15:32Z", "UTC_date": "2025-10-17", "Longitude": 17.78891, "Latitude": 14.395391 }, "geometry": { "type": "Point", "coordinates": [ 17.78891, 14.395391 ] } },
{ "type": "Feature", "properties": { "device_id": 375915.0, "UTC_datetime": "2025-10-17T09:15:43Z", "UTC_date": "2025-10-17", "Longitude": 17.790813, "Latitude": 14.381185 }, "geometry": { "type": "Point", "coordinates": [ 17.790813, 14.381185 ] } },
{ "type": "Feature", "properties": { "device_id": 375915.0, "UTC_datetime": "2025-10-17T10:15:58Z", "UTC_date": "2025-10-17", "Longitude": 17.788464, "Latitude": 14.3863 }, "geometry": { "type": "Point", "coordinates": [ 17.788464, 14.3863 ] } },
{ "type": "Feature", "properties": { "device_id": 375915.0, "UTC_datetime": "2025-10-17T11:15:31Z", "UTC_date": "2025-10-17", "Longitude": 17.788641, "Latitude": 14.382462 }, "geometry": { "type": "Point", "coordinates": [ 17.788641, 14.382462 ] } },
{ "type": "Feature", "properties": { "device_id": 375915.0, "UTC_datetime": "2025-10-17T12:15:43Z", "UTC_date": "2025-10-17", "Longitude": 17.787676, "Latitude": 14.387697 }, "geometry": { "type": "Point", "coordinates": [ 17.787676, 14.387697 ] } },
{ "type": "Feature", "properties": { "device_id": 375915.0, "UTC_datetime": "2025-10-17T13:15:59Z", "UTC_date": "2025-10-17", "Longitude": 17.788906, "Latitude": 14.386818 }, "geometry": { "type": "Point", "coordinates": [ 17.788906, 14.386818 ] } },
{ "type": "Feature", "properties": { "device_id": 375915.0, "UTC_datetime": "2025-10-17T14:15:30Z", "UTC_date": "2025-10-17", "Longitude": 17.801079, "Latitude": 14.36931 }, "geometry": { "type": "Point", "coordinates": [ 17.801079, 14.36931 ] } },
{ "type": "Feature", "properties": { "device_id": 375915.0, "UTC_datetime": "2025-10-18T07:15:43Z", "UTC_date": "2025-10-18", "Longitude": 17.837637, "Latitude": 14.308422 }, "geometry": { "type": "Point", "coordinates": [ 17.837637, 14.308422 ] } },
{ "type": "Feature", "properties": { "device_id": 375915.0, "UTC_datetime": "2025-10-18T08:15:33Z", "UTC_date": "2025-10-18", "Longitude": 17.790073, "Latitude": 14.38768 }, "geometry": { "type": "Point", "coordinates": [ 17.790073, 14.38768 ] } },
{ "type": "Feature", "properties": { "device_id": 375915.0, "UTC_datetime": "2025-10-18T09:16:05Z", "UTC_date": "2025-10-18", "Longitude": 17.787649, "Latitude": 14.392695 }, "geometry": { "type": "Point", "coordinates": [ 17.787649, 14.392695 ] } },
{ "type": "Feature", "properties": { "device_id": 375915.0, "UTC_datetime": "2025-10-18T10:15:33Z", "UTC_date": "2025-10-18", "Longitude": 17.791578, "Latitude": 14.377849 }, "geometry": { "type": "Point", "coordinates": [ 17.791578, 14.377849 ] } },
{ "type": "Feature", "properties": { "device_id": 375915.0, "UTC_datetime": "2025-10-18T11:15:31Z", "UTC_date": "2025-10-18", "Longitude": 17.792707, "Latitude": 14.38119 }, "geometry": { "type": "Point", "coordinates": [ 17.792707, 14.38119 ] } },
{ "type": "Feature", "properties": { "device_id": 375915.0, "UTC_datetime": "2025-10-18T12:16:04Z", "UTC_date": "2025-10-18", "Longitude": 17.79656, "Latitude": 14.386346 }, "geometry": { "type": "Point", "coordinates": [ 17.79656, 14.386346 ] } },
{ "type": "Feature", "properties": { "device_id": 375915.0, "UTC_datetime": "2025-10-18T13:15:31Z", "UTC_date": "2025-10-18", "Longitude": 17.78532, "Latitude": 14.389809 }, "geometry": { "type": "Point", "coordinates": [ 17.78532, 14.389809 ] } },
{ "type": "Feature", "properties": { "device_id": 375915.0, "UTC_datetime": "2025-10-18T14:15:34Z", "UTC_date": "2025-10-18", "Longitude": 17.789776, "Latitude": 14.39617 }, "geometry": { "type": "Point", "coordinates": [ 17.789776, 14.39617 ] } },
{ "type": "Feature", "properties": { "device_id": 375915.0, "UTC_datetime": "2025-10-19T07:15:33Z", "UTC_date": "2025-10-19", "Longitude": 17.826647, "Latitude": 14.300737 }, "geometry": { "type": "Point", "coordinates": [ 17.826647, 14.300737 ] } },
{ "type": "Feature", "properties": { "device_id": 375915.0, "UTC_datetime": "2025-10-19T08:15:42Z", "UTC_date": "2025-10-19", "Longitude": 17.730217, "Latitude": 14.333111 }, "geometry": { "type": "Point", "coordinates": [ 17.730217, 14.333111 ] } },
{ "type": "Feature", "properties": { "device_id": 375915.0, "UTC_datetime": "2025-10-19T09:15:36Z", "UTC_date": "2025-10-19", "Longitude": 17.722633, "Latitude": 14.347583 }, "geometry": { "type": "Point", "coordinates": [ 17.722633, 14.347583 ] } },
{ "type": "Feature", "properties": { "device_id": 375915.0, "UTC_datetime": "2025-10-19T10:16:04Z", "UTC_date": "2025-10-19", "Longitude": 17.722677, "Latitude": 14.347506 }, "geometry": { "type": "Point", "coordinates": [ 17.722677, 14.347506 ] } },
{ "type": "Feature", "properties": { "device_id": 375915.0, "UTC_datetime": "2025-10-19T11:15:33Z", "UTC_date": "2025-10-19", "Longitude": 17.803801, "Latitude": 14.39832 }, "geometry": { "type": "Point", "coordinates": [ 17.803801, 14.39832 ] } },
{ "type": "Feature", "properties": { "device_id": 375915.0, "UTC_datetime": "2025-10-19T12:15:33Z", "UTC_date": "2025-10-19", "Longitude": 17.911655, "Latitude": 14.438496 }, "geometry": { "type": "Point", "coordinates": [ 17.911655, 14.438496 ] } },
{ "type": "Feature", "properties": { "device_id": 375915.0, "UTC_datetime": "2025-10-19T13:15:34Z", "UTC_date": "2025-10-19", "Longitude": 17.825174, "Latitude": 14.344384 }, "geometry": { "type": "Point", "coordinates": [ 17.825174, 14.344384 ] } },
{ "type": "Feature", "properties": { "device_id": 375915.0, "UTC_datetime": "2025-10-19T14:16:05Z", "UTC_date": "2025-10-19", "Longitude": 17.793304, "Latitude": 14.378317 }, "geometry": { "type": "Point", "coordinates": [ 17.793304, 14.378317 ] } },
{ "type": "Feature", "properties": { "device_id": 375915.0, "UTC_datetime": "2025-10-20T07:15:35Z", "UTC_date": "2025-10-20", "Longitude": 17.85586, "Latitude": 14.317681 }, "geometry": { "type": "Point", "coordinates": [ 17.85586, 14.317681 ] } },
{ "type": "Feature", "properties": { "device_id": 375915.0, "UTC_datetime": "2025-10-20T08:15:34Z", "UTC_date": "2025-10-20", "Longitude": 17.911024, "Latitude": 14.340056 }, "geometry": { "type": "Point", "coordinates": [ 17.911024, 14.340056 ] } },
{ "type": "Feature", "properties": { "device_id": 375915.0, "UTC_datetime": "2025-10-20T09:15:35Z", "UTC_date": "2025-10-20", "Longitude": 17.877123, "Latitude": 14.340343 }, "geometry": { "type": "Point", "coordinates": [ 17.877123, 14.340343 ] } },
{ "type": "Feature", "properties": { "device_id": 375915.0, "UTC_datetime": "2025-10-20T10:16:04Z", "UTC_date": "2025-10-20", "Longitude": 17.837946, "Latitude": 14.311403 }, "geometry": { "type": "Point", "coordinates": [ 17.837946, 14.311403 ] } },
{ "type": "Feature", "properties": { "device_id": 375915.0, "UTC_datetime": "2025-10-20T11:15:34Z", "UTC_date": "2025-10-20", "Longitude": 17.809769, "Latitude": 14.35632 }, "geometry": { "type": "Point", "coordinates": [ 17.809769, 14.35632 ] } },
{ "type": "Feature", "properties": { "device_id": 375915.0, "UTC_datetime": "2025-10-20T12:15:34Z", "UTC_date": "2025-10-20", "Longitude": 17.83213, "Latitude": 14.335016 }, "geometry": { "type": "Point", "coordinates": [ 17.83213, 14.335016 ] } },
{ "type": "Feature", "properties": { "device_id": 375915.0, "UTC_datetime": "2025-10-20T13:15:37Z", "UTC_date": "2025-10-20", "Longitude": 17.789661, "Latitude": 14.393625 }, "geometry": { "type": "Point", "coordinates": [ 17.789661, 14.393625 ] } },
{ "type": "Feature", "properties": { "device_id": 375915.0, "UTC_datetime": "2025-10-20T14:16:04Z", "UTC_date": "2025-10-20", "Longitude": 17.778711, "Latitude": 14.393385 }, "geometry": { "type": "Point", "coordinates": [ 17.778711, 14.393385 ] } },
{ "type": "Feature", "properties": { "device_id": 375915.0, "UTC_datetime": "2025-10-21T07:15:37Z", "UTC_date": "2025-10-21", "Longitude": 17.735979, "Latitude": 14.535376 }, "geometry": { "type": "Point", "coordinates": [ 17.735979, 14.535376 ] } },
{ "type": "Feature", "properties": { "device_id": 375915.0, "UTC_datetime": "2025-10-21T08:16:04Z", "UTC_date": "2025-10-21", "Longitude": 17.783466, "Latitude": 14.623507 }, "geometry": { "type": "Point", "coordinates": [ 17.783466, 14.623507 ] } },
{ "type": "Feature", "properties": { "device_id": 375915.0, "UTC_datetime": "2025-10-21T09:15:36Z", "UTC_date": "2025-10-21", "Longitude": 17.795454, "Latitude": 14.517783 }, "geometry": { "type": "Point", "coordinates": [ 17.795454, 14.517783 ] } },
{ "type": "Feature", "properties": { "device_id": 375915.0, "UTC_datetime": "2025-10-21T10:16:04Z", "UTC_date": "2025-10-21", "Longitude": 17.789038, "Latitude": 14.379307 }, "geometry": { "type": "Point", "coordinates": [ 17.789038, 14.379307 ] } },
{ "type": "Feature", "properties": { "device_id": 375915.0, "UTC_datetime": "2025-10-21T11:15:46Z", "UTC_date": "2025-10-21", "Longitude": 17.78614, "Latitude": 14.386895 }, "geometry": { "type": "Point", "coordinates": [ 17.78614, 14.386895 ] } },
{ "type": "Feature", "properties": { "device_id": 375915.0, "UTC_datetime": "2025-10-21T12:15:35Z", "UTC_date": "2025-10-21", "Longitude": 17.79623, "Latitude": 14.372715 }, "geometry": { "type": "Point", "coordinates": [ 17.79623, 14.372715 ] } },
{ "type": "Feature", "properties": { "device_id": 375915.0, "UTC_datetime": "2025-10-21T13:15:36Z", "UTC_date": "2025-10-21", "Longitude": 17.785664, "Latitude": 14.38684 }, "geometry": { "type": "Point", "coordinates": [ 17.785664, 14.38684 ] } },
{ "type": "Feature", "properties": { "device_id": 375915.0, "UTC_datetime": "2025-10-21T14:16:04Z", "UTC_date": "2025-10-21", "Longitude": 17.803511, "Latitude": 14.371847 }, "geometry": { "type": "Point", "coordinates": [ 17.803511, 14.371847 ] } },
{ "type": "Feature", "properties": { "device_id": 375915.0, "UTC_datetime": "2025-10-22T07:15:37Z", "UTC_date": "2025-10-22", "Longitude": 17.849684, "Latitude": 14.319441 }, "geometry": { "type": "Point", "coordinates": [ 17.849684, 14.319441 ] } },
{ "type": "Feature", "properties": { "device_id": 375915.0, "UTC_datetime": "2025-10-22T08:15:38Z", "UTC_date": "2025-10-22", "Longitude": 17.85816, "Latitude": 14.308107 }, "geometry": { "type": "Point", "coordinates": [ 17.85816, 14.308107 ] } },
{ "type": "Feature", "properties": { "device_id": 375915.0, "UTC_datetime": "2025-10-22T09:15:37Z", "UTC_date": "2025-10-22", "Longitude": 17.763391, "Latitude": 14.319116 }, "geometry": { "type": "Point", "coordinates": [ 17.763391, 14.319116 ] } },
{ "type": "Feature", "properties": { "device_id": 375915.0, "UTC_datetime": "2025-10-22T10:16:04Z", "UTC_date": "2025-10-22", "Longitude": 17.651535, "Latitude": 14.289728 }, "geometry": { "type": "Point", "coordinates": [ 17.651535, 14.289728 ] } },
{ "type": "Feature", "properties": { "device_id": 375915.0, "UTC_datetime": "2025-10-22T11:15:36Z", "UTC_date": "2025-10-22", "Longitude": 17.76153, "Latitude": 14.344688 }, "geometry": { "type": "Point", "coordinates": [ 17.76153, 14.344688 ] } },
{ "type": "Feature", "properties": { "device_id": 375915.0, "UTC_datetime": "2025-10-22T12:15:37Z", "UTC_date": "2025-10-22", "Longitude": 17.789103, "Latitude": 14.389911 }, "geometry": { "type": "Point", "coordinates": [ 17.789103, 14.389911 ] } },
{ "type": "Feature", "properties": { "device_id": 375915.0, "UTC_datetime": "2025-10-22T13:15:36Z", "UTC_date": "2025-10-22", "Longitude": 17.789951, "Latitude": 14.393214 }, "geometry": { "type": "Point", "coordinates": [ 17.789951, 14.393214 ] } },
{ "type": "Feature", "properties": { "device_id": 375915.0, "UTC_datetime": "2025-10-22T14:16:04Z", "UTC_date": "2025-10-22", "Longitude": 17.785099, "Latitude": 14.393949 }, "geometry": { "type": "Point", "coordinates": [ 17.785099, 14.393949 ] } },
{ "type": "Feature", "properties": { "device_id": 375915.0, "UTC_datetime": "2025-10-23T07:15:38Z", "UTC_date": "2025-10-23", "Longitude": 17.850899, "Latitude": 14.34494 }, "geometry": { "type": "Point", "coordinates": [ 17.850899, 14.34494 ] } },
{ "type": "Feature", "properties": { "device_id": 375915.0, "UTC_datetime": "2025-10-23T08:16:04Z", "UTC_date": "2025-10-23", "Longitude": 17.720568, "Latitude": 14.386192 }, "geometry": { "type": "Point", "coordinates": [ 17.720568, 14.386192 ] } },
{ "type": "Feature", "properties": { "device_id": 375915.0, "UTC_datetime": "2025-10-23T09:15:38Z", "UTC_date": "2025-10-23", "Longitude": 17.750214, "Latitude": 14.368987 }, "geometry": { "type": "Point", "coordinates": [ 17.750214, 14.368987 ] } },
{ "type": "Feature", "properties": { "device_id": 375915.0, "UTC_datetime": "2025-10-23T10:15:38Z", "UTC_date": "2025-10-23", "Longitude": 17.786711, "Latitude": 14.390179 }, "geometry": { "type": "Point", "coordinates": [ 17.786711, 14.390179 ] } },
{ "type": "Feature", "properties": { "device_id": 375915.0, "UTC_datetime": "2025-10-23T11:15:41Z", "UTC_date": "2025-10-23", "Longitude": 17.791595, "Latitude": 14.375294 }, "geometry": { "type": "Point", "coordinates": [ 17.791595, 14.375294 ] } },
{ "type": "Feature", "properties": { "device_id": 375915.0, "UTC_datetime": "2025-10-23T12:16:04Z", "UTC_date": "2025-10-23", "Longitude": 17.786968, "Latitude": 14.390635 }, "geometry": { "type": "Point", "coordinates": [ 17.786968, 14.390635 ] } },
{ "type": "Feature", "properties": { "device_id": 375915.0, "UTC_datetime": "2025-10-23T13:15:38Z", "UTC_date": "2025-10-23", "Longitude": 17.784969, "Latitude": 14.396592 }, "geometry": { "type": "Point", "coordinates": [ 17.784969, 14.396592 ] } },
{ "type": "Feature", "properties": { "device_id": 375915.0, "UTC_datetime": "2025-10-23T14:15:39Z", "UTC_date": "2025-10-23", "Longitude": 17.796497, "Latitude": 14.392807 }, "geometry": { "type": "Point", "coordinates": [ 17.796497, 14.392807 ] } },
{ "type": "Feature", "properties": { "device_id": 375915.0, "UTC_datetime": "2025-10-24T07:15:39Z", "UTC_date": "2025-10-24", "Longitude": 17.852642, "Latitude": 14.315603 }, "geometry": { "type": "Point", "coordinates": [ 17.852642, 14.315603 ] } },
{ "type": "Feature", "properties": { "device_id": 375915.0, "UTC_datetime": "2025-10-24T08:15:41Z", "UTC_date": "2025-10-24", "Longitude": 17.796598, "Latitude": 14.363361 }, "geometry": { "type": "Point", "coordinates": [ 17.796598, 14.363361 ] } },
{ "type": "Feature", "properties": { "device_id": 375915.0, "UTC_datetime": "2025-10-24T09:15:40Z", "UTC_date": "2025-10-24", "Longitude": 17.793526, "Latitude": 14.398801 }, "geometry": { "type": "Point", "coordinates": [ 17.793526, 14.398801 ] } },
{ "type": "Feature", "properties": { "device_id": 375915.0, "UTC_datetime": "2025-10-24T10:16:04Z", "UTC_date": "2025-10-24", "Longitude": 17.777088, "Latitude": 14.402313 }, "geometry": { "type": "Point", "coordinates": [ 17.777088, 14.402313 ] } },
{ "type": "Feature", "properties": { "device_id": 375915.0, "UTC_datetime": "2025-10-24T11:15:39Z", "UTC_date": "2025-10-24", "Longitude": 17.787966, "Latitude": 14.391867 }, "geometry": { "type": "Point", "coordinates": [ 17.787966, 14.391867 ] } },
{ "type": "Feature", "properties": { "device_id": 375915.0, "UTC_datetime": "2025-10-24T12:15:40Z", "UTC_date": "2025-10-24", "Longitude": 17.793556, "Latitude": 14.391401 }, "geometry": { "type": "Point", "coordinates": [ 17.793556, 14.391401 ] } },
{ "type": "Feature", "properties": { "device_id": 375915.0, "UTC_datetime": "2025-10-24T13:15:40Z", "UTC_date": "2025-10-24", "Longitude": 17.787029, "Latitude": 14.392679 }, "geometry": { "type": "Point", "coordinates": [ 17.787029, 14.392679 ] } },
{ "type": "Feature", "properties": { "device_id": 375915.0, "UTC_datetime": "2025-10-24T14:16:04Z", "UTC_date": "2025-10-24", "Longitude": 17.792208, "Latitude": 14.392962 }, "geometry": { "type": "Point", "coordinates": [ 17.792208, 14.392962 ] } },
{ "type": "Feature", "properties": { "device_id": 375915.0, "UTC_datetime": "2025-10-25T07:15:41Z", "UTC_date": "2025-10-25", "Longitude": 17.855913, "Latitude": 14.31624 }, "geometry": { "type": "Point", "coordinates": [ 17.855913, 14.31624 ] } },
{ "type": "Feature", "properties": { "device_id": 375915.0, "UTC_datetime": "2025-10-25T08:16:04Z", "UTC_date": "2025-10-25", "Longitude": 17.849735, "Latitude": 14.305923 }, "geometry": { "type": "Point", "coordinates": [ 17.849735, 14.305923 ] } },
{ "type": "Feature", "properties": { "device_id": 375915.0, "UTC_datetime": "2025-10-25T09:15:43Z", "UTC_date": "2025-10-25", "Longitude": 17.770887, "Latitude": 14.190461 }, "geometry": { "type": "Point", "coordinates": [ 17.770887, 14.190461 ] } },
{ "type": "Feature", "properties": { "device_id": 375915.0, "UTC_datetime": "2025-10-25T10:16:05Z", "UTC_date": "2025-10-25", "Longitude": 17.775234, "Latitude": 13.935512 }, "geometry": { "type": "Point", "coordinates": [ 17.775234, 13.935512 ] } },
{ "type": "Feature", "properties": { "device_id": 375915.0, "UTC_datetime": "2025-10-25T11:15:42Z", "UTC_date": "2025-10-25", "Longitude": 17.787239, "Latitude": 13.826437 }, "geometry": { "type": "Point", "coordinates": [ 17.787239, 13.826437 ] } },
{ "type": "Feature", "properties": { "device_id": 375915.0, "UTC_datetime": "2025-10-25T12:15:42Z", "UTC_date": "2025-10-25", "Longitude": 17.987261, "Latitude": 13.634604 }, "geometry": { "type": "Point", "coordinates": [ 17.987261, 13.634604 ] } },
{ "type": "Feature", "properties": { "device_id": 375915.0, "UTC_datetime": "2025-10-25T13:15:42Z", "UTC_date": "2025-10-25", "Longitude": 18.131674, "Latitude": 13.498292 }, "geometry": { "type": "Point", "coordinates": [ 18.131674, 13.498292 ] } },
{ "type": "Feature", "properties": { "device_id": 375915.0, "UTC_datetime": "2025-10-25T14:16:04Z", "UTC_date": "2025-10-25", "Longitude": 18.278955, "Latitude": 13.604095 }, "geometry": { "type": "Point", "coordinates": [ 18.278955, 13.604095 ] } },
{ "type": "Feature", "properties": { "device_id": 375915.0, "UTC_datetime": "2025-10-26T07:15:46Z", "UTC_date": "2025-10-26", "Longitude": 18.267359, "Latitude": 13.771387 }, "geometry": { "type": "Point", "coordinates": [ 18.267359, 13.771387 ] } },
{ "type": "Feature", "properties": { "device_id": 375915.0, "UTC_datetime": "2025-10-26T08:16:04Z", "UTC_date": "2025-10-26", "Longitude": 18.189203, "Latitude": 13.675637 }, "geometry": { "type": "Point", "coordinates": [ 18.189203, 13.675637 ] } },
{ "type": "Feature", "properties": { "device_id": 375915.0, "UTC_datetime": "2025-10-26T09:15:45Z", "UTC_date": "2025-10-26", "Longitude": 18.219051, "Latitude": 13.507308 }, "geometry": { "type": "Point", "coordinates": [ 18.219051, 13.507308 ] } },
{ "type": "Feature", "properties": { "device_id": 375915.0, "UTC_datetime": "2025-10-26T10:15:44Z", "UTC_date": "2025-10-26", "Longitude": 18.167953, "Latitude": 13.380781 }, "geometry": { "type": "Point", "coordinates": [ 18.167953, 13.380781 ] } },
{ "type": "Feature", "properties": { "device_id": 375915.0, "UTC_datetime": "2025-10-26T11:15:45Z", "UTC_date": "2025-10-26", "Longitude": 18.20015, "Latitude": 13.299331 }, "geometry": { "type": "Point", "coordinates": [ 18.20015, 13.299331 ] } },
{ "type": "Feature", "properties": { "device_id": 375915.0, "UTC_datetime": "2025-10-26T12:16:04Z", "UTC_date": "2025-10-26", "Longitude": 18.188463, "Latitude": 13.235933 }, "geometry": { "type": "Point", "coordinates": [ 18.188463, 13.235933 ] } },
{ "type": "Feature", "properties": { "device_id": 375915.0, "UTC_datetime": "2025-10-26T13:15:44Z", "UTC_date": "2025-10-26", "Longitude": 18.344437, "Latitude": 13.24919 }, "geometry": { "type": "Point", "coordinates": [ 18.344437, 13.24919 ] } },
{ "type": "Feature", "properties": { "device_id": 375915.0, "UTC_datetime": "2025-10-26T14:15:46Z", "UTC_date": "2025-10-26", "Longitude": 18.50416, "Latitude": 13.500555 }, "geometry": { "type": "Point", "coordinates": [ 18.50416, 13.500555 ] } },
{ "type": "Feature", "properties": { "device_id": 375915.0, "UTC_datetime": "2025-10-27T07:15:47Z", "UTC_date": "2025-10-27", "Longitude": 18.418041, "Latitude": 13.602818 }, "geometry": { "type": "Point", "coordinates": [ 18.418041, 13.602818 ] } },
{ "type": "Feature", "properties": { "device_id": 375915.0, "UTC_datetime": "2025-10-27T08:16:13Z", "UTC_date": "2025-10-27", "Longitude": 18.247192, "Latitude": 13.663136 }, "geometry": { "type": "Point", "coordinates": [ 18.247192, 13.663136 ] } },
{ "type": "Feature", "properties": { "device_id": 375915.0, "UTC_datetime": "2025-10-27T09:15:46Z", "UTC_date": "2025-10-27", "Longitude": 18.145741, "Latitude": 13.888845 }, "geometry": { "type": "Point", "coordinates": [ 18.145741, 13.888845 ] } },
{ "type": "Feature", "properties": { "device_id": 375915.0, "UTC_datetime": "2025-10-27T10:16:05Z", "UTC_date": "2025-10-27", "Longitude": 17.962938, "Latitude": 14.187543 }, "geometry": { "type": "Point", "coordinates": [ 17.962938, 14.187543 ] } },
{ "type": "Feature", "properties": { "device_id": 375915.0, "UTC_datetime": "2025-10-27T11:15:46Z", "UTC_date": "2025-10-27", "Longitude": 17.8515, "Latitude": 14.3266 }, "geometry": { "type": "Point", "coordinates": [ 17.8515, 14.3266 ] } },
{ "type": "Feature", "properties": { "device_id": 375915.0, "UTC_datetime": "2025-10-27T12:16:05Z", "UTC_date": "2025-10-27", "Longitude": 17.787155, "Latitude": 14.39168 }, "geometry": { "type": "Point", "coordinates": [ 17.787155, 14.39168 ] } },
{ "type": "Feature", "properties": { "device_id": 375915.0, "UTC_datetime": "2025-10-27T13:15:46Z", "UTC_date": "2025-10-27", "Longitude": 17.796602, "Latitude": 14.39228 }, "geometry": { "type": "Point", "coordinates": [ 17.796602, 14.39228 ] } },
{ "type": "Feature", "properties": { "device_id": 375915.0, "UTC_datetime": "2025-10-27T14:15:47Z", "UTC_date": "2025-10-27", "Longitude": 17.856077, "Latitude": 14.309697 }, "geometry": { "type": "Point", "coordinates": [ 17.856077, 14.309697 ] } },
{ "type": "Feature", "properties": { "device_id": 375915.0, "UTC_datetime": "2025-10-28T07:15:48Z", "UTC_date": "2025-10-28", "Longitude": 17.844551, "Latitude": 14.318927 }, "geometry": { "type": "Point", "coordinates": [ 17.844551, 14.318927 ] } },
{ "type": "Feature", "properties": { "device_id": 375915.0, "UTC_datetime": "2025-10-28T08:16:13Z", "UTC_date": "2025-10-28", "Longitude": 17.844633, "Latitude": 14.318929 }, "geometry": { "type": "Point", "coordinates": [ 17.844633, 14.318929 ] } },
{ "type": "Feature", "properties": { "device_id": 375915.0, "UTC_datetime": "2025-10-28T09:15:48Z", "UTC_date": "2025-10-28", "Longitude": 17.84462, "Latitude": 14.318756 }, "geometry": { "type": "Point", "coordinates": [ 17.84462, 14.318756 ] } },
{ "type": "Feature", "properties": { "device_id": 375915.0, "UTC_datetime": "2025-10-28T10:16:05Z", "UTC_date": "2025-10-28", "Longitude": 17.841394, "Latitude": 14.316556 }, "geometry": { "type": "Point", "coordinates": [ 17.841394, 14.316556 ] } },
{ "type": "Feature", "properties": { "device_id": 375915.0, "UTC_datetime": "2025-10-28T11:15:47Z", "UTC_date": "2025-10-28", "Longitude": 17.849667, "Latitude": 14.321508 }, "geometry": { "type": "Point", "coordinates": [ 17.849667, 14.321508 ] } },
{ "type": "Feature", "properties": { "device_id": 375915.0, "UTC_datetime": "2025-10-28T12:16:05Z", "UTC_date": "2025-10-28", "Longitude": 17.812532, "Latitude": 14.387836 }, "geometry": { "type": "Point", "coordinates": [ 17.812532, 14.387836 ] } },
{ "type": "Feature", "properties": { "device_id": 375915.0, "UTC_datetime": "2025-10-28T13:15:49Z", "UTC_date": "2025-10-28", "Longitude": 17.79414, "Latitude": 14.396002 }, "geometry": { "type": "Point", "coordinates": [ 17.79414, 14.396002 ] } },
{ "type": "Feature", "properties": { "device_id": 375915.0, "UTC_datetime": "2025-10-28T14:15:48Z", "UTC_date": "2025-10-28", "Longitude": 17.848883, "Latitude": 14.326913 }, "geometry": { "type": "Point", "coordinates": [ 17.848883, 14.326913 ] } },
{ "type": "Feature", "properties": { "device_id": 375915.0, "UTC_datetime": "2025-10-29T07:15:49Z", "UTC_date": "2025-10-29", "Longitude": 17.843399, "Latitude": 14.306361 }, "geometry": { "type": "Point", "coordinates": [ 17.843399, 14.306361 ] } },
{ "type": "Feature", "properties": { "device_id": 375915.0, "UTC_datetime": "2025-10-29T08:16:04Z", "UTC_date": "2025-10-29", "Longitude": 17.843395, "Latitude": 14.306397 }, "geometry": { "type": "Point", "coordinates": [ 17.843395, 14.306397 ] } },
{ "type": "Feature", "properties": { "device_id": 375915.0, "UTC_datetime": "2025-10-29T09:15:51Z", "UTC_date": "2025-10-29", "Longitude": 17.798975, "Latitude": 14.3873 }, "geometry": { "type": "Point", "coordinates": [ 17.798975, 14.3873 ] } },
{ "type": "Feature", "properties": { "device_id": 375915.0, "UTC_datetime": "2025-10-29T10:16:13Z", "UTC_date": "2025-10-29", "Longitude": 17.79262, "Latitude": 14.391515 }, "geometry": { "type": "Point", "coordinates": [ 17.79262, 14.391515 ] } },
{ "type": "Feature", "properties": { "device_id": 375915.0, "UTC_datetime": "2025-10-29T11:15:51Z", "UTC_date": "2025-10-29", "Longitude": 17.84465, "Latitude": 14.318796 }, "geometry": { "type": "Point", "coordinates": [ 17.84465, 14.318796 ] } },
{ "type": "Feature", "properties": { "device_id": 375915.0, "UTC_datetime": "2025-10-29T12:16:23Z", "UTC_date": "2025-10-29", "Longitude": 17.844519, "Latitude": 14.322151 }, "geometry": { "type": "Point", "coordinates": [ 17.844519, 14.322151 ] } },
{ "type": "Feature", "properties": { "device_id": 375915.0, "UTC_datetime": "2025-10-29T13:15:51Z", "UTC_date": "2025-10-29", "Longitude": 17.853165, "Latitude": 14.314454 }, "geometry": { "type": "Point", "coordinates": [ 17.853165, 14.314454 ] } },
{ "type": "Feature", "properties": { "device_id": 375915.0, "UTC_datetime": "2025-10-29T14:15:50Z", "UTC_date": "2025-10-29", "Longitude": 17.855209, "Latitude": 14.317021 }, "geometry": { "type": "Point", "coordinates": [ 17.855209, 14.317021 ] } },
{ "type": "Feature", "properties": { "device_id": 375915.0, "UTC_datetime": "2025-10-30T07:15:59Z", "UTC_date": "2025-10-30", "Longitude": 17.85364, "Latitude": 14.318066 }, "geometry": { "type": "Point", "coordinates": [ 17.85364, 14.318066 ] } },
{ "type": "Feature", "properties": { "device_id": 375915.0, "UTC_datetime": "2025-10-30T08:16:14Z", "UTC_date": "2025-10-30", "Longitude": 17.852596, "Latitude": 14.316828 }, "geometry": { "type": "Point", "coordinates": [ 17.852596, 14.316828 ] } },
{ "type": "Feature", "properties": { "device_id": 375915.0, "UTC_datetime": "2025-10-30T09:15:53Z", "UTC_date": "2025-10-30", "Longitude": 17.784264, "Latitude": 14.317362 }, "geometry": { "type": "Point", "coordinates": [ 17.784264, 14.317362 ] } },
{ "type": "Feature", "properties": { "device_id": 375915.0, "UTC_datetime": "2025-10-30T10:16:23Z", "UTC_date": "2025-10-30", "Longitude": 17.702215, "Latitude": 14.30588 }, "geometry": { "type": "Point", "coordinates": [ 17.702215, 14.30588 ] } },
{ "type": "Feature", "properties": { "device_id": 375915.0, "UTC_datetime": "2025-10-30T11:15:53Z", "UTC_date": "2025-10-30", "Longitude": 17.787104, "Latitude": 14.38929 }, "geometry": { "type": "Point", "coordinates": [ 17.787104, 14.38929 ] } },
{ "type": "Feature", "properties": { "device_id": 375915.0, "UTC_datetime": "2025-10-30T12:15:54Z", "UTC_date": "2025-10-30", "Longitude": 17.791969, "Latitude": 14.377891 }, "geometry": { "type": "Point", "coordinates": [ 17.791969, 14.377891 ] } },
{ "type": "Feature", "properties": { "device_id": 375915.0, "UTC_datetime": "2025-10-30T13:16:13Z", "UTC_date": "2025-10-30", "Longitude": 17.790335, "Latitude": 14.381502 }, "geometry": { "type": "Point", "coordinates": [ 17.790335, 14.381502 ] } },
{ "type": "Feature", "properties": { "device_id": 375915.0, "UTC_datetime": "2025-10-30T14:16:13Z", "UTC_date": "2025-10-30", "Longitude": 17.846407, "Latitude": 14.314421 }, "geometry": { "type": "Point", "coordinates": [ 17.846407, 14.314421 ] } },
{ "type": "Feature", "properties": { "device_id": 375915.0, "UTC_datetime": "2025-10-31T07:15:53Z", "UTC_date": "2025-10-31", "Longitude": 17.853611, "Latitude": 14.318053 }, "geometry": { "type": "Point", "coordinates": [ 17.853611, 14.318053 ] } },
{ "type": "Feature", "properties": { "device_id": 375915.0, "UTC_datetime": "2025-10-31T08:16:14Z", "UTC_date": "2025-10-31", "Longitude": 17.853655, "Latitude": 14.318114 }, "geometry": { "type": "Point", "coordinates": [ 17.853655, 14.318114 ] } },
{ "type": "Feature", "properties": { "device_id": 375915.0, "UTC_datetime": "2025-10-31T09:15:55Z", "UTC_date": "2025-10-31", "Longitude": 17.758728, "Latitude": 14.303546 }, "geometry": { "type": "Point", "coordinates": [ 17.758728, 14.303546 ] } },
{ "type": "Feature", "properties": { "device_id": 375915.0, "UTC_datetime": "2025-10-31T10:16:12Z", "UTC_date": "2025-10-31", "Longitude": 17.765816, "Latitude": 14.331796 }, "geometry": { "type": "Point", "coordinates": [ 17.765816, 14.331796 ] } },
{ "type": "Feature", "properties": { "device_id": 375915.0, "UTC_datetime": "2025-10-31T11:15:55Z", "UTC_date": "2025-10-31", "Longitude": 17.8318, "Latitude": 14.331367 }, "geometry": { "type": "Point", "coordinates": [ 17.8318, 14.331367 ] } },
{ "type": "Feature", "properties": { "device_id": 375915.0, "UTC_datetime": "2025-10-31T12:16:23Z", "UTC_date": "2025-10-31", "Longitude": 17.797808, "Latitude": 14.386196 }, "geometry": { "type": "Point", "coordinates": [ 17.797808, 14.386196 ] } },
{ "type": "Feature", "properties": { "device_id": 375915.0, "UTC_datetime": "2025-10-31T13:15:53Z", "UTC_date": "2025-10-31", "Longitude": 17.799646, "Latitude": 14.390138 }, "geometry": { "type": "Point", "coordinates": [ 17.799646, 14.390138 ] } },
{ "type": "Feature", "properties": { "device_id": 375915.0, "UTC_datetime": "2025-10-31T14:16:13Z", "UTC_date": "2025-10-31", "Longitude": 17.802666, "Latitude": 14.385472 }, "geometry": { "type": "Point", "coordinates": [ 17.802666, 14.385472 ] } },
{ "type": "Feature", "properties": { "device_id": 375915.0, "UTC_datetime": "2025-11-01T07:16:12Z", "UTC_date": "2025-11-01", "Longitude": 17.819899, "Latitude": 14.320354 }, "geometry": { "type": "Point", "coordinates": [ 17.819899, 14.320354 ] } },
{ "type": "Feature", "properties": { "device_id": 375915.0, "UTC_datetime": "2025-11-01T08:15:55Z", "UTC_date": "2025-11-01", "Longitude": 17.768183, "Latitude": 14.387566 }, "geometry": { "type": "Point", "coordinates": [ 17.768183, 14.387566 ] } },
{ "type": "Feature", "properties": { "device_id": 375915.0, "UTC_datetime": "2025-11-01T09:16:23Z", "UTC_date": "2025-11-01", "Longitude": 17.786499, "Latitude": 14.391406 }, "geometry": { "type": "Point", "coordinates": [ 17.786499, 14.391406 ] } },
{ "type": "Feature", "properties": { "device_id": 375915.0, "UTC_datetime": "2025-11-01T10:15:54Z", "UTC_date": "2025-11-01", "Longitude": 17.788483, "Latitude": 14.396217 }, "geometry": { "type": "Point", "coordinates": [ 17.788483, 14.396217 ] } },
{ "type": "Feature", "properties": { "device_id": 375915.0, "UTC_datetime": "2025-11-01T11:16:13Z", "UTC_date": "2025-11-01", "Longitude": 17.789701, "Latitude": 14.382175 }, "geometry": { "type": "Point", "coordinates": [ 17.789701, 14.382175 ] } },
{ "type": "Feature", "properties": { "device_id": 375915.0, "UTC_datetime": "2025-11-01T12:16:23Z", "UTC_date": "2025-11-01", "Longitude": 17.826588, "Latitude": 14.36655 }, "geometry": { "type": "Point", "coordinates": [ 17.826588, 14.36655 ] } },
{ "type": "Feature", "properties": { "device_id": 375915.0, "UTC_datetime": "2025-11-01T13:16:13Z", "UTC_date": "2025-11-01", "Longitude": 17.848991, "Latitude": 14.315789 }, "geometry": { "type": "Point", "coordinates": [ 17.848991, 14.315789 ] } },
{ "type": "Feature", "properties": { "device_id": 375915.0, "UTC_datetime": "2025-11-01T14:15:55Z", "UTC_date": "2025-11-01", "Longitude": 17.839598, "Latitude": 14.311096 }, "geometry": { "type": "Point", "coordinates": [ 17.839598, 14.311096 ] } },
{ "type": "Feature", "properties": { "device_id": 375915.0, "UTC_datetime": "2025-11-02T07:15:57Z", "UTC_date": "2025-11-02", "Longitude": 17.856642, "Latitude": 14.316908 }, "geometry": { "type": "Point", "coordinates": [ 17.856642, 14.316908 ] } },
{ "type": "Feature", "properties": { "device_id": 375915.0, "UTC_datetime": "2025-11-02T08:16:13Z", "UTC_date": "2025-11-02", "Longitude": 17.848291, "Latitude": 14.314343 }, "geometry": { "type": "Point", "coordinates": [ 17.848291, 14.314343 ] } },
{ "type": "Feature", "properties": { "device_id": 375915.0, "UTC_datetime": "2025-11-02T09:16:24Z", "UTC_date": "2025-11-02", "Longitude": 17.85182, "Latitude": 14.299822 }, "geometry": { "type": "Point", "coordinates": [ 17.85182, 14.299822 ] } },
{ "type": "Feature", "properties": { "device_id": 375915.0, "UTC_datetime": "2025-11-02T10:15:55Z", "UTC_date": "2025-11-02", "Longitude": 17.853725, "Latitude": 14.318043 }, "geometry": { "type": "Point", "coordinates": [ 17.853725, 14.318043 ] } },
{ "type": "Feature", "properties": { "device_id": 375915.0, "UTC_datetime": "2025-11-02T11:15:55Z", "UTC_date": "2025-11-02", "Longitude": 17.850088, "Latitude": 14.313499 }, "geometry": { "type": "Point", "coordinates": [ 17.850088, 14.313499 ] } },
{ "type": "Feature", "properties": { "device_id": 375915.0, "UTC_datetime": "2025-11-02T12:16:12Z", "UTC_date": "2025-11-02", "Longitude": 17.854883, "Latitude": 14.316187 }, "geometry": { "type": "Point", "coordinates": [ 17.854883, 14.316187 ] } },
{ "type": "Feature", "properties": { "device_id": 375915.0, "UTC_datetime": "2025-11-02T13:16:29Z", "UTC_date": "2025-11-02", "Longitude": 17.853577, "Latitude": 14.318659 }, "geometry": { "type": "Point", "coordinates": [ 17.853577, 14.318659 ] } },
{ "type": "Feature", "properties": { "device_id": 375915.0, "UTC_datetime": "2025-11-02T14:16:13Z", "UTC_date": "2025-11-02", "Longitude": 17.8431, "Latitude": 14.310609 }, "geometry": { "type": "Point", "coordinates": [ 17.8431, 14.310609 ] } },
{ "type": "Feature", "properties": { "device_id": 375915.0, "UTC_datetime": "2025-11-03T07:16:14Z", "UTC_date": "2025-11-03", "Longitude": 17.851318, "Latitude": 14.322598 }, "geometry": { "type": "Point", "coordinates": [ 17.851318, 14.322598 ] } },
{ "type": "Feature", "properties": { "device_id": 375915.0, "UTC_datetime": "2025-11-03T08:16:29Z", "UTC_date": "2025-11-03", "Longitude": 17.797644, "Latitude": 14.294647 }, "geometry": { "type": "Point", "coordinates": [ 17.797644, 14.294647 ] } },
{ "type": "Feature", "properties": { "device_id": 375915.0, "UTC_datetime": "2025-11-03T09:15:57Z", "UTC_date": "2025-11-03", "Longitude": 17.5441, "Latitude": 14.205544 }, "geometry": { "type": "Point", "coordinates": [ 17.5441, 14.205544 ] } },
{ "type": "Feature", "properties": { "device_id": 375915.0, "UTC_datetime": "2025-11-03T10:15:56Z", "UTC_date": "2025-11-03", "Longitude": 17.137699, "Latitude": 13.97014 }, "geometry": { "type": "Point", "coordinates": [ 17.137699, 13.97014 ] } },
{ "type": "Feature", "properties": { "device_id": 375915.0, "UTC_datetime": "2025-11-03T11:15:58Z", "UTC_date": "2025-11-03", "Longitude": 16.730423, "Latitude": 13.665664 }, "geometry": { "type": "Point", "coordinates": [ 16.730423, 13.665664 ] } },
{ "type": "Feature", "properties": { "device_id": 375915.0, "UTC_datetime": "2025-11-03T12:16:29Z", "UTC_date": "2025-11-03", "Longitude": 16.370508, "Latitude": 13.318335 }, "geometry": { "type": "Point", "coordinates": [ 16.370508, 13.318335 ] } },
{ "type": "Feature", "properties": { "device_id": 375915.0, "UTC_datetime": "2025-11-03T13:15:56Z", "UTC_date": "2025-11-03", "Longitude": 16.22859, "Latitude": 13.057029 }, "geometry": { "type": "Point", "coordinates": [ 16.22859, 13.057029 ] } },
{ "type": "Feature", "properties": { "device_id": 375915.0, "UTC_datetime": "2025-11-03T14:15:56Z", "UTC_date": "2025-11-03", "Longitude": 16.3361, "Latitude": 12.926815 }, "geometry": { "type": "Point", "coordinates": [ 16.3361, 12.926815 ] } },
{ "type": "Feature", "properties": { "device_id": 375915.0, "UTC_datetime": "2025-11-04T07:16:00Z", "UTC_date": "2025-11-04", "Longitude": 16.431433, "Latitude": 12.965773 }, "geometry": { "type": "Point", "coordinates": [ 16.431433, 12.965773 ] } },
{ "type": "Feature", "properties": { "device_id": 375915.0, "UTC_datetime": "2025-11-04T08:16:29Z", "UTC_date": "2025-11-04", "Longitude": 16.398571, "Latitude": 12.827972 }, "geometry": { "type": "Point", "coordinates": [ 16.398571, 12.827972 ] } },
{ "type": "Feature", "properties": { "device_id": 375915.0, "UTC_datetime": "2025-11-04T09:15:59Z", "UTC_date": "2025-11-04", "Longitude": 16.479881, "Latitude": 12.724513 }, "geometry": { "type": "Point", "coordinates": [ 16.479881, 12.724513 ] } },
{ "type": "Feature", "properties": { "device_id": 375915.0, "UTC_datetime": "2025-11-04T10:16:35Z", "UTC_date": "2025-11-04", "Longitude": 16.576555, "Latitude": 12.586025 }, "geometry": { "type": "Point", "coordinates": [ 16.576555, 12.586025 ] } },
{ "type": "Feature", "properties": { "device_id": 375915.0, "UTC_datetime": "2025-11-04T11:15:58Z", "UTC_date": "2025-11-04", "Longitude": 16.585657, "Latitude": 12.580992 }, "geometry": { "type": "Point", "coordinates": [ 16.585657, 12.580992 ] } },
{ "type": "Feature", "properties": { "device_id": 375915.0, "UTC_datetime": "2025-11-04T12:15:58Z", "UTC_date": "2025-11-04", "Longitude": 16.71763, "Latitude": 12.500411 }, "geometry": { "type": "Point", "coordinates": [ 16.71763, 12.500411 ] } },
{ "type": "Feature", "properties": { "device_id": 375915.0, "UTC_datetime": "2025-11-04T13:15:58Z", "UTC_date": "2025-11-04", "Longitude": 16.765005, "Latitude": 12.583558 }, "geometry": { "type": "Point", "coordinates": [ 16.765005, 12.583558 ] } },
{ "type": "Feature", "properties": { "device_id": 375915.0, "UTC_datetime": "2025-11-04T14:16:29Z", "UTC_date": "2025-11-04", "Longitude": 16.894524, "Latitude": 12.605476 }, "geometry": { "type": "Point", "coordinates": [ 16.894524, 12.605476 ] } },
{ "type": "Feature", "properties": { "device_id": 375915.0, "UTC_datetime": "2025-11-05T07:34:12Z", "UTC_date": "2025-11-05", "Longitude": 16.902607, "Latitude": 12.582313 }, "geometry": { "type": "Point", "coordinates": [ 16.902607, 12.582313 ] } },
{ "type": "Feature", "properties": { "device_id": 375915.0, "UTC_datetime": "2025-11-05T08:33:54Z", "UTC_date": "2025-11-05", "Longitude": 16.928253, "Latitude": 12.670095 }, "geometry": { "type": "Point", "coordinates": [ 16.928253, 12.670095 ] } },
{ "type": "Feature", "properties": { "device_id": 375915.0, "UTC_datetime": "2025-11-05T09:34:12Z", "UTC_date": "2025-11-05", "Longitude": 16.975445, "Latitude": 12.68441 }, "geometry": { "type": "Point", "coordinates": [ 16.975445, 12.68441 ] } },
{ "type": "Feature", "properties": { "device_id": 375915.0, "UTC_datetime": "2025-11-05T10:33:51Z", "UTC_date": "2025-11-05", "Longitude": 17.197092, "Latitude": 12.802071 }, "geometry": { "type": "Point", "coordinates": [ 17.197092, 12.802071 ] } },
{ "type": "Feature", "properties": { "device_id": 375915.0, "UTC_datetime": "2025-11-05T11:34:23Z", "UTC_date": "2025-11-05", "Longitude": 17.284519, "Latitude": 12.890599 }, "geometry": { "type": "Point", "coordinates": [ 17.284519, 12.890599 ] } },
{ "type": "Feature", "properties": { "device_id": 375915.0, "UTC_datetime": "2025-11-05T12:33:51Z", "UTC_date": "2025-11-05", "Longitude": 17.263414, "Latitude": 12.811758 }, "geometry": { "type": "Point", "coordinates": [ 17.263414, 12.811758 ] } },
{ "type": "Feature", "properties": { "device_id": 375915.0, "UTC_datetime": "2025-11-05T13:33:52Z", "UTC_date": "2025-11-05", "Longitude": 17.199009, "Latitude": 12.780388 }, "geometry": { "type": "Point", "coordinates": [ 17.199009, 12.780388 ] } },
{ "type": "Feature", "properties": { "device_id": 375915.0, "UTC_datetime": "2025-11-05T14:34:14Z", "UTC_date": "2025-11-05", "Longitude": 16.955122, "Latitude": 12.8987 }, "geometry": { "type": "Point", "coordinates": [ 16.955122, 12.8987 ] } },
{ "type": "Feature", "properties": { "device_id": 375915.0, "UTC_datetime": "2025-11-06T07:34:12Z", "UTC_date": "2025-11-06", "Longitude": 16.924778, "Latitude": 13.086597 }, "geometry": { "type": "Point", "coordinates": [ 16.924778, 13.086597 ] } },
{ "type": "Feature", "properties": { "device_id": 375915.0, "UTC_datetime": "2025-11-06T08:33:55Z", "UTC_date": "2025-11-06", "Longitude": 17.00478, "Latitude": 13.035797 }, "geometry": { "type": "Point", "coordinates": [ 17.00478, 13.035797 ] } },
{ "type": "Feature", "properties": { "device_id": 375915.0, "UTC_datetime": "2025-11-06T09:34:12Z", "UTC_date": "2025-11-06", "Longitude": 17.177612, "Latitude": 13.118326 }, "geometry": { "type": "Point", "coordinates": [ 17.177612, 13.118326 ] } },
{ "type": "Feature", "properties": { "device_id": 375915.0, "UTC_datetime": "2025-11-06T10:33:54Z", "UTC_date": "2025-11-06", "Longitude": 17.37845, "Latitude": 13.229015 }, "geometry": { "type": "Point", "coordinates": [ 17.37845, 13.229015 ] } },
{ "type": "Feature", "properties": { "device_id": 375915.0, "UTC_datetime": "2025-11-06T11:34:23Z", "UTC_date": "2025-11-06", "Longitude": 17.555693, "Latitude": 13.364753 }, "geometry": { "type": "Point", "coordinates": [ 17.555693, 13.364753 ] } },
{ "type": "Feature", "properties": { "device_id": 375915.0, "UTC_datetime": "2025-11-06T12:33:52Z", "UTC_date": "2025-11-06", "Longitude": 17.652372, "Latitude": 13.522357 }, "geometry": { "type": "Point", "coordinates": [ 17.652372, 13.522357 ] } },
{ "type": "Feature", "properties": { "device_id": 375915.0, "UTC_datetime": "2025-11-06T13:34:08Z", "UTC_date": "2025-11-06", "Longitude": 17.685555, "Latitude": 13.955688 }, "geometry": { "type": "Point", "coordinates": [ 17.685555, 13.955688 ] } },
{ "type": "Feature", "properties": { "device_id": 375915.0, "UTC_datetime": "2025-11-06T14:33:54Z", "UTC_date": "2025-11-06", "Longitude": 17.852705, "Latitude": 14.317378 }, "geometry": { "type": "Point", "coordinates": [ 17.852705, 14.317378 ] } },
{ "type": "Feature", "properties": { "device_id": 375915.0, "UTC_datetime": "2025-11-07T07:34:12Z", "UTC_date": "2025-11-07", "Longitude": 17.856873, "Latitude": 14.316442 }, "geometry": { "type": "Point", "coordinates": [ 17.856873, 14.316442 ] } },
{ "type": "Feature", "properties": { "device_id": 375915.0, "UTC_datetime": "2025-11-07T08:33:55Z", "UTC_date": "2025-11-07", "Longitude": 17.830879, "Latitude": 14.356495 }, "geometry": { "type": "Point", "coordinates": [ 17.830879, 14.356495 ] } },
{ "type": "Feature", "properties": { "device_id": 375915.0, "UTC_datetime": "2025-11-07T09:34:12Z", "UTC_date": "2025-11-07", "Longitude": 17.879814, "Latitude": 14.481306 }, "geometry": { "type": "Point", "coordinates": [ 17.879814, 14.481306 ] } },
{ "type": "Feature", "properties": { "device_id": 375915.0, "UTC_datetime": "2025-11-07T10:34:22Z", "UTC_date": "2025-11-07", "Longitude": 17.887272, "Latitude": 14.497036 }, "geometry": { "type": "Point", "coordinates": [ 17.887272, 14.497036 ] } },
{ "type": "Feature", "properties": { "device_id": 375915.0, "UTC_datetime": "2025-11-07T11:33:53Z", "UTC_date": "2025-11-07", "Longitude": 17.913992, "Latitude": 14.559694 }, "geometry": { "type": "Point", "coordinates": [ 17.913992, 14.559694 ] } },
{ "type": "Feature", "properties": { "device_id": 375915.0, "UTC_datetime": "2025-11-07T12:33:53Z", "UTC_date": "2025-11-07", "Longitude": 18.024649, "Latitude": 14.682449 }, "geometry": { "type": "Point", "coordinates": [ 18.024649, 14.682449 ] } },
{ "type": "Feature", "properties": { "device_id": 375915.0, "UTC_datetime": "2025-11-07T13:33:53Z", "UTC_date": "2025-11-07", "Longitude": 18.259235, "Latitude": 14.821067 }, "geometry": { "type": "Point", "coordinates": [ 18.259235, 14.821067 ] } },
{ "type": "Feature", "properties": { "device_id": 375915.0, "UTC_datetime": "2025-11-07T14:34:12Z", "UTC_date": "2025-11-07", "Longitude": 18.428005, "Latitude": 14.827398 }, "geometry": { "type": "Point", "coordinates": [ 18.428005, 14.827398 ] } },
{ "type": "Feature", "properties": { "device_id": 375915.0, "UTC_datetime": "2025-11-08T07:33:56Z", "UTC_date": "2025-11-08", "Longitude": 18.427925, "Latitude": 14.827503 }, "geometry": { "type": "Point", "coordinates": [ 18.427925, 14.827503 ] } },
{ "type": "Feature", "properties": { "device_id": 375915.0, "UTC_datetime": "2025-11-08T08:34:29Z", "UTC_date": "2025-11-08", "Longitude": 18.351553, "Latitude": 14.815748 }, "geometry": { "type": "Point", "coordinates": [ 18.351553, 14.815748 ] } },
{ "type": "Feature", "properties": { "device_id": 375915.0, "UTC_datetime": "2025-11-08T09:33:54Z", "UTC_date": "2025-11-08", "Longitude": 18.30452, "Latitude": 14.764788 }, "geometry": { "type": "Point", "coordinates": [ 18.30452, 14.764788 ] } },
{ "type": "Feature", "properties": { "device_id": 375915.0, "UTC_datetime": "2025-11-08T10:33:55Z", "UTC_date": "2025-11-08", "Longitude": 18.065901, "Latitude": 14.614911 }, "geometry": { "type": "Point", "coordinates": [ 18.065901, 14.614911 ] } },
{ "type": "Feature", "properties": { "device_id": 375915.0, "UTC_datetime": "2025-11-08T11:34:13Z", "UTC_date": "2025-11-08", "Longitude": 17.961803, "Latitude": 14.571577 }, "geometry": { "type": "Point", "coordinates": [ 17.961803, 14.571577 ] } },
{ "type": "Feature", "properties": { "device_id": 375915.0, "UTC_datetime": "2025-11-08T12:34:23Z", "UTC_date": "2025-11-08", "Longitude": 17.845495, "Latitude": 14.461906 }, "geometry": { "type": "Point", "coordinates": [ 17.845495, 14.461906 ] } },
{ "type": "Feature", "properties": { "device_id": 375915.0, "UTC_datetime": "2025-11-08T13:33:54Z", "UTC_date": "2025-11-08", "Longitude": 17.785877, "Latitude": 14.391214 }, "geometry": { "type": "Point", "coordinates": [ 17.785877, 14.391214 ] } },
{ "type": "Feature", "properties": { "device_id": 375915.0, "UTC_datetime": "2025-11-08T14:34:13Z", "UTC_date": "2025-11-08", "Longitude": 17.853775, "Latitude": 14.318046 }, "geometry": { "type": "Point", "coordinates": [ 17.853775, 14.318046 ] } },
{ "type": "Feature", "properties": { "device_id": 375915.0, "UTC_datetime": "2025-11-09T07:33:58Z", "UTC_date": "2025-11-09", "Longitude": 17.848372, "Latitude": 14.321455 }, "geometry": { "type": "Point", "coordinates": [ 17.848372, 14.321455 ] } },
{ "type": "Feature", "properties": { "device_id": 375915.0, "UTC_datetime": "2025-11-09T08:34:12Z", "UTC_date": "2025-11-09", "Longitude": 17.809523, "Latitude": 14.342317 }, "geometry": { "type": "Point", "coordinates": [ 17.809523, 14.342317 ] } },
{ "type": "Feature", "properties": { "device_id": 375915.0, "UTC_datetime": "2025-11-09T09:34:14Z", "UTC_date": "2025-11-09", "Longitude": 17.716276, "Latitude": 14.394595 }, "geometry": { "type": "Point", "coordinates": [ 17.716276, 14.394595 ] } },
{ "type": "Feature", "properties": { "device_id": 375915.0, "UTC_datetime": "2025-11-09T10:34:28Z", "UTC_date": "2025-11-09", "Longitude": 17.635475, "Latitude": 14.518973 }, "geometry": { "type": "Point", "coordinates": [ 17.635475, 14.518973 ] } },
{ "type": "Feature", "properties": { "device_id": 375915.0, "UTC_datetime": "2025-11-09T11:34:13Z", "UTC_date": "2025-11-09", "Longitude": 17.627993, "Latitude": 14.460526 }, "geometry": { "type": "Point", "coordinates": [ 17.627993, 14.460526 ] } },
{ "type": "Feature", "properties": { "device_id": 375915.0, "UTC_datetime": "2025-11-09T12:33:59Z", "UTC_date": "2025-11-09", "Longitude": 17.718227, "Latitude": 14.375338 }, "geometry": { "type": "Point", "coordinates": [ 17.718227, 14.375338 ] } },
{ "type": "Feature", "properties": { "device_id": 375915.0, "UTC_datetime": "2025-11-09T13:34:13Z", "UTC_date": "2025-11-09", "Longitude": 17.790743, "Latitude": 14.375238 }, "geometry": { "type": "Point", "coordinates": [ 17.790743, 14.375238 ] } },
{ "type": "Feature", "properties": { "device_id": 375915.0, "UTC_datetime": "2025-11-09T14:33:58Z", "UTC_date": "2025-11-09", "Longitude": 17.841034, "Latitude": 14.314247 }, "geometry": { "type": "Point", "coordinates": [ 17.841034, 14.314247 ] } },
{ "type": "Feature", "properties": { "device_id": 375915.0, "UTC_datetime": "2025-11-10T07:34:12Z", "UTC_date": "2025-11-10", "Longitude": 17.86422, "Latitude": 14.292076 }, "geometry": { "type": "Point", "coordinates": [ 17.86422, 14.292076 ] } },
{ "type": "Feature", "properties": { "device_id": 375915.0, "UTC_datetime": "2025-11-10T08:34:00Z", "UTC_date": "2025-11-10", "Longitude": 17.894176, "Latitude": 14.28495 }, "geometry": { "type": "Point", "coordinates": [ 17.894176, 14.28495 ] } },
{ "type": "Feature", "properties": { "device_id": 375915.0, "UTC_datetime": "2025-11-10T09:34:28Z", "UTC_date": "2025-11-10", "Longitude": 17.844112, "Latitude": 14.325494 }, "geometry": { "type": "Point", "coordinates": [ 17.844112, 14.325494 ] } },
{ "type": "Feature", "properties": { "device_id": 375915.0, "UTC_datetime": "2025-11-10T10:33:57Z", "UTC_date": "2025-11-10", "Longitude": 17.841713, "Latitude": 14.319313 }, "geometry": { "type": "Point", "coordinates": [ 17.841713, 14.319313 ] } },
{ "type": "Feature", "properties": { "device_id": 375915.0, "UTC_datetime": "2025-11-10T11:33:58Z", "UTC_date": "2025-11-10", "Longitude": 17.858246, "Latitude": 14.305298 }, "geometry": { "type": "Point", "coordinates": [ 17.858246, 14.305298 ] } },
{ "type": "Feature", "properties": { "device_id": 375915.0, "UTC_datetime": "2025-11-10T12:34:29Z", "UTC_date": "2025-11-10", "Longitude": 17.847347, "Latitude": 14.315625 }, "geometry": { "type": "Point", "coordinates": [ 17.847347, 14.315625 ] } },
{ "type": "Feature", "properties": { "device_id": 375915.0, "UTC_datetime": "2025-11-10T13:33:58Z", "UTC_date": "2025-11-10", "Longitude": 17.850935, "Latitude": 14.318197 }, "geometry": { "type": "Point", "coordinates": [ 17.850935, 14.318197 ] } },
{ "type": "Feature", "properties": { "device_id": 375915.0, "UTC_datetime": "2025-11-10T14:34:13Z", "UTC_date": "2025-11-10", "Longitude": 17.868649, "Latitude": 14.303809 }, "geometry": { "type": "Point", "coordinates": [ 17.868649, 14.303809 ] } },
{ "type": "Feature", "properties": { "device_id": 375915.0, "UTC_datetime": "2025-11-11T07:33:58Z", "UTC_date": "2025-11-11", "Longitude": 17.844645, "Latitude": 14.316513 }, "geometry": { "type": "Point", "coordinates": [ 17.844645, 14.316513 ] } },
{ "type": "Feature", "properties": { "device_id": 375915.0, "UTC_datetime": "2025-11-11T08:33:59Z", "UTC_date": "2025-11-11", "Longitude": 17.834286, "Latitude": 14.30373 }, "geometry": { "type": "Point", "coordinates": [ 17.834286, 14.30373 ] } },
{ "type": "Feature", "properties": { "device_id": 375915.0, "UTC_datetime": "2025-11-11T09:33:59Z", "UTC_date": "2025-11-11", "Longitude": 17.784681, "Latitude": 14.302658 }, "geometry": { "type": "Point", "coordinates": [ 17.784681, 14.302658 ] } },
{ "type": "Feature", "properties": { "device_id": 375915.0, "UTC_datetime": "2025-11-11T10:34:28Z", "UTC_date": "2025-11-11", "Longitude": 17.842627, "Latitude": 14.330691 }, "geometry": { "type": "Point", "coordinates": [ 17.842627, 14.330691 ] } },
{ "type": "Feature", "properties": { "device_id": 375915.0, "UTC_datetime": "2025-11-11T11:33:59Z", "UTC_date": "2025-11-11", "Longitude": 17.84606, "Latitude": 14.322584 }, "geometry": { "type": "Point", "coordinates": [ 17.84606, 14.322584 ] } },
{ "type": "Feature", "properties": { "device_id": 375915.0, "UTC_datetime": "2025-11-11T12:33:58Z", "UTC_date": "2025-11-11", "Longitude": 17.83292, "Latitude": 14.326097 }, "geometry": { "type": "Point", "coordinates": [ 17.83292, 14.326097 ] } },
{ "type": "Feature", "properties": { "device_id": 375915.0, "UTC_datetime": "2025-11-11T13:34:13Z", "UTC_date": "2025-11-11", "Longitude": 17.848341, "Latitude": 14.32128 }, "geometry": { "type": "Point", "coordinates": [ 17.848341, 14.32128 ] } },
{ "type": "Feature", "properties": { "device_id": 375915.0, "UTC_datetime": "2025-11-11T14:34:28Z", "UTC_date": "2025-11-11", "Longitude": 17.834875, "Latitude": 14.325291 }, "geometry": { "type": "Point", "coordinates": [ 17.834875, 14.325291 ] } },
{ "type": "Feature", "properties": { "device_id": 375915.0, "UTC_datetime": "2025-11-12T07:34:02Z", "UTC_date": "2025-11-12", "Longitude": 17.843811, "Latitude": 14.322994 }, "geometry": { "type": "Point", "coordinates": [ 17.843811, 14.322994 ] } },
{ "type": "Feature", "properties": { "device_id": 375915.0, "UTC_datetime": "2025-11-12T08:34:29Z", "UTC_date": "2025-11-12", "Longitude": 17.831984, "Latitude": 14.324318 }, "geometry": { "type": "Point", "coordinates": [ 17.831984, 14.324318 ] } },
{ "type": "Feature", "properties": { "device_id": 375915.0, "UTC_datetime": "2025-11-12T09:34:00Z", "UTC_date": "2025-11-12", "Longitude": 17.748804, "Latitude": 14.342509 }, "geometry": { "type": "Point", "coordinates": [ 17.748804, 14.342509 ] } },
{ "type": "Feature", "properties": { "device_id": 375915.0, "UTC_datetime": "2025-11-12T10:34:00Z", "UTC_date": "2025-11-12", "Longitude": 17.724564, "Latitude": 14.374698 }, "geometry": { "type": "Point", "coordinates": [ 17.724564, 14.374698 ] } },
{ "type": "Feature", "properties": { "device_id": 375915.0, "UTC_datetime": "2025-11-12T11:34:00Z", "UTC_date": "2025-11-12", "Longitude": 17.839748, "Latitude": 14.321986 }, "geometry": { "type": "Point", "coordinates": [ 17.839748, 14.321986 ] } },
{ "type": "Feature", "properties": { "device_id": 375915.0, "UTC_datetime": "2025-11-12T12:34:29Z", "UTC_date": "2025-11-12", "Longitude": 17.861275, "Latitude": 14.340196 }, "geometry": { "type": "Point", "coordinates": [ 17.861275, 14.340196 ] } },
{ "type": "Feature", "properties": { "device_id": 375915.0, "UTC_datetime": "2025-11-12T13:34:01Z", "UTC_date": "2025-11-12", "Longitude": 17.84458, "Latitude": 14.343441 }, "geometry": { "type": "Point", "coordinates": [ 17.84458, 14.343441 ] } },
{ "type": "Feature", "properties": { "device_id": 375915.0, "UTC_datetime": "2025-11-12T14:34:13Z", "UTC_date": "2025-11-12", "Longitude": 17.857647, "Latitude": 14.32546 }, "geometry": { "type": "Point", "coordinates": [ 17.857647, 14.32546 ] } },
{ "type": "Feature", "properties": { "device_id": 375915.0, "UTC_datetime": "2025-11-13T07:34:13Z", "UTC_date": "2025-11-13", "Longitude": 17.849022, "Latitude": 14.306996 }, "geometry": { "type": "Point", "coordinates": [ 17.849022, 14.306996 ] } },
{ "type": "Feature", "properties": { "device_id": 375915.0, "UTC_datetime": "2025-11-13T08:34:03Z", "UTC_date": "2025-11-13", "Longitude": 17.818661, "Latitude": 14.318443 }, "geometry": { "type": "Point", "coordinates": [ 17.818661, 14.318443 ] } },
{ "type": "Feature", "properties": { "device_id": 375915.0, "UTC_datetime": "2025-11-13T09:34:29Z", "UTC_date": "2025-11-13", "Longitude": 17.691961, "Latitude": 14.259955 }, "geometry": { "type": "Point", "coordinates": [ 17.691961, 14.259955 ] } },
{ "type": "Feature", "properties": { "device_id": 375915.0, "UTC_datetime": "2025-11-13T10:34:02Z", "UTC_date": "2025-11-13", "Longitude": 17.574709, "Latitude": 14.219298 }, "geometry": { "type": "Point", "coordinates": [ 17.574709, 14.219298 ] } },
{ "type": "Feature", "properties": { "device_id": 375915.0, "UTC_datetime": "2025-11-13T11:34:13Z", "UTC_date": "2025-11-13", "Longitude": 17.622791, "Latitude": 14.298871 }, "geometry": { "type": "Point", "coordinates": [ 17.622791, 14.298871 ] } },
{ "type": "Feature", "properties": { "device_id": 375915.0, "UTC_datetime": "2025-11-13T12:34:35Z", "UTC_date": "2025-11-13", "Longitude": 17.633867, "Latitude": 14.402266 }, "geometry": { "type": "Point", "coordinates": [ 17.633867, 14.402266 ] } },
{ "type": "Feature", "properties": { "device_id": 375915.0, "UTC_datetime": "2025-11-13T13:34:01Z", "UTC_date": "2025-11-13", "Longitude": 17.710842, "Latitude": 14.460237 }, "geometry": { "type": "Point", "coordinates": [ 17.710842, 14.460237 ] } },
{ "type": "Feature", "properties": { "device_id": 375915.0, "UTC_datetime": "2025-11-13T14:34:04Z", "UTC_date": "2025-11-13", "Longitude": 17.792698, "Latitude": 14.368246 }, "geometry": { "type": "Point", "coordinates": [ 17.792698, 14.368246 ] } },
{ "type": "Feature", "properties": { "device_id": 375915.0, "UTC_datetime": "2025-11-14T07:34:03Z", "UTC_date": "2025-11-14", "Longitude": 17.837231, "Latitude": 14.315201 }, "geometry": { "type": "Point", "coordinates": [ 17.837231, 14.315201 ] } },
{ "type": "Feature", "properties": { "device_id": 375915.0, "UTC_datetime": "2025-11-14T08:34:35Z", "UTC_date": "2025-11-14", "Longitude": 17.718451, "Latitude": 14.306916 }, "geometry": { "type": "Point", "coordinates": [ 17.718451, 14.306916 ] } },
{ "type": "Feature", "properties": { "device_id": 375915.0, "UTC_datetime": "2025-11-14T09:34:03Z", "UTC_date": "2025-11-14", "Longitude": 17.708693, "Latitude": 14.369264 }, "geometry": { "type": "Point", "coordinates": [ 17.708693, 14.369264 ] } },
{ "type": "Feature", "properties": { "device_id": 375915.0, "UTC_datetime": "2025-11-14T10:34:03Z", "UTC_date": "2025-11-14", "Longitude": 17.753567, "Latitude": 14.364408 }, "geometry": { "type": "Point", "coordinates": [ 17.753567, 14.364408 ] } },
{ "type": "Feature", "properties": { "device_id": 375915.0, "UTC_datetime": "2025-11-14T11:34:03Z", "UTC_date": "2025-11-14", "Longitude": 17.795513, "Latitude": 14.363673 }, "geometry": { "type": "Point", "coordinates": [ 17.795513, 14.363673 ] } },
{ "type": "Feature", "properties": { "device_id": 375915.0, "UTC_datetime": "2025-11-14T12:34:34Z", "UTC_date": "2025-11-14", "Longitude": 17.892273, "Latitude": 14.363878 }, "geometry": { "type": "Point", "coordinates": [ 17.892273, 14.363878 ] } },
{ "type": "Feature", "properties": { "device_id": 375915.0, "UTC_datetime": "2025-11-14T13:34:03Z", "UTC_date": "2025-11-14", "Longitude": 17.896513, "Latitude": 14.319185 }, "geometry": { "type": "Point", "coordinates": [ 17.896513, 14.319185 ] } },
{ "type": "Feature", "properties": { "device_id": 375915.0, "UTC_datetime": "2025-11-14T14:34:13Z", "UTC_date": "2025-11-14", "Longitude": 17.929571, "Latitude": 14.372184 }, "geometry": { "type": "Point", "coordinates": [ 17.929571, 14.372184 ] } },
{ "type": "Feature", "properties": { "device_id": 375915.0, "UTC_datetime": "2025-11-15T07:34:35Z", "UTC_date": "2025-11-15", "Longitude": 17.818588, "Latitude": 14.320587 }, "geometry": { "type": "Point", "coordinates": [ 17.818588, 14.320587 ] } },
{ "type": "Feature", "properties": { "device_id": 375915.0, "UTC_datetime": "2025-11-15T08:34:03Z", "UTC_date": "2025-11-15", "Longitude": 17.778635, "Latitude": 14.288277 }, "geometry": { "type": "Point", "coordinates": [ 17.778635, 14.288277 ] } },
{ "type": "Feature", "properties": { "device_id": 375915.0, "UTC_datetime": "2025-11-15T09:34:03Z", "UTC_date": "2025-11-15", "Longitude": 17.766878, "Latitude": 14.329412 }, "geometry": { "type": "Point", "coordinates": [ 17.766878, 14.329412 ] } },
{ "type": "Feature", "properties": { "device_id": 375915.0, "UTC_datetime": "2025-11-15T10:34:34Z", "UTC_date": "2025-11-15", "Longitude": 17.812059, "Latitude": 14.376342 }, "geometry": { "type": "Point", "coordinates": [ 17.812059, 14.376342 ] } },
{ "type": "Feature", "properties": { "device_id": 375915.0, "UTC_datetime": "2025-11-15T11:34:04Z", "UTC_date": "2025-11-15", "Longitude": 17.876001, "Latitude": 14.412329 }, "geometry": { "type": "Point", "coordinates": [ 17.876001, 14.412329 ] } },
{ "type": "Feature", "properties": { "device_id": 375915.0, "UTC_datetime": "2025-11-15T12:34:04Z", "UTC_date": "2025-11-15", "Longitude": 17.859732, "Latitude": 14.484858 }, "geometry": { "type": "Point", "coordinates": [ 17.859732, 14.484858 ] } },
{ "type": "Feature", "properties": { "device_id": 375915.0, "UTC_datetime": "2025-11-15T13:34:06Z", "UTC_date": "2025-11-15", "Longitude": 17.806206, "Latitude": 14.370097 }, "geometry": { "type": "Point", "coordinates": [ 17.806206, 14.370097 ] } },
{ "type": "Feature", "properties": { "device_id": 375915.0, "UTC_datetime": "2025-11-15T14:34:34Z", "UTC_date": "2025-11-15", "Longitude": 17.829092, "Latitude": 14.320958 }, "geometry": { "type": "Point", "coordinates": [ 17.829092, 14.320958 ] } },
{ "type": "Feature", "properties": { "device_id": 375915.0, "UTC_datetime": "2025-11-16T07:34:05Z", "UTC_date": "2025-11-16", "Longitude": 17.739021, "Latitude": 14.29948 }, "geometry": { "type": "Point", "coordinates": [ 17.739021, 14.29948 ] } },
{ "type": "Feature", "properties": { "device_id": 375915.0, "UTC_datetime": "2025-11-16T08:34:05Z", "UTC_date": "2025-11-16", "Longitude": 17.768162, "Latitude": 14.341343 }, "geometry": { "type": "Point", "coordinates": [ 17.768162, 14.341343 ] } },
{ "type": "Feature", "properties": { "device_id": 375915.0, "UTC_datetime": "2025-11-16T09:34:06Z", "UTC_date": "2025-11-16", "Longitude": 17.809004, "Latitude": 14.327581 }, "geometry": { "type": "Point", "coordinates": [ 17.809004, 14.327581 ] } },
{ "type": "Feature", "properties": { "device_id": 375915.0, "UTC_datetime": "2025-11-16T10:34:34Z", "UTC_date": "2025-11-16", "Longitude": 17.783112, "Latitude": 14.306202 }, "geometry": { "type": "Point", "coordinates": [ 17.783112, 14.306202 ] } },
{ "type": "Feature", "properties": { "device_id": 375915.0, "UTC_datetime": "2025-11-16T11:34:05Z", "UTC_date": "2025-11-16", "Longitude": 17.817455, "Latitude": 14.339062 }, "geometry": { "type": "Point", "coordinates": [ 17.817455, 14.339062 ] } },
{ "type": "Feature", "properties": { "device_id": 375915.0, "UTC_datetime": "2025-11-16T12:34:06Z", "UTC_date": "2025-11-16", "Longitude": 17.818331, "Latitude": 14.337166 }, "geometry": { "type": "Point", "coordinates": [ 17.818331, 14.337166 ] } },
{ "type": "Feature", "properties": { "device_id": 375915.0, "UTC_datetime": "2025-11-16T13:34:35Z", "UTC_date": "2025-11-16", "Longitude": 17.843136, "Latitude": 14.313472 }, "geometry": { "type": "Point", "coordinates": [ 17.843136, 14.313472 ] } },
{ "type": "Feature", "properties": { "device_id": 375915.0, "UTC_datetime": "2025-11-16T14:34:05Z", "UTC_date": "2025-11-16", "Longitude": 17.81657, "Latitude": 14.331333 }, "geometry": { "type": "Point", "coordinates": [ 17.81657, 14.331333 ] } },
{ "type": "Feature", "properties": { "device_id": 375915.0, "UTC_datetime": "2025-11-17T07:34:07Z", "UTC_date": "2025-11-17", "Longitude": 17.806099, "Latitude": 14.331776 }, "geometry": { "type": "Point", "coordinates": [ 17.806099, 14.331776 ] } },
{ "type": "Feature", "properties": { "device_id": 375915.0, "UTC_datetime": "2025-11-17T08:34:07Z", "UTC_date": "2025-11-17", "Longitude": 17.757126, "Latitude": 14.318242 }, "geometry": { "type": "Point", "coordinates": [ 17.757126, 14.318242 ] } },
{ "type": "Feature", "properties": { "device_id": 375915.0, "UTC_datetime": "2025-11-17T09:34:06Z", "UTC_date": "2025-11-17", "Longitude": 17.819645, "Latitude": 14.310061 }, "geometry": { "type": "Point", "coordinates": [ 17.819645, 14.310061 ] } },
{ "type": "Feature", "properties": { "device_id": 375915.0, "UTC_datetime": "2025-11-17T10:34:34Z", "UTC_date": "2025-11-17", "Longitude": 17.775005, "Latitude": 14.374199 }, "geometry": { "type": "Point", "coordinates": [ 17.775005, 14.374199 ] } },
{ "type": "Feature", "properties": { "device_id": 375915.0, "UTC_datetime": "2025-11-17T11:34:07Z", "UTC_date": "2025-11-17", "Longitude": 17.625423, "Latitude": 14.498161 }, "geometry": { "type": "Point", "coordinates": [ 17.625423, 14.498161 ] } },
{ "type": "Feature", "properties": { "device_id": 375915.0, "UTC_datetime": "2025-11-17T12:34:06Z", "UTC_date": "2025-11-17", "Longitude": 17.389151, "Latitude": 14.622191 }, "geometry": { "type": "Point", "coordinates": [ 17.389151, 14.622191 ] } },
{ "type": "Feature", "properties": { "device_id": 375915.0, "UTC_datetime": "2025-11-17T13:34:08Z", "UTC_date": "2025-11-17", "Longitude": 17.253668, "Latitude": 14.692399 }, "geometry": { "type": "Point", "coordinates": [ 17.253668, 14.692399 ] } },
{ "type": "Feature", "properties": { "device_id": 375915.0, "UTC_datetime": "2025-11-17T14:34:34Z", "UTC_date": "2025-11-17", "Longitude": 17.238852, "Latitude": 14.684622 }, "geometry": { "type": "Point", "coordinates": [ 17.238852, 14.684622 ] } },
{ "type": "Feature", "properties": { "device_id": 375915.0, "UTC_datetime": "2025-11-18T07:34:09Z", "UTC_date": "2025-11-18", "Longitude": 17.144213, "Latitude": 14.4918 }, "geometry": { "type": "Point", "coordinates": [ 17.144213, 14.4918 ] } },
{ "type": "Feature", "properties": { "device_id": 375915.0, "UTC_datetime": "2025-11-18T08:34:34Z", "UTC_date": "2025-11-18", "Longitude": 16.818771, "Latitude": 14.337489 }, "geometry": { "type": "Point", "coordinates": [ 16.818771, 14.337489 ] } },
{ "type": "Feature", "properties": { "device_id": 375915.0, "UTC_datetime": "2025-11-18T09:34:07Z", "UTC_date": "2025-11-18", "Longitude": 16.462587, "Latitude": 14.243172 }, "geometry": { "type": "Point", "coordinates": [ 16.462587, 14.243172 ] } },
{ "type": "Feature", "properties": { "device_id": 375915.0, "UTC_datetime": "2025-11-18T10:34:34Z", "UTC_date": "2025-11-18", "Longitude": 16.087046, "Latitude": 14.092989 }, "geometry": { "type": "Point", "coordinates": [ 16.087046, 14.092989 ] } },
{ "type": "Feature", "properties": { "device_id": 375915.0, "UTC_datetime": "2025-11-18T11:34:07Z", "UTC_date": "2025-11-18", "Longitude": 15.668615, "Latitude": 13.813881 }, "geometry": { "type": "Point", "coordinates": [ 15.668615, 13.813881 ] } },
{ "type": "Feature", "properties": { "device_id": 375915.0, "UTC_datetime": "2025-11-18T12:34:08Z", "UTC_date": "2025-11-18", "Longitude": 15.313708, "Latitude": 13.567019 }, "geometry": { "type": "Point", "coordinates": [ 15.313708, 13.567019 ] } },
{ "type": "Feature", "properties": { "device_id": 375915.0, "UTC_datetime": "2025-11-18T13:34:08Z", "UTC_date": "2025-11-18", "Longitude": 15.17052, "Latitude": 13.29893 }, "geometry": { "type": "Point", "coordinates": [ 15.17052, 13.29893 ] } },
{ "type": "Feature", "properties": { "device_id": 375915.0, "UTC_datetime": "2025-11-18T14:34:34Z", "UTC_date": "2025-11-18", "Longitude": 15.322993, "Latitude": 13.073359 }, "geometry": { "type": "Point", "coordinates": [ 15.322993, 13.073359 ] } },
{ "type": "Feature", "properties": { "device_id": 375915.0, "UTC_datetime": "2025-11-19T07:34:09Z", "UTC_date": "2025-11-19", "Longitude": 15.358766, "Latitude": 12.868793 }, "geometry": { "type": "Point", "coordinates": [ 15.358766, 12.868793 ] } },
{ "type": "Feature", "properties": { "device_id": 375915.0, "UTC_datetime": "2025-11-19T08:34:35Z", "UTC_date": "2025-11-19", "Longitude": 15.257368, "Latitude": 12.728665 }, "geometry": { "type": "Point", "coordinates": [ 15.257368, 12.728665 ] } },
{ "type": "Feature", "properties": { "device_id": 375915.0, "UTC_datetime": "2025-11-19T09:34:08Z", "UTC_date": "2025-11-19", "Longitude": 15.07833, "Latitude": 12.532684 }, "geometry": { "type": "Point", "coordinates": [ 15.07833, 12.532684 ] } },
{ "type": "Feature", "properties": { "device_id": 375915.0, "UTC_datetime": "2025-11-19T10:34:10Z", "UTC_date": "2025-11-19", "Longitude": 14.937776, "Latitude": 12.380051 }, "geometry": { "type": "Point", "coordinates": [ 14.937776, 12.380051 ] } },
{ "type": "Feature", "properties": { "device_id": 375915.0, "UTC_datetime": "2025-11-19T11:34:09Z", "UTC_date": "2025-11-19", "Longitude": 14.818606, "Latitude": 12.253138 }, "geometry": { "type": "Point", "coordinates": [ 14.818606, 12.253138 ] } },
{ "type": "Feature", "properties": { "device_id": 375915.0, "UTC_datetime": "2025-11-19T12:34:34Z", "UTC_date": "2025-11-19", "Longitude": 14.752722, "Latitude": 12.168201 }, "geometry": { "type": "Point", "coordinates": [ 14.752722, 12.168201 ] } },
{ "type": "Feature", "properties": { "device_id": 375915.0, "UTC_datetime": "2025-11-19T13:34:08Z", "UTC_date": "2025-11-19", "Longitude": 14.762277, "Latitude": 12.162738 }, "geometry": { "type": "Point", "coordinates": [ 14.762277, 12.162738 ] } },
{ "type": "Feature", "properties": { "device_id": 375915.0, "UTC_datetime": "2025-11-19T14:34:09Z", "UTC_date": "2025-11-19", "Longitude": 14.751606, "Latitude": 12.249909 }, "geometry": { "type": "Point", "coordinates": [ 14.751606, 12.249909 ] } },
{ "type": "Feature", "properties": { "device_id": 375915.0, "UTC_datetime": "2025-11-20T07:34:11Z", "UTC_date": "2025-11-20", "Longitude": 14.776723, "Latitude": 12.15669 }, "geometry": { "type": "Point", "coordinates": [ 14.776723, 12.15669 ] } },
{ "type": "Feature", "properties": { "device_id": 375915.0, "UTC_datetime": "2025-11-20T08:34:12Z", "UTC_date": "2025-11-20", "Longitude": 14.68681, "Latitude": 12.224238 }, "geometry": { "type": "Point", "coordinates": [ 14.68681, 12.224238 ] } },
{ "type": "Feature", "properties": { "device_id": 375915.0, "UTC_datetime": "2025-11-20T09:34:11Z", "UTC_date": "2025-11-20", "Longitude": 14.475718, "Latitude": 12.106286 }, "geometry": { "type": "Point", "coordinates": [ 14.475718, 12.106286 ] } },
{ "type": "Feature", "properties": { "device_id": 375915.0, "UTC_datetime": "2025-11-20T10:34:34Z", "UTC_date": "2025-11-20", "Longitude": 14.253793, "Latitude": 11.970428 }, "geometry": { "type": "Point", "coordinates": [ 14.253793, 11.970428 ] } },
{ "type": "Feature", "properties": { "device_id": 375915.0, "UTC_datetime": "2025-11-20T11:34:10Z", "UTC_date": "2025-11-20", "Longitude": 14.076922, "Latitude": 11.892542 }, "geometry": { "type": "Point", "coordinates": [ 14.076922, 11.892542 ] } },
{ "type": "Feature", "properties": { "device_id": 375915.0, "UTC_datetime": "2025-11-20T12:34:13Z", "UTC_date": "2025-11-20", "Longitude": 13.977861, "Latitude": 11.800867 }, "geometry": { "type": "Point", "coordinates": [ 13.977861, 11.800867 ] } },
{ "type": "Feature", "properties": { "device_id": 375915.0, "UTC_datetime": "2025-11-20T13:34:35Z", "UTC_date": "2025-11-20", "Longitude": 13.820765, "Latitude": 11.707802 }, "geometry": { "type": "Point", "coordinates": [ 13.820765, 11.707802 ] } },
{ "type": "Feature", "properties": { "device_id": 375915.0, "UTC_datetime": "2025-11-20T14:34:10Z", "UTC_date": "2025-11-20", "Longitude": 13.724268, "Latitude": 11.618381 }, "geometry": { "type": "Point", "coordinates": [ 13.724268, 11.618381 ] } },
{ "type": "Feature", "properties": { "device_id": 375915.0, "UTC_datetime": "2025-11-21T07:34:11Z", "UTC_date": "2025-11-21", "Longitude": 13.698922, "Latitude": 11.602499 }, "geometry": { "type": "Point", "coordinates": [ 13.698922, 11.602499 ] } },
{ "type": "Feature", "properties": { "device_id": 375915.0, "UTC_datetime": "2025-11-21T08:34:12Z", "UTC_date": "2025-11-21", "Longitude": 13.619743, "Latitude": 11.634445 }, "geometry": { "type": "Point", "coordinates": [ 13.619743, 11.634445 ] } },
{ "type": "Feature", "properties": { "device_id": 375915.0, "UTC_datetime": "2025-11-21T09:34:35Z", "UTC_date": "2025-11-21", "Longitude": 13.478518, "Latitude": 11.645107 }, "geometry": { "type": "Point", "coordinates": [ 13.478518, 11.645107 ] } },
{ "type": "Feature", "properties": { "device_id": 375915.0, "UTC_datetime": "2025-11-21T10:34:12Z", "UTC_date": "2025-11-21", "Longitude": 13.493555, "Latitude": 11.585774 }, "geometry": { "type": "Point", "coordinates": [ 13.493555, 11.585774 ] } },
{ "type": "Feature", "properties": { "device_id": 375915.0, "UTC_datetime": "2025-11-21T11:34:11Z", "UTC_date": "2025-11-21", "Longitude": 13.471009, "Latitude": 11.657976 }, "geometry": { "type": "Point", "coordinates": [ 13.471009, 11.657976 ] } },
{ "type": "Feature", "properties": { "device_id": 375915.0, "UTC_datetime": "2025-11-21T12:34:43Z", "UTC_date": "2025-11-21", "Longitude": 13.521533, "Latitude": 11.755738 }, "geometry": { "type": "Point", "coordinates": [ 13.521533, 11.755738 ] } },
{ "type": "Feature", "properties": { "device_id": 375915.0, "UTC_datetime": "2025-11-21T13:34:35Z", "UTC_date": "2025-11-21", "Longitude": 13.536746, "Latitude": 11.807434 }, "geometry": { "type": "Point", "coordinates": [ 13.536746, 11.807434 ] } },
{ "type": "Feature", "properties": { "device_id": 375915.0, "UTC_datetime": "2025-11-21T14:34:12Z", "UTC_date": "2025-11-21", "Longitude": 13.617438, "Latitude": 11.729747 }, "geometry": { "type": "Point", "coordinates": [ 13.617438, 11.729747 ] } },
{ "type": "Feature", "properties": { "device_id": 375915.0, "UTC_datetime": "2025-11-22T07:34:17Z", "UTC_date": "2025-11-22", "Longitude": 13.678307, "Latitude": 11.711835 }, "geometry": { "type": "Point", "coordinates": [ 13.678307, 11.711835 ] } },
{ "type": "Feature", "properties": { "device_id": 375915.0, "UTC_datetime": "2025-11-22T08:34:34Z", "UTC_date": "2025-11-22", "Longitude": 13.671208, "Latitude": 11.712505 }, "geometry": { "type": "Point", "coordinates": [ 13.671208, 11.712505 ] } },
{ "type": "Feature", "properties": { "device_id": 375915.0, "UTC_datetime": "2025-11-22T09:34:12Z", "UTC_date": "2025-11-22", "Longitude": 13.679191, "Latitude": 11.66051 }, "geometry": { "type": "Point", "coordinates": [ 13.679191, 11.66051 ] } },
{ "type": "Feature", "properties": { "device_id": 375915.0, "UTC_datetime": "2025-11-22T10:34:35Z", "UTC_date": "2025-11-22", "Longitude": 13.682082, "Latitude": 11.599158 }, "geometry": { "type": "Point", "coordinates": [ 13.682082, 11.599158 ] } },
{ "type": "Feature", "properties": { "device_id": 375915.0, "UTC_datetime": "2025-11-22T11:34:12Z", "UTC_date": "2025-11-22", "Longitude": 13.754715, "Latitude": 11.571429 }, "geometry": { "type": "Point", "coordinates": [ 13.754715, 11.571429 ] } },
{ "type": "Feature", "properties": { "device_id": 375915.0, "UTC_datetime": "2025-11-22T12:34:13Z", "UTC_date": "2025-11-22", "Longitude": 13.793021, "Latitude": 11.458653 }, "geometry": { "type": "Point", "coordinates": [ 13.793021, 11.458653 ] } },
{ "type": "Feature", "properties": { "device_id": 375915.0, "UTC_datetime": "2025-11-22T13:34:17Z", "UTC_date": "2025-11-22", "Longitude": 13.894334, "Latitude": 11.292094 }, "geometry": { "type": "Point", "coordinates": [ 13.894334, 11.292094 ] } },
{ "type": "Feature", "properties": { "device_id": 375915.0, "UTC_datetime": "2025-11-22T14:34:34Z", "UTC_date": "2025-11-22", "Longitude": 13.866306, "Latitude": 11.294266 }, "geometry": { "type": "Point", "coordinates": [ 13.866306, 11.294266 ] } },
{ "type": "Feature", "properties": { "device_id": 375915.0, "UTC_datetime": "2025-11-23T07:34:15Z", "UTC_date": "2025-11-23", "Longitude": 13.870118, "Latitude": 11.286836 }, "geometry": { "type": "Point", "coordinates": [ 13.870118, 11.286836 ] } },
{ "type": "Feature", "properties": { "device_id": 375915.0, "UTC_datetime": "2025-11-23T08:34:35Z", "UTC_date": "2025-11-23", "Longitude": 13.849387, "Latitude": 11.293816 }, "geometry": { "type": "Point", "coordinates": [ 13.849387, 11.293816 ] } },
{ "type": "Feature", "properties": { "device_id": 375915.0, "UTC_datetime": "2025-11-23T09:34:15Z", "UTC_date": "2025-11-23", "Longitude": 13.853606, "Latitude": 11.401925 }, "geometry": { "type": "Point", "coordinates": [ 13.853606, 11.401925 ] } },
{ "type": "Feature", "properties": { "device_id": 375915.0, "UTC_datetime": "2025-11-23T10:34:35Z", "UTC_date": "2025-11-23", "Longitude": 13.862592, "Latitude": 11.40451 }, "geometry": { "type": "Point", "coordinates": [ 13.862592, 11.40451 ] } },
{ "type": "Feature", "properties": { "device_id": 375915.0, "UTC_datetime": "2025-11-23T11:34:14Z", "UTC_date": "2025-11-23", "Longitude": 13.872771, "Latitude": 11.405921 }, "geometry": { "type": "Point", "coordinates": [ 13.872771, 11.405921 ] } },
{ "type": "Feature", "properties": { "device_id": 375915.0, "UTC_datetime": "2025-11-23T12:34:35Z", "UTC_date": "2025-11-23", "Longitude": 13.866446, "Latitude": 11.282681 }, "geometry": { "type": "Point", "coordinates": [ 13.866446, 11.282681 ] } },
{ "type": "Feature", "properties": { "device_id": 375915.0, "UTC_datetime": "2025-11-23T13:34:15Z", "UTC_date": "2025-11-23", "Longitude": 13.893072, "Latitude": 11.243695 }, "geometry": { "type": "Point", "coordinates": [ 13.893072, 11.243695 ] } },
{ "type": "Feature", "properties": { "device_id": 375915.0, "UTC_datetime": "2025-11-23T14:34:35Z", "UTC_date": "2025-11-23", "Longitude": 13.887549, "Latitude": 11.2699 }, "geometry": { "type": "Point", "coordinates": [ 13.887549, 11.2699 ] } },
{ "type": "Feature", "properties": { "device_id": 375915.0, "UTC_datetime": "2025-11-24T07:34:17Z", "UTC_date": "2025-11-24", "Longitude": 13.873974, "Latitude": 11.288408 }, "geometry": { "type": "Point", "coordinates": [ 13.873974, 11.288408 ] } },
{ "type": "Feature", "properties": { "device_id": 375915.0, "UTC_datetime": "2025-11-24T08:34:35Z", "UTC_date": "2025-11-24", "Longitude": 13.867881, "Latitude": 11.27961 }, "geometry": { "type": "Point", "coordinates": [ 13.867881, 11.27961 ] } },
{ "type": "Feature", "properties": { "device_id": 375915.0, "UTC_datetime": "2025-11-24T09:34:15Z", "UTC_date": "2025-11-24", "Longitude": 13.897756, "Latitude": 11.19081 }, "geometry": { "type": "Point", "coordinates": [ 13.897756, 11.19081 ] } },
{ "type": "Feature", "properties": { "device_id": 375915.0, "UTC_datetime": "2025-11-24T10:34:16Z", "UTC_date": "2025-11-24", "Longitude": 13.901121, "Latitude": 11.261678 }, "geometry": { "type": "Point", "coordinates": [ 13.901121, 11.261678 ] } },
{ "type": "Feature", "properties": { "device_id": 375915.0, "UTC_datetime": "2025-11-24T11:34:17Z", "UTC_date": "2025-11-24", "Longitude": 13.871636, "Latitude": 11.395167 }, "geometry": { "type": "Point", "coordinates": [ 13.871636, 11.395167 ] } },
{ "type": "Feature", "properties": { "device_id": 375915.0, "UTC_datetime": "2025-11-24T12:34:34Z", "UTC_date": "2025-11-24", "Longitude": 13.877281, "Latitude": 11.396217 }, "geometry": { "type": "Point", "coordinates": [ 13.877281, 11.396217 ] } },
{ "type": "Feature", "properties": { "device_id": 375915.0, "UTC_datetime": "2025-11-24T13:34:15Z", "UTC_date": "2025-11-24", "Longitude": 13.878698, "Latitude": 11.391243 }, "geometry": { "type": "Point", "coordinates": [ 13.878698, 11.391243 ] } },
{ "type": "Feature", "properties": { "device_id": 375915.0, "UTC_datetime": "2025-11-24T14:34:17Z", "UTC_date": "2025-11-24", "Longitude": 13.891004, "Latitude": 11.333154 }, "geometry": { "type": "Point", "coordinates": [ 13.891004, 11.333154 ] } },
{ "type": "Feature", "properties": { "device_id": 375915.0, "UTC_datetime": "2025-11-25T07:34:35Z", "UTC_date": "2025-11-25", "Longitude": 13.878901, "Latitude": 11.280542 }, "geometry": { "type": "Point", "coordinates": [ 13.878901, 11.280542 ] } },
{ "type": "Feature", "properties": { "device_id": 375915.0, "UTC_datetime": "2025-11-25T08:34:16Z", "UTC_date": "2025-11-25", "Longitude": 13.864073, "Latitude": 11.344349 }, "geometry": { "type": "Point", "coordinates": [ 13.864073, 11.344349 ] } },
{ "type": "Feature", "properties": { "device_id": 375915.0, "UTC_datetime": "2025-11-25T09:34:16Z", "UTC_date": "2025-11-25", "Longitude": 13.864445, "Latitude": 11.408744 }, "geometry": { "type": "Point", "coordinates": [ 13.864445, 11.408744 ] } },
{ "type": "Feature", "properties": { "device_id": 375915.0, "UTC_datetime": "2025-11-25T10:34:34Z", "UTC_date": "2025-11-25", "Longitude": 13.871287, "Latitude": 11.401967 }, "geometry": { "type": "Point", "coordinates": [ 13.871287, 11.401967 ] } },
{ "type": "Feature", "properties": { "device_id": 375915.0, "UTC_datetime": "2025-11-25T11:34:16Z", "UTC_date": "2025-11-25", "Longitude": 13.870564, "Latitude": 11.404095 }, "geometry": { "type": "Point", "coordinates": [ 13.870564, 11.404095 ] } },
{ "type": "Feature", "properties": { "device_id": 375915.0, "UTC_datetime": "2025-11-25T12:34:19Z", "UTC_date": "2025-11-25", "Longitude": 13.872237, "Latitude": 11.356535 }, "geometry": { "type": "Point", "coordinates": [ 13.872237, 11.356535 ] } },
{ "type": "Feature", "properties": { "device_id": 375915.0, "UTC_datetime": "2025-11-25T13:34:17Z", "UTC_date": "2025-11-25", "Longitude": 13.884344, "Latitude": 11.382366 }, "geometry": { "type": "Point", "coordinates": [ 13.884344, 11.382366 ] } },
{ "type": "Feature", "properties": { "device_id": 375915.0, "UTC_datetime": "2025-11-25T14:34:34Z", "UTC_date": "2025-11-25", "Longitude": 13.873817, "Latitude": 11.261096 }, "geometry": { "type": "Point", "coordinates": [ 13.873817, 11.261096 ] } },
{ "type": "Feature", "properties": { "device_id": 375915.0, "UTC_datetime": "2025-11-26T07:34:23Z", "UTC_date": "2025-11-26", "Longitude": 13.890457, "Latitude": 11.261936 }, "geometry": { "type": "Point", "coordinates": [ 13.890457, 11.261936 ] } },
{ "type": "Feature", "properties": { "device_id": 375915.0, "UTC_datetime": "2025-11-26T08:34:19Z", "UTC_date": "2025-11-26", "Longitude": 13.88899, "Latitude": 11.267801 }, "geometry": { "type": "Point", "coordinates": [ 13.88899, 11.267801 ] } },
{ "type": "Feature", "properties": { "device_id": 375915.0, "UTC_datetime": "2025-11-26T09:34:19Z", "UTC_date": "2025-11-26", "Longitude": 13.890565, "Latitude": 11.385625 }, "geometry": { "type": "Point", "coordinates": [ 13.890565, 11.385625 ] } },
{ "type": "Feature", "properties": { "device_id": 375915.0, "UTC_datetime": "2025-11-26T10:34:34Z", "UTC_date": "2025-11-26", "Longitude": 13.885273, "Latitude": 11.386009 }, "geometry": { "type": "Point", "coordinates": [ 13.885273, 11.386009 ] } },
{ "type": "Feature", "properties": { "device_id": 375915.0, "UTC_datetime": "2025-11-26T11:34:35Z", "UTC_date": "2025-11-26", "Longitude": 13.880889, "Latitude": 11.396082 }, "geometry": { "type": "Point", "coordinates": [ 13.880889, 11.396082 ] } },
{ "type": "Feature", "properties": { "device_id": 375915.0, "UTC_datetime": "2025-11-26T12:34:19Z", "UTC_date": "2025-11-26", "Longitude": 13.887346, "Latitude": 11.370231 }, "geometry": { "type": "Point", "coordinates": [ 13.887346, 11.370231 ] } },
{ "type": "Feature", "properties": { "device_id": 375915.0, "UTC_datetime": "2025-11-26T13:34:43Z", "UTC_date": "2025-11-26", "Longitude": 13.840244, "Latitude": 11.41499 }, "geometry": { "type": "Point", "coordinates": [ 13.840244, 11.41499 ] } },
{ "type": "Feature", "properties": { "device_id": 375915.0, "UTC_datetime": "2025-11-26T14:34:19Z", "UTC_date": "2025-11-26", "Longitude": 13.867485, "Latitude": 11.341488 }, "geometry": { "type": "Point", "coordinates": [ 13.867485, 11.341488 ] } },
{ "type": "Feature", "properties": { "device_id": 375915.0, "UTC_datetime": "2025-11-27T07:34:19Z", "UTC_date": "2025-11-27", "Longitude": 13.884091, "Latitude": 11.260241 }, "geometry": { "type": "Point", "coordinates": [ 13.884091, 11.260241 ] } },
{ "type": "Feature", "properties": { "device_id": 375915.0, "UTC_datetime": "2025-11-27T08:34:43Z", "UTC_date": "2025-11-27", "Longitude": 13.836987, "Latitude": 11.40832 }, "geometry": { "type": "Point", "coordinates": [ 13.836987, 11.40832 ] } },
{ "type": "Feature", "properties": { "device_id": 375915.0, "UTC_datetime": "2025-11-27T09:34:21Z", "UTC_date": "2025-11-27", "Longitude": 13.816768, "Latitude": 11.428252 }, "geometry": { "type": "Point", "coordinates": [ 13.816768, 11.428252 ] } },
{ "type": "Feature", "properties": { "device_id": 375915.0, "UTC_datetime": "2025-11-27T10:34:43Z", "UTC_date": "2025-11-27", "Longitude": 13.791403, "Latitude": 11.472912 }, "geometry": { "type": "Point", "coordinates": [ 13.791403, 11.472912 ] } },
{ "type": "Feature", "properties": { "device_id": 375915.0, "UTC_datetime": "2025-11-27T11:34:20Z", "UTC_date": "2025-11-27", "Longitude": 13.64642, "Latitude": 11.386711 }, "geometry": { "type": "Point", "coordinates": [ 13.64642, 11.386711 ] } },
{ "type": "Feature", "properties": { "device_id": 375915.0, "UTC_datetime": "2025-11-27T12:34:42Z", "UTC_date": "2025-11-27", "Longitude": 13.466524, "Latitude": 11.345843 }, "geometry": { "type": "Point", "coordinates": [ 13.466524, 11.345843 ] } },
{ "type": "Feature", "properties": { "device_id": 375915.0, "UTC_datetime": "2025-11-27T13:34:21Z", "UTC_date": "2025-11-27", "Longitude": 13.372779, "Latitude": 11.27759 }, "geometry": { "type": "Point", "coordinates": [ 13.372779, 11.27759 ] } },
{ "type": "Feature", "properties": { "device_id": 375915.0, "UTC_datetime": "2025-11-27T14:34:42Z", "UTC_date": "2025-11-27", "Longitude": 13.552796, "Latitude": 11.421774 }, "geometry": { "type": "Point", "coordinates": [ 13.552796, 11.421774 ] } },
{ "type": "Feature", "properties": { "device_id": 375915.0, "UTC_datetime": "2025-11-28T07:34:44Z", "UTC_date": "2025-11-28", "Longitude": 13.574384, "Latitude": 11.421919 }, "geometry": { "type": "Point", "coordinates": [ 13.574384, 11.421919 ] } },
{ "type": "Feature", "properties": { "device_id": 375915.0, "UTC_datetime": "2025-11-28T08:34:22Z", "UTC_date": "2025-11-28", "Longitude": 13.638136, "Latitude": 11.468329 }, "geometry": { "type": "Point", "coordinates": [ 13.638136, 11.468329 ] } },
{ "type": "Feature", "properties": { "device_id": 375915.0, "UTC_datetime": "2025-11-28T09:34:53Z", "UTC_date": "2025-11-28", "Longitude": 13.766293, "Latitude": 11.408635 }, "geometry": { "type": "Point", "coordinates": [ 13.766293, 11.408635 ] } },
{ "type": "Feature", "properties": { "device_id": 375915.0, "UTC_datetime": "2025-11-28T10:34:21Z", "UTC_date": "2025-11-28", "Longitude": 13.88217, "Latitude": 11.391006 }, "geometry": { "type": "Point", "coordinates": [ 13.88217, 11.391006 ] } },
{ "type": "Feature", "properties": { "device_id": 375915.0, "UTC_datetime": "2025-11-28T11:34:22Z", "UTC_date": "2025-11-28", "Longitude": 13.888287, "Latitude": 11.387281 }, "geometry": { "type": "Point", "coordinates": [ 13.888287, 11.387281 ] } },
{ "type": "Feature", "properties": { "device_id": 375915.0, "UTC_datetime": "2025-11-28T12:34:53Z", "UTC_date": "2025-11-28", "Longitude": 13.893075, "Latitude": 11.38418 }, "geometry": { "type": "Point", "coordinates": [ 13.893075, 11.38418 ] } },
{ "type": "Feature", "properties": { "device_id": 375915.0, "UTC_datetime": "2025-11-28T13:34:21Z", "UTC_date": "2025-11-28", "Longitude": 13.885468, "Latitude": 11.383486 }, "geometry": { "type": "Point", "coordinates": [ 13.885468, 11.383486 ] } },
{ "type": "Feature", "properties": { "device_id": 375915.0, "UTC_datetime": "2025-11-28T14:34:42Z", "UTC_date": "2025-11-28", "Longitude": 13.88682, "Latitude": 11.384681 }, "geometry": { "type": "Point", "coordinates": [ 13.88682, 11.384681 ] } },
{ "type": "Feature", "properties": { "device_id": 375915.0, "UTC_datetime": "2025-11-29T07:34:24Z", "UTC_date": "2025-11-29", "Longitude": 13.867675, "Latitude": 11.302646 }, "geometry": { "type": "Point", "coordinates": [ 13.867675, 11.302646 ] } },
{ "type": "Feature", "properties": { "device_id": 375915.0, "UTC_datetime": "2025-11-29T08:34:44Z", "UTC_date": "2025-11-29", "Longitude": 13.88146, "Latitude": 11.392047 }, "geometry": { "type": "Point", "coordinates": [ 13.88146, 11.392047 ] } },
{ "type": "Feature", "properties": { "device_id": 375915.0, "UTC_datetime": "2025-11-29T09:34:24Z", "UTC_date": "2025-11-29", "Longitude": 13.883296, "Latitude": 11.394012 }, "geometry": { "type": "Point", "coordinates": [ 13.883296, 11.394012 ] } },
{ "type": "Feature", "properties": { "device_id": 375915.0, "UTC_datetime": "2025-11-29T10:34:42Z", "UTC_date": "2025-11-29", "Longitude": 13.8869, "Latitude": 11.385114 }, "geometry": { "type": "Point", "coordinates": [ 13.8869, 11.385114 ] } },
{ "type": "Feature", "properties": { "device_id": 375915.0, "UTC_datetime": "2025-11-29T11:34:25Z", "UTC_date": "2025-11-29", "Longitude": 13.900184, "Latitude": 11.394609 }, "geometry": { "type": "Point", "coordinates": [ 13.900184, 11.394609 ] } },
{ "type": "Feature", "properties": { "device_id": 375915.0, "UTC_datetime": "2025-11-29T12:34:42Z", "UTC_date": "2025-11-29", "Longitude": 13.825956, "Latitude": 11.429982 }, "geometry": { "type": "Point", "coordinates": [ 13.825956, 11.429982 ] } },
{ "type": "Feature", "properties": { "device_id": 375915.0, "UTC_datetime": "2025-11-29T13:34:47Z", "UTC_date": "2025-11-29", "Longitude": 13.858466, "Latitude": 11.41144 }, "geometry": { "type": "Point", "coordinates": [ 13.858466, 11.41144 ] } },
{ "type": "Feature", "properties": { "device_id": 375915.0, "UTC_datetime": "2025-11-29T14:34:42Z", "UTC_date": "2025-11-29", "Longitude": 13.89046, "Latitude": 11.383182 }, "geometry": { "type": "Point", "coordinates": [ 13.89046, 11.383182 ] } },
{ "type": "Feature", "properties": { "device_id": 375915.0, "UTC_datetime": "2025-11-30T07:34:24Z", "UTC_date": "2025-11-30", "Longitude": 13.863966, "Latitude": 11.339055 }, "geometry": { "type": "Point", "coordinates": [ 13.863966, 11.339055 ] } },
{ "type": "Feature", "properties": { "device_id": 375915.0, "UTC_datetime": "2025-11-30T08:34:26Z", "UTC_date": "2025-11-30", "Longitude": 13.852619, "Latitude": 11.410778 }, "geometry": { "type": "Point", "coordinates": [ 13.852619, 11.410778 ] } },
{ "type": "Feature", "properties": { "device_id": 375915.0, "UTC_datetime": "2025-11-30T09:34:43Z", "UTC_date": "2025-11-30", "Longitude": 13.954483, "Latitude": 11.428961 }, "geometry": { "type": "Point", "coordinates": [ 13.954483, 11.428961 ] } },
{ "type": "Feature", "properties": { "device_id": 375915.0, "UTC_datetime": "2025-11-30T10:34:53Z", "UTC_date": "2025-11-30", "Longitude": 13.959266, "Latitude": 11.42384 }, "geometry": { "type": "Point", "coordinates": [ 13.959266, 11.42384 ] } },
{ "type": "Feature", "properties": { "device_id": 375915.0, "UTC_datetime": "2025-11-30T11:34:23Z", "UTC_date": "2025-11-30", "Longitude": 13.973496, "Latitude": 11.427673 }, "geometry": { "type": "Point", "coordinates": [ 13.973496, 11.427673 ] } },
{ "type": "Feature", "properties": { "device_id": 375915.0, "UTC_datetime": "2025-11-30T12:34:25Z", "UTC_date": "2025-11-30", "Longitude": 13.991089, "Latitude": 11.436463 }, "geometry": { "type": "Point", "coordinates": [ 13.991089, 11.436463 ] } },
{ "type": "Feature", "properties": { "device_id": 375915.0, "UTC_datetime": "2025-11-30T13:34:43Z", "UTC_date": "2025-11-30", "Longitude": 13.953729, "Latitude": 11.451423 }, "geometry": { "type": "Point", "coordinates": [ 13.953729, 11.451423 ] } },
{ "type": "Feature", "properties": { "device_id": 375915.0, "UTC_datetime": "2025-11-30T14:34:25Z", "UTC_date": "2025-11-30", "Longitude": 14.028568, "Latitude": 11.388952 }, "geometry": { "type": "Point", "coordinates": [ 14.028568, 11.388952 ] } },
{ "type": "Feature", "properties": { "device_id": 375915.0, "UTC_datetime": "2025-12-01T07:34:43Z", "UTC_date": "2025-12-01", "Longitude": 14.062476, "Latitude": 11.347331 }, "geometry": { "type": "Point", "coordinates": [ 14.062476, 11.347331 ] } },
{ "type": "Feature", "properties": { "device_id": 375915.0, "UTC_datetime": "2025-12-01T08:34:53Z", "UTC_date": "2025-12-01", "Longitude": 14.056901, "Latitude": 11.402418 }, "geometry": { "type": "Point", "coordinates": [ 14.056901, 11.402418 ] } },
{ "type": "Feature", "properties": { "device_id": 375915.0, "UTC_datetime": "2025-12-01T09:34:25Z", "UTC_date": "2025-12-01", "Longitude": 14.099393, "Latitude": 11.449012 }, "geometry": { "type": "Point", "coordinates": [ 14.099393, 11.449012 ] } },
{ "type": "Feature", "properties": { "device_id": 375915.0, "UTC_datetime": "2025-12-01T10:34:27Z", "UTC_date": "2025-12-01", "Longitude": 14.124371, "Latitude": 11.497518 }, "geometry": { "type": "Point", "coordinates": [ 14.124371, 11.497518 ] } },
{ "type": "Feature", "properties": { "device_id": 375915.0, "UTC_datetime": "2025-12-01T11:34:43Z", "UTC_date": "2025-12-01", "Longitude": 14.139177, "Latitude": 11.503275 }, "geometry": { "type": "Point", "coordinates": [ 14.139177, 11.503275 ] } },
{ "type": "Feature", "properties": { "device_id": 375915.0, "UTC_datetime": "2025-12-01T12:34:29Z", "UTC_date": "2025-12-01", "Longitude": 14.205841, "Latitude": 11.517373 }, "geometry": { "type": "Point", "coordinates": [ 14.205841, 11.517373 ] } },
{ "type": "Feature", "properties": { "device_id": 375915.0, "UTC_datetime": "2025-12-01T13:34:58Z", "UTC_date": "2025-12-01", "Longitude": 14.320613, "Latitude": 11.470463 }, "geometry": { "type": "Point", "coordinates": [ 14.320613, 11.470463 ] } },
{ "type": "Feature", "properties": { "device_id": 375915.0, "UTC_datetime": "2025-12-01T14:34:26Z", "UTC_date": "2025-12-01", "Longitude": 14.229644, "Latitude": 11.440873 }, "geometry": { "type": "Point", "coordinates": [ 14.229644, 11.440873 ] } },
{ "type": "Feature", "properties": { "device_id": 375915.0, "UTC_datetime": "2025-12-02T07:34:59Z", "UTC_date": "2025-12-02", "Longitude": 14.21483, "Latitude": 11.416782 }, "geometry": { "type": "Point", "coordinates": [ 14.21483, 11.416782 ] } },
{ "type": "Feature", "properties": { "device_id": 375915.0, "UTC_datetime": "2025-12-02T08:34:27Z", "UTC_date": "2025-12-02", "Longitude": 14.237268, "Latitude": 11.473459 }, "geometry": { "type": "Point", "coordinates": [ 14.237268, 11.473459 ] } },
{ "type": "Feature", "properties": { "device_id": 375915.0, "UTC_datetime": "2025-12-02T09:34:28Z", "UTC_date": "2025-12-02", "Longitude": 14.245149, "Latitude": 11.502633 }, "geometry": { "type": "Point", "coordinates": [ 14.245149, 11.502633 ] } },
{ "type": "Feature", "properties": { "device_id": 375915.0, "UTC_datetime": "2025-12-02T10:35:04Z", "UTC_date": "2025-12-02", "Longitude": 14.24408, "Latitude": 11.499956 }, "geometry": { "type": "Point", "coordinates": [ 14.24408, 11.499956 ] } },
{ "type": "Feature", "properties": { "device_id": 375915.0, "UTC_datetime": "2025-12-02T11:34:28Z", "UTC_date": "2025-12-02", "Longitude": 14.244248, "Latitude": 11.544738 }, "geometry": { "type": "Point", "coordinates": [ 14.244248, 11.544738 ] } },
{ "type": "Feature", "properties": { "device_id": 375915.0, "UTC_datetime": "2025-12-02T12:34:27Z", "UTC_date": "2025-12-02", "Longitude": 14.271131, "Latitude": 11.628499 }, "geometry": { "type": "Point", "coordinates": [ 14.271131, 11.628499 ] } },
{ "type": "Feature", "properties": { "device_id": 375915.0, "UTC_datetime": "2025-12-02T13:34:43Z", "UTC_date": "2025-12-02", "Longitude": 14.220841, "Latitude": 11.717859 }, "geometry": { "type": "Point", "coordinates": [ 14.220841, 11.717859 ] } },
{ "type": "Feature", "properties": { "device_id": 375915.0, "UTC_datetime": "2025-12-02T14:34:29Z", "UTC_date": "2025-12-02", "Longitude": 14.174168, "Latitude": 11.763847 }, "geometry": { "type": "Point", "coordinates": [ 14.174168, 11.763847 ] } },
{ "type": "Feature", "properties": { "device_id": 375915.0, "UTC_datetime": "2025-12-03T07:34:58Z", "UTC_date": "2025-12-03", "Longitude": 14.179803, "Latitude": 11.774894 }, "geometry": { "type": "Point", "coordinates": [ 14.179803, 11.774894 ] } },
{ "type": "Feature", "properties": { "device_id": 375915.0, "UTC_datetime": "2025-12-03T08:34:29Z", "UTC_date": "2025-12-03", "Longitude": 14.136453, "Latitude": 11.82096 }, "geometry": { "type": "Point", "coordinates": [ 14.136453, 11.82096 ] } },
{ "type": "Feature", "properties": { "device_id": 375915.0, "UTC_datetime": "2025-12-03T09:34:30Z", "UTC_date": "2025-12-03", "Longitude": 14.057199, "Latitude": 11.811296 }, "geometry": { "type": "Point", "coordinates": [ 14.057199, 11.811296 ] } },
{ "type": "Feature", "properties": { "device_id": 375915.0, "UTC_datetime": "2025-12-03T10:34:59Z", "UTC_date": "2025-12-03", "Longitude": 13.9982, "Latitude": 11.847603 }, "geometry": { "type": "Point", "coordinates": [ 13.9982, 11.847603 ] } },
{ "type": "Feature", "properties": { "device_id": 375915.0, "UTC_datetime": "2025-12-03T11:34:29Z", "UTC_date": "2025-12-03", "Longitude": 13.941461, "Latitude": 11.842301 }, "geometry": { "type": "Point", "coordinates": [ 13.941461, 11.842301 ] } },
{ "type": "Feature", "properties": { "device_id": 375915.0, "UTC_datetime": "2025-12-03T12:34:28Z", "UTC_date": "2025-12-03", "Longitude": 13.869717, "Latitude": 11.706923 }, "geometry": { "type": "Point", "coordinates": [ 13.869717, 11.706923 ] } },
{ "type": "Feature", "properties": { "device_id": 375915.0, "UTC_datetime": "2025-12-03T13:34:43Z", "UTC_date": "2025-12-03", "Longitude": 13.856043, "Latitude": 11.515054 }, "geometry": { "type": "Point", "coordinates": [ 13.856043, 11.515054 ] } },
{ "type": "Feature", "properties": { "device_id": 375915.0, "UTC_datetime": "2025-12-03T14:34:31Z", "UTC_date": "2025-12-03", "Longitude": 14.000894, "Latitude": 11.419903 }, "geometry": { "type": "Point", "coordinates": [ 14.000894, 11.419903 ] } },
{ "type": "Feature", "properties": { "device_id": 375915.0, "UTC_datetime": "2025-12-04T07:34:31Z", "UTC_date": "2025-12-04", "Longitude": 14.093229, "Latitude": 11.453782 }, "geometry": { "type": "Point", "coordinates": [ 14.093229, 11.453782 ] } },
{ "type": "Feature", "properties": { "device_id": 375915.0, "UTC_datetime": "2025-12-04T08:34:42Z", "UTC_date": "2025-12-04", "Longitude": 14.07671, "Latitude": 11.449335 }, "geometry": { "type": "Point", "coordinates": [ 14.07671, 11.449335 ] } },
{ "type": "Feature", "properties": { "device_id": 375915.0, "UTC_datetime": "2025-12-04T09:34:32Z", "UTC_date": "2025-12-04", "Longitude": 14.02199, "Latitude": 11.471277 }, "geometry": { "type": "Point", "coordinates": [ 14.02199, 11.471277 ] } },
{ "type": "Feature", "properties": { "device_id": 375915.0, "UTC_datetime": "2025-12-04T10:34:59Z", "UTC_date": "2025-12-04", "Longitude": 14.011116, "Latitude": 11.461292 }, "geometry": { "type": "Point", "coordinates": [ 14.011116, 11.461292 ] } },
{ "type": "Feature", "properties": { "device_id": 375915.0, "UTC_datetime": "2025-12-04T11:34:30Z", "UTC_date": "2025-12-04", "Longitude": 14.047428, "Latitude": 11.452725 }, "geometry": { "type": "Point", "coordinates": [ 14.047428, 11.452725 ] } },
{ "type": "Feature", "properties": { "device_id": 375915.0, "UTC_datetime": "2025-12-04T12:34:42Z", "UTC_date": "2025-12-04", "Longitude": 14.047667, "Latitude": 11.452629 }, "geometry": { "type": "Point", "coordinates": [ 14.047667, 11.452629 ] } },
{ "type": "Feature", "properties": { "device_id": 375915.0, "UTC_datetime": "2025-12-04T13:34:31Z", "UTC_date": "2025-12-04", "Longitude": 14.099825, "Latitude": 11.399564 }, "geometry": { "type": "Point", "coordinates": [ 14.099825, 11.399564 ] } },
{ "type": "Feature", "properties": { "device_id": 375915.0, "UTC_datetime": "2025-12-04T14:34:42Z", "UTC_date": "2025-12-04", "Longitude": 14.133645, "Latitude": 11.363026 }, "geometry": { "type": "Point", "coordinates": [ 14.133645, 11.363026 ] } },
{ "type": "Feature", "properties": { "device_id": 375915.0, "UTC_datetime": "2025-12-05T07:34:42Z", "UTC_date": "2025-12-05", "Longitude": 14.176972, "Latitude": 11.353072 }, "geometry": { "type": "Point", "coordinates": [ 14.176972, 11.353072 ] } },
{ "type": "Feature", "properties": { "device_id": 375915.0, "UTC_datetime": "2025-12-05T08:34:33Z", "UTC_date": "2025-12-05", "Longitude": 14.18332, "Latitude": 11.359096 }, "geometry": { "type": "Point", "coordinates": [ 14.18332, 11.359096 ] } },
{ "type": "Feature", "properties": { "device_id": 375915.0, "UTC_datetime": "2025-12-05T09:35:05Z", "UTC_date": "2025-12-05", "Longitude": 14.187407, "Latitude": 11.349136 }, "geometry": { "type": "Point", "coordinates": [ 14.187407, 11.349136 ] } },
{ "type": "Feature", "properties": { "device_id": 375915.0, "UTC_datetime": "2025-12-05T10:34:31Z", "UTC_date": "2025-12-05", "Longitude": 14.195198, "Latitude": 11.240079 }, "geometry": { "type": "Point", "coordinates": [ 14.195198, 11.240079 ] } },
{ "type": "Feature", "properties": { "device_id": 375915.0, "UTC_datetime": "2025-12-05T11:34:33Z", "UTC_date": "2025-12-05", "Longitude": 14.203717, "Latitude": 11.205807 }, "geometry": { "type": "Point", "coordinates": [ 14.203717, 11.205807 ] } },
{ "type": "Feature", "properties": { "device_id": 375915.0, "UTC_datetime": "2025-12-05T12:34:42Z", "UTC_date": "2025-12-05", "Longitude": 14.009244, "Latitude": 11.220535 }, "geometry": { "type": "Point", "coordinates": [ 14.009244, 11.220535 ] } },
{ "type": "Feature", "properties": { "device_id": 375915.0, "UTC_datetime": "2025-12-05T13:34:32Z", "UTC_date": "2025-12-05", "Longitude": 13.999601, "Latitude": 11.428724 }, "geometry": { "type": "Point", "coordinates": [ 13.999601, 11.428724 ] } },
{ "type": "Feature", "properties": { "device_id": 375915.0, "UTC_datetime": "2025-12-05T14:34:42Z", "UTC_date": "2025-12-05", "Longitude": 14.064762, "Latitude": 11.452607 }, "geometry": { "type": "Point", "coordinates": [ 14.064762, 11.452607 ] } },
{ "type": "Feature", "properties": { "device_id": 375915.0, "UTC_datetime": "2025-12-06T07:35:05Z", "UTC_date": "2025-12-06", "Longitude": 14.110767, "Latitude": 11.48037 }, "geometry": { "type": "Point", "coordinates": [ 14.110767, 11.48037 ] } },
{ "type": "Feature", "properties": { "device_id": 375915.0, "UTC_datetime": "2025-12-06T08:34:32Z", "UTC_date": "2025-12-06", "Longitude": 14.071956, "Latitude": 11.455826 }, "geometry": { "type": "Point", "coordinates": [ 14.071956, 11.455826 ] } },
{ "type": "Feature", "properties": { "device_id": 375915.0, "UTC_datetime": "2025-12-06T09:34:35Z", "UTC_date": "2025-12-06", "Longitude": 14.04051, "Latitude": 11.4322 }, "geometry": { "type": "Point", "coordinates": [ 14.04051, 11.4322 ] } },
{ "type": "Feature", "properties": { "device_id": 375915.0, "UTC_datetime": "2025-12-06T10:35:04Z", "UTC_date": "2025-12-06", "Longitude": 14.013121, "Latitude": 11.444201 }, "geometry": { "type": "Point", "coordinates": [ 14.013121, 11.444201 ] } },
{ "type": "Feature", "properties": { "device_id": 375915.0, "UTC_datetime": "2025-12-06T11:34:32Z", "UTC_date": "2025-12-06", "Longitude": 14.0115, "Latitude": 11.436758 }, "geometry": { "type": "Point", "coordinates": [ 14.0115, 11.436758 ] } },
{ "type": "Feature", "properties": { "device_id": 375915.0, "UTC_datetime": "2025-12-06T12:34:36Z", "UTC_date": "2025-12-06", "Longitude": 14.011038, "Latitude": 11.437346 }, "geometry": { "type": "Point", "coordinates": [ 14.011038, 11.437346 ] } },
{ "type": "Feature", "properties": { "device_id": 375915.0, "UTC_datetime": "2025-12-06T13:34:33Z", "UTC_date": "2025-12-06", "Longitude": 14.036424, "Latitude": 11.443686 }, "geometry": { "type": "Point", "coordinates": [ 14.036424, 11.443686 ] } },
{ "type": "Feature", "properties": { "device_id": 375915.0, "UTC_datetime": "2025-12-06T14:35:05Z", "UTC_date": "2025-12-06", "Longitude": 14.053211, "Latitude": 11.440276 }, "geometry": { "type": "Point", "coordinates": [ 14.053211, 11.440276 ] } },
{ "type": "Feature", "properties": { "device_id": 375915.0, "UTC_datetime": "2025-12-07T07:35:05Z", "UTC_date": "2025-12-07", "Longitude": 14.106985, "Latitude": 11.462842 }, "geometry": { "type": "Point", "coordinates": [ 14.106985, 11.462842 ] } },
{ "type": "Feature", "properties": { "device_id": 375915.0, "UTC_datetime": "2025-12-07T08:34:34Z", "UTC_date": "2025-12-07", "Longitude": 14.028406, "Latitude": 11.433351 }, "geometry": { "type": "Point", "coordinates": [ 14.028406, 11.433351 ] } },
{ "type": "Feature", "properties": { "device_id": 375915.0, "UTC_datetime": "2025-12-07T09:34:34Z", "UTC_date": "2025-12-07", "Longitude": 14.019471, "Latitude": 11.462315 }, "geometry": { "type": "Point", "coordinates": [ 14.019471, 11.462315 ] } },
{ "type": "Feature", "properties": { "device_id": 375915.0, "UTC_datetime": "2025-12-07T10:35:04Z", "UTC_date": "2025-12-07", "Longitude": 14.009255, "Latitude": 11.438257 }, "geometry": { "type": "Point", "coordinates": [ 14.009255, 11.438257 ] } },
{ "type": "Feature", "properties": { "device_id": 375915.0, "UTC_datetime": "2025-12-07T11:34:35Z", "UTC_date": "2025-12-07", "Longitude": 13.988929, "Latitude": 11.444845 }, "geometry": { "type": "Point", "coordinates": [ 13.988929, 11.444845 ] } },
{ "type": "Feature", "properties": { "device_id": 375915.0, "UTC_datetime": "2025-12-07T12:34:34Z", "UTC_date": "2025-12-07", "Longitude": 13.982522, "Latitude": 11.450118 }, "geometry": { "type": "Point", "coordinates": [ 13.982522, 11.450118 ] } },
{ "type": "Feature", "properties": { "device_id": 375915.0, "UTC_datetime": "2025-12-07T13:34:36Z", "UTC_date": "2025-12-07", "Longitude": 13.998919, "Latitude": 11.486695 }, "geometry": { "type": "Point", "coordinates": [ 13.998919, 11.486695 ] } },
{ "type": "Feature", "properties": { "device_id": 375915.0, "UTC_datetime": "2025-12-07T14:35:04Z", "UTC_date": "2025-12-07", "Longitude": 14.027074, "Latitude": 11.427192 }, "geometry": { "type": "Point", "coordinates": [ 14.027074, 11.427192 ] } },
{ "type": "Feature", "properties": { "device_id": 375915.0, "UTC_datetime": "2025-12-08T07:34:40Z", "UTC_date": "2025-12-08", "Longitude": 14.013204, "Latitude": 11.444219 }, "geometry": { "type": "Point", "coordinates": [ 14.013204, 11.444219 ] } },
{ "type": "Feature", "properties": { "device_id": 375915.0, "UTC_datetime": "2025-12-08T08:35:04Z", "UTC_date": "2025-12-08", "Longitude": 14.013097, "Latitude": 11.444233 }, "geometry": { "type": "Point", "coordinates": [ 14.013097, 11.444233 ] } },
{ "type": "Feature", "properties": { "device_id": 375915.0, "UTC_datetime": "2025-12-08T09:34:36Z", "UTC_date": "2025-12-08", "Longitude": 13.965068, "Latitude": 11.447815 }, "geometry": { "type": "Point", "coordinates": [ 13.965068, 11.447815 ] } },
{ "type": "Feature", "properties": { "device_id": 375915.0, "UTC_datetime": "2025-12-08T10:34:37Z", "UTC_date": "2025-12-08", "Longitude": 13.93681, "Latitude": 11.462002 }, "geometry": { "type": "Point", "coordinates": [ 13.93681, 11.462002 ] } },
{ "type": "Feature", "properties": { "device_id": 375915.0, "UTC_datetime": "2025-12-08T11:34:44Z", "UTC_date": "2025-12-08", "Longitude": 13.984606, "Latitude": 11.455618 }, "geometry": { "type": "Point", "coordinates": [ 13.984606, 11.455618 ] } },
{ "type": "Feature", "properties": { "device_id": 375915.0, "UTC_datetime": "2025-12-08T12:35:04Z", "UTC_date": "2025-12-08", "Longitude": 14.023082, "Latitude": 11.501697 }, "geometry": { "type": "Point", "coordinates": [ 14.023082, 11.501697 ] } },
{ "type": "Feature", "properties": { "device_id": 375915.0, "UTC_datetime": "2025-12-08T13:34:37Z", "UTC_date": "2025-12-08", "Longitude": 14.020864, "Latitude": 11.490335 }, "geometry": { "type": "Point", "coordinates": [ 14.020864, 11.490335 ] } },
{ "type": "Feature", "properties": { "device_id": 375915.0, "UTC_datetime": "2025-12-08T14:35:05Z", "UTC_date": "2025-12-08", "Longitude": 14.005277, "Latitude": 11.435926 }, "geometry": { "type": "Point", "coordinates": [ 14.005277, 11.435926 ] } },
{ "type": "Feature", "properties": { "device_id": 375915.0, "UTC_datetime": "2025-12-09T07:34:36Z", "UTC_date": "2025-12-09", "Longitude": 14.004922, "Latitude": 11.433038 }, "geometry": { "type": "Point", "coordinates": [ 14.004922, 11.433038 ] } },
{ "type": "Feature", "properties": { "device_id": 375915.0, "UTC_datetime": "2025-12-09T08:34:36Z", "UTC_date": "2025-12-09", "Longitude": 13.985562, "Latitude": 11.431355 }, "geometry": { "type": "Point", "coordinates": [ 13.985562, 11.431355 ] } },
{ "type": "Feature", "properties": { "device_id": 375915.0, "UTC_datetime": "2025-12-09T09:34:36Z", "UTC_date": "2025-12-09", "Longitude": 13.897079, "Latitude": 11.486274 }, "geometry": { "type": "Point", "coordinates": [ 13.897079, 11.486274 ] } },
{ "type": "Feature", "properties": { "device_id": 375915.0, "UTC_datetime": "2025-12-09T10:35:04Z", "UTC_date": "2025-12-09", "Longitude": 13.967066, "Latitude": 11.559323 }, "geometry": { "type": "Point", "coordinates": [ 13.967066, 11.559323 ] } },
{ "type": "Feature", "properties": { "device_id": 375915.0, "UTC_datetime": "2025-12-09T11:34:37Z", "UTC_date": "2025-12-09", "Longitude": 13.983046, "Latitude": 11.569451 }, "geometry": { "type": "Point", "coordinates": [ 13.983046, 11.569451 ] } },
{ "type": "Feature", "properties": { "device_id": 375915.0, "UTC_datetime": "2025-12-09T12:34:36Z", "UTC_date": "2025-12-09", "Longitude": 14.026978, "Latitude": 11.496958 }, "geometry": { "type": "Point", "coordinates": [ 14.026978, 11.496958 ] } },
{ "type": "Feature", "properties": { "device_id": 375915.0, "UTC_datetime": "2025-12-09T13:34:37Z", "UTC_date": "2025-12-09", "Longitude": 14.030001, "Latitude": 11.503448 }, "geometry": { "type": "Point", "coordinates": [ 14.030001, 11.503448 ] } },
{ "type": "Feature", "properties": { "device_id": 375915.0, "UTC_datetime": "2025-12-09T14:35:04Z", "UTC_date": "2025-12-09", "Longitude": 14.046886, "Latitude": 11.494489 }, "geometry": { "type": "Point", "coordinates": [ 14.046886, 11.494489 ] } },
{ "type": "Feature", "properties": { "device_id": 375915.0, "UTC_datetime": "2025-12-10T07:34:37Z", "UTC_date": "2025-12-10", "Longitude": 14.029525, "Latitude": 11.489511 }, "geometry": { "type": "Point", "coordinates": [ 14.029525, 11.489511 ] } },
{ "type": "Feature", "properties": { "device_id": 375915.0, "UTC_datetime": "2025-12-10T08:34:39Z", "UTC_date": "2025-12-10", "Longitude": 14.028433, "Latitude": 11.489655 }, "geometry": { "type": "Point", "coordinates": [ 14.028433, 11.489655 ] } },
{ "type": "Feature", "properties": { "device_id": 375915.0, "UTC_datetime": "2025-12-10T09:34:38Z", "UTC_date": "2025-12-10", "Longitude": 14.020864, "Latitude": 11.502843 }, "geometry": { "type": "Point", "coordinates": [ 14.020864, 11.502843 ] } },
{ "type": "Feature", "properties": { "device_id": 375915.0, "UTC_datetime": "2025-12-10T10:35:04Z", "UTC_date": "2025-12-10", "Longitude": 14.04476, "Latitude": 11.515651 }, "geometry": { "type": "Point", "coordinates": [ 14.04476, 11.515651 ] } },
{ "type": "Feature", "properties": { "device_id": 375915.0, "UTC_datetime": "2025-12-10T11:34:37Z", "UTC_date": "2025-12-10", "Longitude": 14.044073, "Latitude": 11.515903 }, "geometry": { "type": "Point", "coordinates": [ 14.044073, 11.515903 ] } },
{ "type": "Feature", "properties": { "device_id": 375915.0, "UTC_datetime": "2025-12-10T12:34:38Z", "UTC_date": "2025-12-10", "Longitude": 14.025126, "Latitude": 11.516462 }, "geometry": { "type": "Point", "coordinates": [ 14.025126, 11.516462 ] } },
{ "type": "Feature", "properties": { "device_id": 375915.0, "UTC_datetime": "2025-12-10T13:35:05Z", "UTC_date": "2025-12-10", "Longitude": 14.034964, "Latitude": 11.517317 }, "geometry": { "type": "Point", "coordinates": [ 14.034964, 11.517317 ] } },
{ "type": "Feature", "properties": { "device_id": 375915.0, "UTC_datetime": "2025-12-10T14:34:38Z", "UTC_date": "2025-12-10", "Longitude": 14.022267, "Latitude": 11.45775 }, "geometry": { "type": "Point", "coordinates": [ 14.022267, 11.45775 ] } },
{ "type": "Feature", "properties": { "device_id": 375915.0, "UTC_datetime": "2025-12-11T07:34:38Z", "UTC_date": "2025-12-11", "Longitude": 14.074622, "Latitude": 11.429497 }, "geometry": { "type": "Point", "coordinates": [ 14.074622, 11.429497 ] } },
{ "type": "Feature", "properties": { "device_id": 375915.0, "UTC_datetime": "2025-12-11T08:34:40Z", "UTC_date": "2025-12-11", "Longitude": 14.064183, "Latitude": 11.409798 }, "geometry": { "type": "Point", "coordinates": [ 14.064183, 11.409798 ] } },
{ "type": "Feature", "properties": { "device_id": 375915.0, "UTC_datetime": "2025-12-11T09:35:05Z", "UTC_date": "2025-12-11", "Longitude": 14.063301, "Latitude": 11.430731 }, "geometry": { "type": "Point", "coordinates": [ 14.063301, 11.430731 ] } },
{ "type": "Feature", "properties": { "device_id": 375915.0, "UTC_datetime": "2025-12-11T10:34:40Z", "UTC_date": "2025-12-11", "Longitude": 14.064095, "Latitude": 11.432237 }, "geometry": { "type": "Point", "coordinates": [ 14.064095, 11.432237 ] } },
{ "type": "Feature", "properties": { "device_id": 375915.0, "UTC_datetime": "2025-12-11T11:34:38Z", "UTC_date": "2025-12-11", "Longitude": 14.062072, "Latitude": 11.431067 }, "geometry": { "type": "Point", "coordinates": [ 14.062072, 11.431067 ] } },
{ "type": "Feature", "properties": { "device_id": 375915.0, "UTC_datetime": "2025-12-11T12:35:13Z", "UTC_date": "2025-12-11", "Longitude": 14.055614, "Latitude": 11.404644 }, "geometry": { "type": "Point", "coordinates": [ 14.055614, 11.404644 ] } },
{ "type": "Feature", "properties": { "device_id": 375915.0, "UTC_datetime": "2025-12-11T13:34:39Z", "UTC_date": "2025-12-11", "Longitude": 14.054965, "Latitude": 11.418316 }, "geometry": { "type": "Point", "coordinates": [ 14.054965, 11.418316 ] } },
{ "type": "Feature", "properties": { "device_id": 375915.0, "UTC_datetime": "2025-12-11T14:35:05Z", "UTC_date": "2025-12-11", "Longitude": 14.058897, "Latitude": 11.437675 }, "geometry": { "type": "Point", "coordinates": [ 14.058897, 11.437675 ] } },
{ "type": "Feature", "properties": { "device_id": 375915.0, "UTC_datetime": "2025-12-12T07:34:40Z", "UTC_date": "2025-12-12", "Longitude": 14.067869, "Latitude": 11.440749 }, "geometry": { "type": "Point", "coordinates": [ 14.067869, 11.440749 ] } },
{ "type": "Feature", "properties": { "device_id": 375915.0, "UTC_datetime": "2025-12-12T08:34:41Z", "UTC_date": "2025-12-12", "Longitude": 14.069568, "Latitude": 11.439749 }, "geometry": { "type": "Point", "coordinates": [ 14.069568, 11.439749 ] } },
{ "type": "Feature", "properties": { "device_id": 375915.0, "UTC_datetime": "2025-12-12T09:35:05Z", "UTC_date": "2025-12-12", "Longitude": 14.069696, "Latitude": 11.439222 }, "geometry": { "type": "Point", "coordinates": [ 14.069696, 11.439222 ] } },
{ "type": "Feature", "properties": { "device_id": 375915.0, "UTC_datetime": "2025-12-12T10:34:40Z", "UTC_date": "2025-12-12", "Longitude": 14.063157, "Latitude": 11.431275 }, "geometry": { "type": "Point", "coordinates": [ 14.063157, 11.431275 ] } },
{ "type": "Feature", "properties": { "device_id": 375915.0, "UTC_datetime": "2025-12-12T11:34:40Z", "UTC_date": "2025-12-12", "Longitude": 14.082251, "Latitude": 11.417202 }, "geometry": { "type": "Point", "coordinates": [ 14.082251, 11.417202 ] } },
{ "type": "Feature", "properties": { "device_id": 375915.0, "UTC_datetime": "2025-12-12T12:35:13Z", "UTC_date": "2025-12-12", "Longitude": 14.097633, "Latitude": 11.392184 }, "geometry": { "type": "Point", "coordinates": [ 14.097633, 11.392184 ] } },
{ "type": "Feature", "properties": { "device_id": 375915.0, "UTC_datetime": "2025-12-12T13:34:40Z", "UTC_date": "2025-12-12", "Longitude": 14.053918, "Latitude": 11.411025 }, "geometry": { "type": "Point", "coordinates": [ 14.053918, 11.411025 ] } },
{ "type": "Feature", "properties": { "device_id": 375915.0, "UTC_datetime": "2025-12-12T14:35:05Z", "UTC_date": "2025-12-12", "Longitude": 14.060347, "Latitude": 11.403571 }, "geometry": { "type": "Point", "coordinates": [ 14.060347, 11.403571 ] } },
{ "type": "Feature", "properties": { "device_id": 375915.0, "UTC_datetime": "2025-12-13T07:34:41Z", "UTC_date": "2025-12-13", "Longitude": 14.058312, "Latitude": 11.403615 }, "geometry": { "type": "Point", "coordinates": [ 14.058312, 11.403615 ] } },
{ "type": "Feature", "properties": { "device_id": 375915.0, "UTC_datetime": "2025-12-13T08:34:41Z", "UTC_date": "2025-12-13", "Longitude": 14.066929, "Latitude": 11.390647 }, "geometry": { "type": "Point", "coordinates": [ 14.066929, 11.390647 ] } },
{ "type": "Feature", "properties": { "device_id": 375915.0, "UTC_datetime": "2025-12-13T09:34:41Z", "UTC_date": "2025-12-13", "Longitude": 14.072943, "Latitude": 11.357577 }, "geometry": { "type": "Point", "coordinates": [ 14.072943, 11.357577 ] } },
{ "type": "Feature", "properties": { "device_id": 375915.0, "UTC_datetime": "2025-12-13T10:35:12Z", "UTC_date": "2025-12-13", "Longitude": 14.046172, "Latitude": 11.405459 }, "geometry": { "type": "Point", "coordinates": [ 14.046172, 11.405459 ] } },
{ "type": "Feature", "properties": { "device_id": 375915.0, "UTC_datetime": "2025-12-13T11:34:42Z", "UTC_date": "2025-12-13", "Longitude": 14.058865, "Latitude": 11.408247 }, "geometry": { "type": "Point", "coordinates": [ 14.058865, 11.408247 ] } },
{ "type": "Feature", "properties": { "device_id": 375915.0, "UTC_datetime": "2025-12-13T12:35:04Z", "UTC_date": "2025-12-13", "Longitude": 14.059762, "Latitude": 11.423545 }, "geometry": { "type": "Point", "coordinates": [ 14.059762, 11.423545 ] } },
{ "type": "Feature", "properties": { "device_id": 375915.0, "UTC_datetime": "2025-12-13T13:34:42Z", "UTC_date": "2025-12-13", "Longitude": 14.036358, "Latitude": 11.394908 }, "geometry": { "type": "Point", "coordinates": [ 14.036358, 11.394908 ] } },
{ "type": "Feature", "properties": { "device_id": 375915.0, "UTC_datetime": "2025-12-13T14:34:46Z", "UTC_date": "2025-12-13", "Longitude": 14.041846, "Latitude": 11.373083 }, "geometry": { "type": "Point", "coordinates": [ 14.041846, 11.373083 ] } },
{ "type": "Feature", "properties": { "device_id": 375915.0, "UTC_datetime": "2025-12-14T07:34:44Z", "UTC_date": "2025-12-14", "Longitude": 14.072977, "Latitude": 11.356903 }, "geometry": { "type": "Point", "coordinates": [ 14.072977, 11.356903 ] } },
{ "type": "Feature", "properties": { "device_id": 375915.0, "UTC_datetime": "2025-12-14T08:35:04Z", "UTC_date": "2025-12-14", "Longitude": 14.036807, "Latitude": 11.399933 }, "geometry": { "type": "Point", "coordinates": [ 14.036807, 11.399933 ] } },
{ "type": "Feature", "properties": { "device_id": 375915.0, "UTC_datetime": "2025-12-14T09:34:43Z", "UTC_date": "2025-12-14", "Longitude": 14.049176, "Latitude": 11.428643 }, "geometry": { "type": "Point", "coordinates": [ 14.049176, 11.428643 ] } },
{ "type": "Feature", "properties": { "device_id": 375915.0, "UTC_datetime": "2025-12-14T10:34:42Z", "UTC_date": "2025-12-14", "Longitude": 13.949618, "Latitude": 11.435827 }, "geometry": { "type": "Point", "coordinates": [ 13.949618, 11.435827 ] } },
{ "type": "Feature", "properties": { "device_id": 375915.0, "UTC_datetime": "2025-12-14T11:34:42Z", "UTC_date": "2025-12-14", "Longitude": 13.879107, "Latitude": 11.394493 }, "geometry": { "type": "Point", "coordinates": [ 13.879107, 11.394493 ] } },
{ "type": "Feature", "properties": { "device_id": 375915.0, "UTC_datetime": "2025-12-14T12:35:04Z", "UTC_date": "2025-12-14", "Longitude": 13.843811, "Latitude": 11.371958 }, "geometry": { "type": "Point", "coordinates": [ 13.843811, 11.371958 ] } },
{ "type": "Feature", "properties": { "device_id": 375915.0, "UTC_datetime": "2025-12-14T13:34:42Z", "UTC_date": "2025-12-14", "Longitude": 13.832971, "Latitude": 11.373888 }, "geometry": { "type": "Point", "coordinates": [ 13.832971, 11.373888 ] } },
{ "type": "Feature", "properties": { "device_id": 375915.0, "UTC_datetime": "2025-12-14T14:34:43Z", "UTC_date": "2025-12-14", "Longitude": 13.84368, "Latitude": 11.312256 }, "geometry": { "type": "Point", "coordinates": [ 13.84368, 11.312256 ] } },
{ "type": "Feature", "properties": { "device_id": 375915.0, "UTC_datetime": "2025-12-15T07:34:44Z", "UTC_date": "2025-12-15", "Longitude": 13.892901, "Latitude": 11.263101 }, "geometry": { "type": "Point", "coordinates": [ 13.892901, 11.263101 ] } },
{ "type": "Feature", "properties": { "device_id": 375915.0, "UTC_datetime": "2025-12-15T08:35:04Z", "UTC_date": "2025-12-15", "Longitude": 13.882493, "Latitude": 11.26893 }, "geometry": { "type": "Point", "coordinates": [ 13.882493, 11.26893 ] } },
{ "type": "Feature", "properties": { "device_id": 375915.0, "UTC_datetime": "2025-12-15T09:34:43Z", "UTC_date": "2025-12-15", "Longitude": 13.891224, "Latitude": 11.375029 }, "geometry": { "type": "Point", "coordinates": [ 13.891224, 11.375029 ] } },
{ "type": "Feature", "properties": { "device_id": 375915.0, "UTC_datetime": "2025-12-15T10:35:05Z", "UTC_date": "2025-12-15", "Longitude": 13.878176, "Latitude": 11.396193 }, "geometry": { "type": "Point", "coordinates": [ 13.878176, 11.396193 ] } },
{ "type": "Feature", "properties": { "device_id": 375915.0, "UTC_datetime": "2025-12-15T11:34:45Z", "UTC_date": "2025-12-15", "Longitude": 13.873267, "Latitude": 11.396319 }, "geometry": { "type": "Point", "coordinates": [ 13.873267, 11.396319 ] } },
{ "type": "Feature", "properties": { "device_id": 375915.0, "UTC_datetime": "2025-12-15T12:34:44Z", "UTC_date": "2025-12-15", "Longitude": 13.870124, "Latitude": 11.400856 }, "geometry": { "type": "Point", "coordinates": [ 13.870124, 11.400856 ] } },
{ "type": "Feature", "properties": { "device_id": 375915.0, "UTC_datetime": "2025-12-15T13:34:47Z", "UTC_date": "2025-12-15", "Longitude": 13.878952, "Latitude": 11.287817 }, "geometry": { "type": "Point", "coordinates": [ 13.878952, 11.287817 ] } },
{ "type": "Feature", "properties": { "device_id": 375915.0, "UTC_datetime": "2025-12-15T14:35:04Z", "UTC_date": "2025-12-15", "Longitude": 13.893766, "Latitude": 11.261587 }, "geometry": { "type": "Point", "coordinates": [ 13.893766, 11.261587 ] } },
{ "type": "Feature", "properties": { "device_id": 375915.0, "UTC_datetime": "2025-12-16T07:34:45Z", "UTC_date": "2025-12-16", "Longitude": 13.865849, "Latitude": 11.268783 }, "geometry": { "type": "Point", "coordinates": [ 13.865849, 11.268783 ] } },
{ "type": "Feature", "properties": { "device_id": 375915.0, "UTC_datetime": "2025-12-16T08:34:46Z", "UTC_date": "2025-12-16", "Longitude": 13.884821, "Latitude": 11.385188 }, "geometry": { "type": "Point", "coordinates": [ 13.884821, 11.385188 ] } },
{ "type": "Feature", "properties": { "device_id": 375915.0, "UTC_datetime": "2025-12-16T09:34:45Z", "UTC_date": "2025-12-16", "Longitude": 13.853804, "Latitude": 11.38789 }, "geometry": { "type": "Point", "coordinates": [ 13.853804, 11.38789 ] } },
{ "type": "Feature", "properties": { "device_id": 375915.0, "UTC_datetime": "2025-12-16T10:35:22Z", "UTC_date": "2025-12-16", "Longitude": 13.847699, "Latitude": 11.399054 }, "geometry": { "type": "Point", "coordinates": [ 13.847699, 11.399054 ] } },
{ "type": "Feature", "properties": { "device_id": 375915.0, "UTC_datetime": "2025-12-16T11:34:45Z", "UTC_date": "2025-12-16", "Longitude": 13.796703, "Latitude": 11.400152 }, "geometry": { "type": "Point", "coordinates": [ 13.796703, 11.400152 ] } },
{ "type": "Feature", "properties": { "device_id": 375915.0, "UTC_datetime": "2025-12-16T12:35:04Z", "UTC_date": "2025-12-16", "Longitude": 13.803861, "Latitude": 11.416034 }, "geometry": { "type": "Point", "coordinates": [ 13.803861, 11.416034 ] } },
{ "type": "Feature", "properties": { "device_id": 375915.0, "UTC_datetime": "2025-12-16T13:34:45Z", "UTC_date": "2025-12-16", "Longitude": 13.764252, "Latitude": 11.522281 }, "geometry": { "type": "Point", "coordinates": [ 13.764252, 11.522281 ] } },
{ "type": "Feature", "properties": { "device_id": 375915.0, "UTC_datetime": "2025-12-16T14:34:45Z", "UTC_date": "2025-12-16", "Longitude": 13.755546, "Latitude": 11.569674 }, "geometry": { "type": "Point", "coordinates": [ 13.755546, 11.569674 ] } },
{ "type": "Feature", "properties": { "device_id": 375915.0, "UTC_datetime": "2025-12-17T07:34:47Z", "UTC_date": "2025-12-17", "Longitude": 13.767426, "Latitude": 11.520563 }, "geometry": { "type": "Point", "coordinates": [ 13.767426, 11.520563 ] } },
{ "type": "Feature", "properties": { "device_id": 375915.0, "UTC_datetime": "2025-12-17T08:35:04Z", "UTC_date": "2025-12-17", "Longitude": 13.892575, "Latitude": 11.547051 }, "geometry": { "type": "Point", "coordinates": [ 13.892575, 11.547051 ] } },
{ "type": "Feature", "properties": { "device_id": 375915.0, "UTC_datetime": "2025-12-17T09:34:46Z", "UTC_date": "2025-12-17", "Longitude": 14.012696, "Latitude": 11.509747 }, "geometry": { "type": "Point", "coordinates": [ 14.012696, 11.509747 ] } },
{ "type": "Feature", "properties": { "device_id": 375915.0, "UTC_datetime": "2025-12-17T10:35:06Z", "UTC_date": "2025-12-17", "Longitude": 14.046609, "Latitude": 11.501649 }, "geometry": { "type": "Point", "coordinates": [ 14.046609, 11.501649 ] } },
{ "type": "Feature", "properties": { "device_id": 375915.0, "UTC_datetime": "2025-12-17T11:34:45Z", "UTC_date": "2025-12-17", "Longitude": 14.024663, "Latitude": 11.429542 }, "geometry": { "type": "Point", "coordinates": [ 14.024663, 11.429542 ] } },
{ "type": "Feature", "properties": { "device_id": 375915.0, "UTC_datetime": "2025-12-17T12:35:05Z", "UTC_date": "2025-12-17", "Longitude": 14.028428, "Latitude": 11.427034 }, "geometry": { "type": "Point", "coordinates": [ 14.028428, 11.427034 ] } },
{ "type": "Feature", "properties": { "device_id": 375915.0, "UTC_datetime": "2025-12-17T13:34:47Z", "UTC_date": "2025-12-17", "Longitude": 14.059141, "Latitude": 11.404428 }, "geometry": { "type": "Point", "coordinates": [ 14.059141, 11.404428 ] } },
{ "type": "Feature", "properties": { "device_id": 375915.0, "UTC_datetime": "2025-12-17T14:34:46Z", "UTC_date": "2025-12-17", "Longitude": 14.032583, "Latitude": 11.428583 }, "geometry": { "type": "Point", "coordinates": [ 14.032583, 11.428583 ] } },
{ "type": "Feature", "properties": { "device_id": 375915.0, "UTC_datetime": "2025-12-18T07:34:48Z", "UTC_date": "2025-12-18", "Longitude": 14.099459, "Latitude": 11.423264 }, "geometry": { "type": "Point", "coordinates": [ 14.099459, 11.423264 ] } },
{ "type": "Feature", "properties": { "device_id": 375915.0, "UTC_datetime": "2025-12-18T08:34:52Z", "UTC_date": "2025-12-18", "Longitude": 14.04357, "Latitude": 11.409756 }, "geometry": { "type": "Point", "coordinates": [ 14.04357, 11.409756 ] } },
{ "type": "Feature", "properties": { "device_id": 375915.0, "UTC_datetime": "2025-12-18T09:34:49Z", "UTC_date": "2025-12-18", "Longitude": 14.064282, "Latitude": 11.408799 }, "geometry": { "type": "Point", "coordinates": [ 14.064282, 11.408799 ] } },
{ "type": "Feature", "properties": { "device_id": 375915.0, "UTC_datetime": "2025-12-18T10:35:04Z", "UTC_date": "2025-12-18", "Longitude": 14.06563, "Latitude": 11.407815 }, "geometry": { "type": "Point", "coordinates": [ 14.06563, 11.407815 ] } },
{ "type": "Feature", "properties": { "device_id": 375915.0, "UTC_datetime": "2025-12-18T11:35:05Z", "UTC_date": "2025-12-18", "Longitude": 14.066095, "Latitude": 11.407767 }, "geometry": { "type": "Point", "coordinates": [ 14.066095, 11.407767 ] } },
{ "type": "Feature", "properties": { "device_id": 375915.0, "UTC_datetime": "2025-12-18T12:34:48Z", "UTC_date": "2025-12-18", "Longitude": 14.066787, "Latitude": 11.407109 }, "geometry": { "type": "Point", "coordinates": [ 14.066787, 11.407109 ] } },
{ "type": "Feature", "properties": { "device_id": 375915.0, "UTC_datetime": "2025-12-18T13:34:49Z", "UTC_date": "2025-12-18", "Longitude": 14.066586, "Latitude": 11.407155 }, "geometry": { "type": "Point", "coordinates": [ 14.066586, 11.407155 ] } },
{ "type": "Feature", "properties": { "device_id": 375915.0, "UTC_datetime": "2025-12-18T14:35:12Z", "UTC_date": "2025-12-18", "Longitude": 14.09754, "Latitude": 11.423903 }, "geometry": { "type": "Point", "coordinates": [ 14.09754, 11.423903 ] } },
{ "type": "Feature", "properties": { "device_id": 375915.0, "UTC_datetime": "2025-12-19T07:35:05Z", "UTC_date": "2025-12-19", "Longitude": 14.097537, "Latitude": 11.423841 }, "geometry": { "type": "Point", "coordinates": [ 14.097537, 11.423841 ] } },
{ "type": "Feature", "properties": { "device_id": 375915.0, "UTC_datetime": "2025-12-19T08:35:05Z", "UTC_date": "2025-12-19", "Longitude": 14.099216, "Latitude": 11.423484 }, "geometry": { "type": "Point", "coordinates": [ 14.099216, 11.423484 ] } },
{ "type": "Feature", "properties": { "device_id": 375915.0, "UTC_datetime": "2025-12-19T09:34:51Z", "UTC_date": "2025-12-19", "Longitude": 14.064363, "Latitude": 11.407451 }, "geometry": { "type": "Point", "coordinates": [ 14.064363, 11.407451 ] } },
{ "type": "Feature", "properties": { "device_id": 375915.0, "UTC_datetime": "2025-12-19T10:35:13Z", "UTC_date": "2025-12-19", "Longitude": 14.066887, "Latitude": 11.411807 }, "geometry": { "type": "Point", "coordinates": [ 14.066887, 11.411807 ] } },
{ "type": "Feature", "properties": { "device_id": 375915.0, "UTC_datetime": "2025-12-19T11:34:50Z", "UTC_date": "2025-12-19", "Longitude": 14.06714, "Latitude": 11.412041 }, "geometry": { "type": "Point", "coordinates": [ 14.06714, 11.412041 ] } },
{ "type": "Feature", "properties": { "device_id": 375915.0, "UTC_datetime": "2025-12-19T12:35:12Z", "UTC_date": "2025-12-19", "Longitude": 14.065692, "Latitude": 11.407867 }, "geometry": { "type": "Point", "coordinates": [ 14.065692, 11.407867 ] } },
{ "type": "Feature", "properties": { "device_id": 375915.0, "UTC_datetime": "2025-12-19T13:34:51Z", "UTC_date": "2025-12-19", "Longitude": 14.050932, "Latitude": 11.397911 }, "geometry": { "type": "Point", "coordinates": [ 14.050932, 11.397911 ] } },
{ "type": "Feature", "properties": { "device_id": 375915.0, "UTC_datetime": "2025-12-19T14:35:12Z", "UTC_date": "2025-12-19", "Longitude": 13.926021, "Latitude": 11.261456 }, "geometry": { "type": "Point", "coordinates": [ 13.926021, 11.261456 ] } },
{ "type": "Feature", "properties": { "device_id": 375915.0, "UTC_datetime": "2025-12-20T07:34:55Z", "UTC_date": "2025-12-20", "Longitude": 13.892576, "Latitude": 11.261491 }, "geometry": { "type": "Point", "coordinates": [ 13.892576, 11.261491 ] } },
{ "type": "Feature", "properties": { "device_id": 375915.0, "UTC_datetime": "2025-12-20T08:35:14Z", "UTC_date": "2025-12-20", "Longitude": 13.893912, "Latitude": 11.288699 }, "geometry": { "type": "Point", "coordinates": [ 13.893912, 11.288699 ] } },
{ "type": "Feature", "properties": { "device_id": 375915.0, "UTC_datetime": "2025-12-20T09:35:22Z", "UTC_date": "2025-12-20", "Longitude": 13.893971, "Latitude": 11.288728 }, "geometry": { "type": "Point", "coordinates": [ 13.893971, 11.288728 ] } },
{ "type": "Feature", "properties": { "device_id": 375915.0, "UTC_datetime": "2025-12-20T10:34:51Z", "UTC_date": "2025-12-20", "Longitude": 13.881091, "Latitude": 11.180737 }, "geometry": { "type": "Point", "coordinates": [ 13.881091, 11.180737 ] } },
{ "type": "Feature", "properties": { "device_id": 375915.0, "UTC_datetime": "2025-12-20T11:35:13Z", "UTC_date": "2025-12-20", "Longitude": 13.82574, "Latitude": 11.137901 }, "geometry": { "type": "Point", "coordinates": [ 13.82574, 11.137901 ] } },
{ "type": "Feature", "properties": { "device_id": 375915.0, "UTC_datetime": "2025-12-20T12:34:53Z", "UTC_date": "2025-12-20", "Longitude": 13.594026, "Latitude": 11.150291 }, "geometry": { "type": "Point", "coordinates": [ 13.594026, 11.150291 ] } },
{ "type": "Feature", "properties": { "device_id": 375915.0, "UTC_datetime": "2025-12-20T13:35:35Z", "UTC_date": "2025-12-20", "Longitude": 13.577063, "Latitude": 11.172355 }, "geometry": { "type": "Point", "coordinates": [ 13.577063, 11.172355 ] } },
{ "type": "Feature", "properties": { "device_id": 375915.0, "UTC_datetime": "2025-12-20T14:34:52Z", "UTC_date": "2025-12-20", "Longitude": 13.505135, "Latitude": 11.129295 }, "geometry": { "type": "Point", "coordinates": [ 13.505135, 11.129295 ] } },
{ "type": "Feature", "properties": { "device_id": 375915.0, "UTC_datetime": "2025-12-21T07:34:54Z", "UTC_date": "2025-12-21", "Longitude": 13.443018, "Latitude": 10.990846 }, "geometry": { "type": "Point", "coordinates": [ 13.443018, 10.990846 ] } },
{ "type": "Feature", "properties": { "device_id": 375915.0, "UTC_datetime": "2025-12-21T08:35:13Z", "UTC_date": "2025-12-21", "Longitude": 13.442761, "Latitude": 10.991002 }, "geometry": { "type": "Point", "coordinates": [ 13.442761, 10.991002 ] } },
{ "type": "Feature", "properties": { "device_id": 375915.0, "UTC_datetime": "2025-12-21T09:34:53Z", "UTC_date": "2025-12-21", "Longitude": 13.392066, "Latitude": 10.975939 }, "geometry": { "type": "Point", "coordinates": [ 13.392066, 10.975939 ] } },
{ "type": "Feature", "properties": { "device_id": 375915.0, "UTC_datetime": "2025-12-21T10:35:14Z", "UTC_date": "2025-12-21", "Longitude": 13.233201, "Latitude": 11.048203 }, "geometry": { "type": "Point", "coordinates": [ 13.233201, 11.048203 ] } },
{ "type": "Feature", "properties": { "device_id": 375915.0, "UTC_datetime": "2025-12-21T11:35:14Z", "UTC_date": "2025-12-21", "Longitude": 13.14739, "Latitude": 11.183325 }, "geometry": { "type": "Point", "coordinates": [ 13.14739, 11.183325 ] } },
{ "type": "Feature", "properties": { "device_id": 375915.0, "UTC_datetime": "2025-12-21T12:35:12Z", "UTC_date": "2025-12-21", "Longitude": 13.049476, "Latitude": 11.398945 }, "geometry": { "type": "Point", "coordinates": [ 13.049476, 11.398945 ] } },
{ "type": "Feature", "properties": { "device_id": 375915.0, "UTC_datetime": "2025-12-21T13:34:54Z", "UTC_date": "2025-12-21", "Longitude": 13.06489, "Latitude": 11.404189 }, "geometry": { "type": "Point", "coordinates": [ 13.06489, 11.404189 ] } },
{ "type": "Feature", "properties": { "device_id": 375915.0, "UTC_datetime": "2025-12-21T14:35:23Z", "UTC_date": "2025-12-21", "Longitude": 13.068088, "Latitude": 11.404002 }, "geometry": { "type": "Point", "coordinates": [ 13.068088, 11.404002 ] } },
{ "type": "Feature", "properties": { "device_id": 375915.0, "UTC_datetime": "2025-12-22T07:35:24Z", "UTC_date": "2025-12-22", "Longitude": 13.059978, "Latitude": 11.404521 }, "geometry": { "type": "Point", "coordinates": [ 13.059978, 11.404521 ] } },
{ "type": "Feature", "properties": { "device_id": 375915.0, "UTC_datetime": "2025-12-22T08:35:13Z", "UTC_date": "2025-12-22", "Longitude": 13.076782, "Latitude": 11.435405 }, "geometry": { "type": "Point", "coordinates": [ 13.076782, 11.435405 ] } },
{ "type": "Feature", "properties": { "device_id": 375915.0, "UTC_datetime": "2025-12-22T09:34:55Z", "UTC_date": "2025-12-22", "Longitude": 13.084227, "Latitude": 11.480713 }, "geometry": { "type": "Point", "coordinates": [ 13.084227, 11.480713 ] } },
{ "type": "Feature", "properties": { "device_id": 375915.0, "UTC_datetime": "2025-12-22T10:35:14Z", "UTC_date": "2025-12-22", "Longitude": 13.219202, "Latitude": 11.546465 }, "geometry": { "type": "Point", "coordinates": [ 13.219202, 11.546465 ] } },
{ "type": "Feature", "properties": { "device_id": 375915.0, "UTC_datetime": "2025-12-22T11:34:57Z", "UTC_date": "2025-12-22", "Longitude": 13.485887, "Latitude": 11.562013 }, "geometry": { "type": "Point", "coordinates": [ 13.485887, 11.562013 ] } },
{ "type": "Feature", "properties": { "device_id": 375915.0, "UTC_datetime": "2025-12-22T12:35:12Z", "UTC_date": "2025-12-22", "Longitude": 13.803583, "Latitude": 11.409939 }, "geometry": { "type": "Point", "coordinates": [ 13.803583, 11.409939 ] } },
{ "type": "Feature", "properties": { "device_id": 375915.0, "UTC_datetime": "2025-12-22T13:34:54Z", "UTC_date": "2025-12-22", "Longitude": 13.917312, "Latitude": 11.31116 }, "geometry": { "type": "Point", "coordinates": [ 13.917312, 11.31116 ] } },
{ "type": "Feature", "properties": { "device_id": 375915.0, "UTC_datetime": "2025-12-22T14:35:12Z", "UTC_date": "2025-12-22", "Longitude": 13.888625, "Latitude": 11.330922 }, "geometry": { "type": "Point", "coordinates": [ 13.888625, 11.330922 ] } },
{ "type": "Feature", "properties": { "device_id": 375915.0, "UTC_datetime": "2025-12-23T07:34:55Z", "UTC_date": "2025-12-23", "Longitude": 13.879846, "Latitude": 11.336488 }, "geometry": { "type": "Point", "coordinates": [ 13.879846, 11.336488 ] } },
{ "type": "Feature", "properties": { "device_id": 375915.0, "UTC_datetime": "2025-12-23T08:35:14Z", "UTC_date": "2025-12-23", "Longitude": 13.881101, "Latitude": 11.337472 }, "geometry": { "type": "Point", "coordinates": [ 13.881101, 11.337472 ] } },
{ "type": "Feature", "properties": { "device_id": 375915.0, "UTC_datetime": "2025-12-23T09:34:58Z", "UTC_date": "2025-12-23", "Longitude": 13.877624, "Latitude": 11.3929 }, "geometry": { "type": "Point", "coordinates": [ 13.877624, 11.3929 ] } },
{ "type": "Feature", "properties": { "device_id": 375915.0, "UTC_datetime": "2025-12-23T10:35:12Z", "UTC_date": "2025-12-23", "Longitude": 13.959498, "Latitude": 11.3613 }, "geometry": { "type": "Point", "coordinates": [ 13.959498, 11.3613 ] } },
{ "type": "Feature", "properties": { "device_id": 375915.0, "UTC_datetime": "2025-12-23T11:35:18Z", "UTC_date": "2025-12-23", "Longitude": 13.978389, "Latitude": 11.350928 }, "geometry": { "type": "Point", "coordinates": [ 13.978389, 11.350928 ] } },
{ "type": "Feature", "properties": { "device_id": 375915.0, "UTC_datetime": "2025-12-23T12:35:00Z", "UTC_date": "2025-12-23", "Longitude": 13.979196, "Latitude": 11.351319 }, "geometry": { "type": "Point", "coordinates": [ 13.979196, 11.351319 ] } },
{ "type": "Feature", "properties": { "device_id": 375915.0, "UTC_datetime": "2025-12-23T13:35:12Z", "UTC_date": "2025-12-23", "Longitude": 13.979242, "Latitude": 11.350881 }, "geometry": { "type": "Point", "coordinates": [ 13.979242, 11.350881 ] } },
{ "type": "Feature", "properties": { "device_id": 375915.0, "UTC_datetime": "2025-12-23T14:35:13Z", "UTC_date": "2025-12-23", "Longitude": 13.874907, "Latitude": 11.315921 }, "geometry": { "type": "Point", "coordinates": [ 13.874907, 11.315921 ] } },
{ "type": "Feature", "properties": { "device_id": 375915.0, "UTC_datetime": "2025-12-24T07:35:29Z", "UTC_date": "2025-12-24", "Longitude": 13.892878, "Latitude": 11.264305 }, "geometry": { "type": "Point", "coordinates": [ 13.892878, 11.264305 ] } },
{ "type": "Feature", "properties": { "device_id": 375915.0, "UTC_datetime": "2025-12-24T08:35:13Z", "UTC_date": "2025-12-24", "Longitude": 13.925679, "Latitude": 11.302277 }, "geometry": { "type": "Point", "coordinates": [ 13.925679, 11.302277 ] } },
{ "type": "Feature", "properties": { "device_id": 375915.0, "UTC_datetime": "2025-12-24T09:34:56Z", "UTC_date": "2025-12-24", "Longitude": 13.969491, "Latitude": 11.354141 }, "geometry": { "type": "Point", "coordinates": [ 13.969491, 11.354141 ] } },
{ "type": "Feature", "properties": { "device_id": 375915.0, "UTC_datetime": "2025-12-24T10:35:12Z", "UTC_date": "2025-12-24", "Longitude": 13.969479, "Latitude": 11.354171 }, "geometry": { "type": "Point", "coordinates": [ 13.969479, 11.354171 ] } },
{ "type": "Feature", "properties": { "device_id": 375915.0, "UTC_datetime": "2025-12-24T11:34:59Z", "UTC_date": "2025-12-24", "Longitude": 13.969272, "Latitude": 11.353962 }, "geometry": { "type": "Point", "coordinates": [ 13.969272, 11.353962 ] } },
{ "type": "Feature", "properties": { "device_id": 375915.0, "UTC_datetime": "2025-12-24T12:35:35Z", "UTC_date": "2025-12-24", "Longitude": 13.969483, "Latitude": 11.354124 }, "geometry": { "type": "Point", "coordinates": [ 13.969483, 11.354124 ] } },
{ "type": "Feature", "properties": { "device_id": 375915.0, "UTC_datetime": "2025-12-24T13:34:56Z", "UTC_date": "2025-12-24", "Longitude": 13.96936, "Latitude": 11.354308 }, "geometry": { "type": "Point", "coordinates": [ 13.96936, 11.354308 ] } },
{ "type": "Feature", "properties": { "device_id": 375915.0, "UTC_datetime": "2025-12-24T14:35:13Z", "UTC_date": "2025-12-24", "Longitude": 13.948853, "Latitude": 11.376266 }, "geometry": { "type": "Point", "coordinates": [ 13.948853, 11.376266 ] } },
{ "type": "Feature", "properties": { "device_id": 375915.0, "UTC_datetime": "2025-12-25T07:34:57Z", "UTC_date": "2025-12-25", "Longitude": 13.876122, "Latitude": 11.284554 }, "geometry": { "type": "Point", "coordinates": [ 13.876122, 11.284554 ] } },
{ "type": "Feature", "properties": { "device_id": 375915.0, "UTC_datetime": "2025-12-25T08:35:13Z", "UTC_date": "2025-12-25", "Longitude": 13.832081, "Latitude": 11.37916 }, "geometry": { "type": "Point", "coordinates": [ 13.832081, 11.37916 ] } },
{ "type": "Feature", "properties": { "device_id": 375915.0, "UTC_datetime": "2025-12-25T09:34:57Z", "UTC_date": "2025-12-25", "Longitude": 13.867406, "Latitude": 11.398117 }, "geometry": { "type": "Point", "coordinates": [ 13.867406, 11.398117 ] } },
{ "type": "Feature", "properties": { "device_id": 375915.0, "UTC_datetime": "2025-12-25T10:35:13Z", "UTC_date": "2025-12-25", "Longitude": 13.974519, "Latitude": 11.353787 }, "geometry": { "type": "Point", "coordinates": [ 13.974519, 11.353787 ] } },
{ "type": "Feature", "properties": { "device_id": 375915.0, "UTC_datetime": "2025-12-25T11:35:03Z", "UTC_date": "2025-12-25", "Longitude": 14.042091, "Latitude": 11.371397 }, "geometry": { "type": "Point", "coordinates": [ 14.042091, 11.371397 ] } },
{ "type": "Feature", "properties": { "device_id": 375915.0, "UTC_datetime": "2025-12-25T12:35:29Z", "UTC_date": "2025-12-25", "Longitude": 14.066853, "Latitude": 11.404452 }, "geometry": { "type": "Point", "coordinates": [ 14.066853, 11.404452 ] } },
{ "type": "Feature", "properties": { "device_id": 375915.0, "UTC_datetime": "2025-12-25T13:34:58Z", "UTC_date": "2025-12-25", "Longitude": 14.071902, "Latitude": 11.415458 }, "geometry": { "type": "Point", "coordinates": [ 14.071902, 11.415458 ] } },
{ "type": "Feature", "properties": { "device_id": 375915.0, "UTC_datetime": "2025-12-25T14:35:13Z", "UTC_date": "2025-12-25", "Longitude": 14.077762, "Latitude": 11.404437 }, "geometry": { "type": "Point", "coordinates": [ 14.077762, 11.404437 ] } },
{ "type": "Feature", "properties": { "device_id": 375915.0, "UTC_datetime": "2025-12-26T07:34:58Z", "UTC_date": "2025-12-26", "Longitude": 14.077399, "Latitude": 11.43925 }, "geometry": { "type": "Point", "coordinates": [ 14.077399, 11.43925 ] } },
{ "type": "Feature", "properties": { "device_id": 375915.0, "UTC_datetime": "2025-12-26T08:35:13Z", "UTC_date": "2025-12-26", "Longitude": 14.080729, "Latitude": 11.440203 }, "geometry": { "type": "Point", "coordinates": [ 14.080729, 11.440203 ] } },
{ "type": "Feature", "properties": { "device_id": 375915.0, "UTC_datetime": "2025-12-26T09:34:58Z", "UTC_date": "2025-12-26", "Longitude": 14.060253, "Latitude": 11.409663 }, "geometry": { "type": "Point", "coordinates": [ 14.060253, 11.409663 ] } },
{ "type": "Feature", "properties": { "device_id": 375915.0, "UTC_datetime": "2025-12-26T10:35:28Z", "UTC_date": "2025-12-26", "Longitude": 14.06082, "Latitude": 11.410534 }, "geometry": { "type": "Point", "coordinates": [ 14.06082, 11.410534 ] } },
{ "type": "Feature", "properties": { "device_id": 375915.0, "UTC_datetime": "2025-12-26T11:35:01Z", "UTC_date": "2025-12-26", "Longitude": 14.055648, "Latitude": 11.407681 }, "geometry": { "type": "Point", "coordinates": [ 14.055648, 11.407681 ] } },
{ "type": "Feature", "properties": { "device_id": 375915.0, "UTC_datetime": "2025-12-26T12:35:13Z", "UTC_date": "2025-12-26", "Longitude": 14.076601, "Latitude": 11.391623 }, "geometry": { "type": "Point", "coordinates": [ 14.076601, 11.391623 ] } },
{ "type": "Feature", "properties": { "device_id": 375915.0, "UTC_datetime": "2025-12-26T13:34:59Z", "UTC_date": "2025-12-26", "Longitude": 14.092743, "Latitude": 11.384492 }, "geometry": { "type": "Point", "coordinates": [ 14.092743, 11.384492 ] } },
{ "type": "Feature", "properties": { "device_id": 375915.0, "UTC_datetime": "2025-12-26T14:35:13Z", "UTC_date": "2025-12-26", "Longitude": 14.084549, "Latitude": 11.409656 }, "geometry": { "type": "Point", "coordinates": [ 14.084549, 11.409656 ] } },
{ "type": "Feature", "properties": { "device_id": 375915.0, "UTC_datetime": "2025-12-27T07:35:28Z", "UTC_date": "2025-12-27", "Longitude": 14.090816, "Latitude": 11.422763 }, "geometry": { "type": "Point", "coordinates": [ 14.090816, 11.422763 ] } },
{ "type": "Feature", "properties": { "device_id": 375915.0, "UTC_datetime": "2025-12-27T08:35:00Z", "UTC_date": "2025-12-27", "Longitude": 14.063897, "Latitude": 11.410356 }, "geometry": { "type": "Point", "coordinates": [ 14.063897, 11.410356 ] } },
{ "type": "Feature", "properties": { "device_id": 375915.0, "UTC_datetime": "2025-12-27T09:35:15Z", "UTC_date": "2025-12-27", "Longitude": 14.058939, "Latitude": 11.408267 }, "geometry": { "type": "Point", "coordinates": [ 14.058939, 11.408267 ] } },
{ "type": "Feature", "properties": { "device_id": 375915.0, "UTC_datetime": "2025-12-27T10:35:29Z", "UTC_date": "2025-12-27", "Longitude": 14.080997, "Latitude": 11.398976 }, "geometry": { "type": "Point", "coordinates": [ 14.080997, 11.398976 ] } },
{ "type": "Feature", "properties": { "device_id": 375915.0, "UTC_datetime": "2025-12-27T11:35:00Z", "UTC_date": "2025-12-27", "Longitude": 14.063755, "Latitude": 11.388638 }, "geometry": { "type": "Point", "coordinates": [ 14.063755, 11.388638 ] } },
{ "type": "Feature", "properties": { "device_id": 375915.0, "UTC_datetime": "2025-12-27T12:35:01Z", "UTC_date": "2025-12-27", "Longitude": 14.06947, "Latitude": 11.408882 }, "geometry": { "type": "Point", "coordinates": [ 14.06947, 11.408882 ] } },
{ "type": "Feature", "properties": { "device_id": 375915.0, "UTC_datetime": "2025-12-27T13:35:12Z", "UTC_date": "2025-12-27", "Longitude": 14.074686, "Latitude": 11.412699 }, "geometry": { "type": "Point", "coordinates": [ 14.074686, 11.412699 ] } },
{ "type": "Feature", "properties": { "device_id": 375915.0, "UTC_datetime": "2025-12-27T14:35:13Z", "UTC_date": "2025-12-27", "Longitude": 14.057027, "Latitude": 11.407575 }, "geometry": { "type": "Point", "coordinates": [ 14.057027, 11.407575 ] } },
{ "type": "Feature", "properties": { "device_id": 375915.0, "UTC_datetime": "2025-12-28T07:35:29Z", "UTC_date": "2025-12-28", "Longitude": 14.051988, "Latitude": 11.365881 }, "geometry": { "type": "Point", "coordinates": [ 14.051988, 11.365881 ] } },
{ "type": "Feature", "properties": { "device_id": 375915.0, "UTC_datetime": "2025-12-28T08:35:35Z", "UTC_date": "2025-12-28", "Longitude": 14.059455, "Latitude": 11.406627 }, "geometry": { "type": "Point", "coordinates": [ 14.059455, 11.406627 ] } },
{ "type": "Feature", "properties": { "device_id": 375915.0, "UTC_datetime": "2025-12-28T09:35:00Z", "UTC_date": "2025-12-28", "Longitude": 14.037123, "Latitude": 11.40918 }, "geometry": { "type": "Point", "coordinates": [ 14.037123, 11.40918 ] } },
{ "type": "Feature", "properties": { "device_id": 375915.0, "UTC_datetime": "2025-12-28T10:35:01Z", "UTC_date": "2025-12-28", "Longitude": 14.049151, "Latitude": 11.416286 }, "geometry": { "type": "Point", "coordinates": [ 14.049151, 11.416286 ] } },
{ "type": "Feature", "properties": { "device_id": 375915.0, "UTC_datetime": "2025-12-28T11:35:04Z", "UTC_date": "2025-12-28", "Longitude": 14.052615, "Latitude": 11.428327 }, "geometry": { "type": "Point", "coordinates": [ 14.052615, 11.428327 ] } },
{ "type": "Feature", "properties": { "device_id": 375915.0, "UTC_datetime": "2025-12-28T12:35:12Z", "UTC_date": "2025-12-28", "Longitude": 14.066112, "Latitude": 11.422978 }, "geometry": { "type": "Point", "coordinates": [ 14.066112, 11.422978 ] } },
{ "type": "Feature", "properties": { "device_id": 375915.0, "UTC_datetime": "2025-12-28T13:35:05Z", "UTC_date": "2025-12-28", "Longitude": 14.056584, "Latitude": 11.426912 }, "geometry": { "type": "Point", "coordinates": [ 14.056584, 11.426912 ] } },
{ "type": "Feature", "properties": { "device_id": 375915.0, "UTC_datetime": "2025-12-28T14:35:34Z", "UTC_date": "2025-12-28", "Longitude": 14.049056, "Latitude": 11.423538 }, "geometry": { "type": "Point", "coordinates": [ 14.049056, 11.423538 ] } },
{ "type": "Feature", "properties": { "device_id": 375915.0, "UTC_datetime": "2025-12-29T07:35:04Z", "UTC_date": "2025-12-29", "Longitude": 14.048205, "Latitude": 11.424091 }, "geometry": { "type": "Point", "coordinates": [ 14.048205, 11.424091 ] } },
{ "type": "Feature", "properties": { "device_id": 375915.0, "UTC_datetime": "2025-12-29T08:35:13Z", "UTC_date": "2025-12-29", "Longitude": 14.059367, "Latitude": 11.437906 }, "geometry": { "type": "Point", "coordinates": [ 14.059367, 11.437906 ] } },
{ "type": "Feature", "properties": { "device_id": 375915.0, "UTC_datetime": "2025-12-29T09:35:03Z", "UTC_date": "2025-12-29", "Longitude": 14.047447, "Latitude": 11.422818 }, "geometry": { "type": "Point", "coordinates": [ 14.047447, 11.422818 ] } },
{ "type": "Feature", "properties": { "device_id": 375915.0, "UTC_datetime": "2025-12-29T10:35:35Z", "UTC_date": "2025-12-29", "Longitude": 14.046726, "Latitude": 11.426748 }, "geometry": { "type": "Point", "coordinates": [ 14.046726, 11.426748 ] } },
{ "type": "Feature", "properties": { "device_id": 375915.0, "UTC_datetime": "2025-12-29T11:35:02Z", "UTC_date": "2025-12-29", "Longitude": 14.05346, "Latitude": 11.408875 }, "geometry": { "type": "Point", "coordinates": [ 14.05346, 11.408875 ] } },
{ "type": "Feature", "properties": { "device_id": 375915.0, "UTC_datetime": "2025-12-29T12:35:04Z", "UTC_date": "2025-12-29", "Longitude": 14.058951, "Latitude": 11.419412 }, "geometry": { "type": "Point", "coordinates": [ 14.058951, 11.419412 ] } },
{ "type": "Feature", "properties": { "device_id": 375915.0, "UTC_datetime": "2025-12-29T13:35:03Z", "UTC_date": "2025-12-29", "Longitude": 14.041099, "Latitude": 11.422543 }, "geometry": { "type": "Point", "coordinates": [ 14.041099, 11.422543 ] } },
{ "type": "Feature", "properties": { "device_id": 375915.0, "UTC_datetime": "2025-12-29T14:35:34Z", "UTC_date": "2025-12-29", "Longitude": 14.047305, "Latitude": 11.436691 }, "geometry": { "type": "Point", "coordinates": [ 14.047305, 11.436691 ] } },
{ "type": "Feature", "properties": { "device_id": 375915.0, "UTC_datetime": "2025-12-30T07:35:05Z", "UTC_date": "2025-12-30", "Longitude": 14.070587, "Latitude": 11.449222 }, "geometry": { "type": "Point", "coordinates": [ 14.070587, 11.449222 ] } },
{ "type": "Feature", "properties": { "device_id": 375915.0, "UTC_datetime": "2025-12-30T08:35:04Z", "UTC_date": "2025-12-30", "Longitude": 14.056814, "Latitude": 11.427755 }, "geometry": { "type": "Point", "coordinates": [ 14.056814, 11.427755 ] } },
{ "type": "Feature", "properties": { "device_id": 375915.0, "UTC_datetime": "2025-12-30T09:35:13Z", "UTC_date": "2025-12-30", "Longitude": 14.061926, "Latitude": 11.424192 }, "geometry": { "type": "Point", "coordinates": [ 14.061926, 11.424192 ] } },
{ "type": "Feature", "properties": { "device_id": 375915.0, "UTC_datetime": "2025-12-30T10:35:34Z", "UTC_date": "2025-12-30", "Longitude": 14.050737, "Latitude": 11.408803 }, "geometry": { "type": "Point", "coordinates": [ 14.050737, 11.408803 ] } },
{ "type": "Feature", "properties": { "device_id": 375915.0, "UTC_datetime": "2025-12-30T11:35:03Z", "UTC_date": "2025-12-30", "Longitude": 14.06846, "Latitude": 11.413448 }, "geometry": { "type": "Point", "coordinates": [ 14.06846, 11.413448 ] } },
{ "type": "Feature", "properties": { "device_id": 375915.0, "UTC_datetime": "2025-12-30T12:35:06Z", "UTC_date": "2025-12-30", "Longitude": 14.058733, "Latitude": 11.406657 }, "geometry": { "type": "Point", "coordinates": [ 14.058733, 11.406657 ] } },
{ "type": "Feature", "properties": { "device_id": 375915.0, "UTC_datetime": "2025-12-30T13:35:05Z", "UTC_date": "2025-12-30", "Longitude": 14.06507, "Latitude": 11.421397 }, "geometry": { "type": "Point", "coordinates": [ 14.06507, 11.421397 ] } },
{ "type": "Feature", "properties": { "device_id": 375915.0, "UTC_datetime": "2025-12-30T14:35:43Z", "UTC_date": "2025-12-30", "Longitude": 13.894289, "Latitude": 11.261128 }, "geometry": { "type": "Point", "coordinates": [ 13.894289, 11.261128 ] } },
{ "type": "Feature", "properties": { "device_id": 375915.0, "UTC_datetime": "2025-12-31T07:35:35Z", "UTC_date": "2025-12-31", "Longitude": 13.892488, "Latitude": 11.261475 }, "geometry": { "type": "Point", "coordinates": [ 13.892488, 11.261475 ] } },
{ "type": "Feature", "properties": { "device_id": 375915.0, "UTC_datetime": "2025-12-31T08:35:05Z", "UTC_date": "2025-12-31", "Longitude": 13.930869, "Latitude": 11.290843 }, "geometry": { "type": "Point", "coordinates": [ 13.930869, 11.290843 ] } },
{ "type": "Feature", "properties": { "device_id": 375915.0, "UTC_datetime": "2025-12-31T09:35:06Z", "UTC_date": "2025-12-31", "Longitude": 13.936672, "Latitude": 11.379004 }, "geometry": { "type": "Point", "coordinates": [ 13.936672, 11.379004 ] } },
{ "type": "Feature", "properties": { "device_id": 375915.0, "UTC_datetime": "2025-12-31T10:35:34Z", "UTC_date": "2025-12-31", "Longitude": 13.936722, "Latitude": 11.379064 }, "geometry": { "type": "Point", "coordinates": [ 13.936722, 11.379064 ] } },
{ "type": "Feature", "properties": { "device_id": 375915.0, "UTC_datetime": "2025-12-31T11:35:05Z", "UTC_date": "2025-12-31", "Longitude": 13.94037, "Latitude": 11.386668 }, "geometry": { "type": "Point", "coordinates": [ 13.94037, 11.386668 ] } },
{ "type": "Feature", "properties": { "device_id": 375915.0, "UTC_datetime": "2025-12-31T12:35:06Z", "UTC_date": "2025-12-31", "Longitude": 14.055625, "Latitude": 11.415348 }, "geometry": { "type": "Point", "coordinates": [ 14.055625, 11.415348 ] } },
{ "type": "Feature", "properties": { "device_id": 375915.0, "UTC_datetime": "2025-12-31T13:35:05Z", "UTC_date": "2025-12-31", "Longitude": 14.056771, "Latitude": 11.417733 }, "geometry": { "type": "Point", "coordinates": [ 14.056771, 11.417733 ] } },
{ "type": "Feature", "properties": { "device_id": 375915.0, "UTC_datetime": "2025-12-31T14:35:34Z", "UTC_date": "2025-12-31", "Longitude": 13.908995, "Latitude": 11.282811 }, "geometry": { "type": "Point", "coordinates": [ 13.908995, 11.282811 ] } },
{ "type": "Feature", "properties": { "device_id": 375915.0, "UTC_datetime": "2026-01-01T07:35:09Z", "UTC_date": "2026-01-01", "Longitude": 13.89239, "Latitude": 11.261579 }, "geometry": { "type": "Point", "coordinates": [ 13.89239, 11.261579 ] } },
{ "type": "Feature", "properties": { "device_id": 375915.0, "UTC_datetime": "2026-01-01T08:35:34Z", "UTC_date": "2026-01-01", "Longitude": 13.903062, "Latitude": 11.36894 }, "geometry": { "type": "Point", "coordinates": [ 13.903062, 11.36894 ] } },
{ "type": "Feature", "properties": { "device_id": 375915.0, "UTC_datetime": "2026-01-01T09:35:06Z", "UTC_date": "2026-01-01", "Longitude": 13.966936, "Latitude": 11.404331 }, "geometry": { "type": "Point", "coordinates": [ 13.966936, 11.404331 ] } },
{ "type": "Feature", "properties": { "device_id": 375915.0, "UTC_datetime": "2026-01-01T10:35:07Z", "UTC_date": "2026-01-01", "Longitude": 14.063298, "Latitude": 11.425217 }, "geometry": { "type": "Point", "coordinates": [ 14.063298, 11.425217 ] } },
{ "type": "Feature", "properties": { "device_id": 375915.0, "UTC_datetime": "2026-01-01T11:35:06Z", "UTC_date": "2026-01-01", "Longitude": 14.055427, "Latitude": 11.420051 }, "geometry": { "type": "Point", "coordinates": [ 14.055427, 11.420051 ] } },
{ "type": "Feature", "properties": { "device_id": 375915.0, "UTC_datetime": "2026-01-01T12:35:34Z", "UTC_date": "2026-01-01", "Longitude": 14.066664, "Latitude": 11.415087 }, "geometry": { "type": "Point", "coordinates": [ 14.066664, 11.415087 ] } },
{ "type": "Feature", "properties": { "device_id": 375915.0, "UTC_datetime": "2026-01-01T13:35:06Z", "UTC_date": "2026-01-01", "Longitude": 14.051311, "Latitude": 11.433768 }, "geometry": { "type": "Point", "coordinates": [ 14.051311, 11.433768 ] } },
{ "type": "Feature", "properties": { "device_id": 375915.0, "UTC_datetime": "2026-01-01T14:35:17Z", "UTC_date": "2026-01-01", "Longitude": 14.052417, "Latitude": 11.434079 }, "geometry": { "type": "Point", "coordinates": [ 14.052417, 11.434079 ] } },
{ "type": "Feature", "properties": { "device_id": 375915.0, "UTC_datetime": "2026-01-02T07:35:35Z", "UTC_date": "2026-01-02", "Longitude": 13.873135, "Latitude": 11.288011 }, "geometry": { "type": "Point", "coordinates": [ 13.873135, 11.288011 ] } },
{ "type": "Feature", "properties": { "device_id": 375915.0, "UTC_datetime": "2026-01-02T08:35:08Z", "UTC_date": "2026-01-02", "Longitude": 13.870984, "Latitude": 11.356483 }, "geometry": { "type": "Point", "coordinates": [ 13.870984, 11.356483 ] } },
{ "type": "Feature", "properties": { "device_id": 375915.0, "UTC_datetime": "2026-01-02T09:35:09Z", "UTC_date": "2026-01-02", "Longitude": 13.936689, "Latitude": 11.379088 }, "geometry": { "type": "Point", "coordinates": [ 13.936689, 11.379088 ] } },
{ "type": "Feature", "properties": { "device_id": 375915.0, "UTC_datetime": "2026-01-02T10:35:34Z", "UTC_date": "2026-01-02", "Longitude": 14.000622, "Latitude": 11.39756 }, "geometry": { "type": "Point", "coordinates": [ 14.000622, 11.39756 ] } },
{ "type": "Feature", "properties": { "device_id": 375915.0, "UTC_datetime": "2026-01-02T11:35:07Z", "UTC_date": "2026-01-02", "Longitude": 14.057721, "Latitude": 11.422197 }, "geometry": { "type": "Point", "coordinates": [ 14.057721, 11.422197 ] } },
{ "type": "Feature", "properties": { "device_id": 375915.0, "UTC_datetime": "2026-01-02T12:35:08Z", "UTC_date": "2026-01-02", "Longitude": 14.054561, "Latitude": 11.419823 }, "geometry": { "type": "Point", "coordinates": [ 14.054561, 11.419823 ] } },
{ "type": "Feature", "properties": { "device_id": 375915.0, "UTC_datetime": "2026-01-02T13:35:35Z", "UTC_date": "2026-01-02", "Longitude": 14.051019, "Latitude": 11.426123 }, "geometry": { "type": "Point", "coordinates": [ 14.051019, 11.426123 ] } },
{ "type": "Feature", "properties": { "device_id": 375915.0, "UTC_datetime": "2026-01-02T14:35:11Z", "UTC_date": "2026-01-02", "Longitude": 14.049019, "Latitude": 11.414867 }, "geometry": { "type": "Point", "coordinates": [ 14.049019, 11.414867 ] } },
{ "type": "Feature", "properties": { "device_id": 375915.0, "UTC_datetime": "2026-01-03T07:35:12Z", "UTC_date": "2026-01-03", "Longitude": 13.891401, "Latitude": 11.271148 }, "geometry": { "type": "Point", "coordinates": [ 13.891401, 11.271148 ] } },
{ "type": "Feature", "properties": { "device_id": 375915.0, "UTC_datetime": "2026-01-03T08:35:34Z", "UTC_date": "2026-01-03", "Longitude": 13.916515, "Latitude": 11.338031 }, "geometry": { "type": "Point", "coordinates": [ 13.916515, 11.338031 ] } },
{ "type": "Feature", "properties": { "device_id": 375915.0, "UTC_datetime": "2026-01-03T09:35:09Z", "UTC_date": "2026-01-03", "Longitude": 14.022839, "Latitude": 11.416658 }, "geometry": { "type": "Point", "coordinates": [ 14.022839, 11.416658 ] } },
{ "type": "Feature", "properties": { "device_id": 375915.0, "UTC_datetime": "2026-01-03T10:35:09Z", "UTC_date": "2026-01-03", "Longitude": 14.05993, "Latitude": 11.426592 }, "geometry": { "type": "Point", "coordinates": [ 14.05993, 11.426592 ] } },
{ "type": "Feature", "properties": { "device_id": 375915.0, "UTC_datetime": "2026-01-03T11:35:10Z", "UTC_date": "2026-01-03", "Longitude": 14.0519, "Latitude": 11.420301 }, "geometry": { "type": "Point", "coordinates": [ 14.0519, 11.420301 ] } },
{ "type": "Feature", "properties": { "device_id": 375915.0, "UTC_datetime": "2026-01-03T12:35:41Z", "UTC_date": "2026-01-03", "Longitude": 14.078159, "Latitude": 11.411562 }, "geometry": { "type": "Point", "coordinates": [ 14.078159, 11.411562 ] } },
{ "type": "Feature", "properties": { "device_id": 375915.0, "UTC_datetime": "2026-01-03T13:35:12Z", "UTC_date": "2026-01-03", "Longitude": 14.064368, "Latitude": 11.413383 }, "geometry": { "type": "Point", "coordinates": [ 14.064368, 11.413383 ] } },
{ "type": "Feature", "properties": { "device_id": 375915.0, "UTC_datetime": "2026-01-03T14:35:34Z", "UTC_date": "2026-01-03", "Longitude": 14.066571, "Latitude": 11.422704 }, "geometry": { "type": "Point", "coordinates": [ 14.066571, 11.422704 ] } },
{ "type": "Feature", "properties": { "device_id": 375915.0, "UTC_datetime": "2026-01-04T07:35:11Z", "UTC_date": "2026-01-04", "Longitude": 13.892838, "Latitude": 11.265239 }, "geometry": { "type": "Point", "coordinates": [ 13.892838, 11.265239 ] } },
{ "type": "Feature", "properties": { "device_id": 375915.0, "UTC_datetime": "2026-01-04T08:35:34Z", "UTC_date": "2026-01-04", "Longitude": 13.900115, "Latitude": 11.297969 }, "geometry": { "type": "Point", "coordinates": [ 13.900115, 11.297969 ] } },
{ "type": "Feature", "properties": { "device_id": 375915.0, "UTC_datetime": "2026-01-04T09:35:10Z", "UTC_date": "2026-01-04", "Longitude": 14.060139, "Latitude": 11.411922 }, "geometry": { "type": "Point", "coordinates": [ 14.060139, 11.411922 ] } },
{ "type": "Feature", "properties": { "device_id": 375915.0, "UTC_datetime": "2026-01-04T10:35:12Z", "UTC_date": "2026-01-04", "Longitude": 14.051431, "Latitude": 11.429795 }, "geometry": { "type": "Point", "coordinates": [ 14.051431, 11.429795 ] } },
{ "type": "Feature", "properties": { "device_id": 375915.0, "UTC_datetime": "2026-01-04T11:35:35Z", "UTC_date": "2026-01-04", "Longitude": 14.049812, "Latitude": 11.428274 }, "geometry": { "type": "Point", "coordinates": [ 14.049812, 11.428274 ] } },
{ "type": "Feature", "properties": { "device_id": 375915.0, "UTC_datetime": "2026-01-04T12:35:12Z", "UTC_date": "2026-01-04", "Longitude": 14.056425, "Latitude": 11.411811 }, "geometry": { "type": "Point", "coordinates": [ 14.056425, 11.411811 ] } },
{ "type": "Feature", "properties": { "device_id": 375915.0, "UTC_datetime": "2026-01-04T13:35:11Z", "UTC_date": "2026-01-04", "Longitude": 14.052226, "Latitude": 11.413927 }, "geometry": { "type": "Point", "coordinates": [ 14.052226, 11.413927 ] } },
{ "type": "Feature", "properties": { "device_id": 375915.0, "UTC_datetime": "2026-01-04T14:35:34Z", "UTC_date": "2026-01-04", "Longitude": 14.061986, "Latitude": 11.411119 }, "geometry": { "type": "Point", "coordinates": [ 14.061986, 11.411119 ] } },
{ "type": "Feature", "properties": { "device_id": 375915.0, "UTC_datetime": "2026-01-05T07:35:35Z", "UTC_date": "2026-01-05", "Longitude": 14.073682, "Latitude": 11.378785 }, "geometry": { "type": "Point", "coordinates": [ 14.073682, 11.378785 ] } },
{ "type": "Feature", "properties": { "device_id": 375915.0, "UTC_datetime": "2026-01-05T08:35:12Z", "UTC_date": "2026-01-05", "Longitude": 14.069647, "Latitude": 11.381401 }, "geometry": { "type": "Point", "coordinates": [ 14.069647, 11.381401 ] } },
{ "type": "Feature", "properties": { "device_id": 375915.0, "UTC_datetime": "2026-01-05T09:35:11Z", "UTC_date": "2026-01-05", "Longitude": 14.049437, "Latitude": 11.424561 }, "geometry": { "type": "Point", "coordinates": [ 14.049437, 11.424561 ] } },
{ "type": "Feature", "properties": { "device_id": 375915.0, "UTC_datetime": "2026-01-05T10:35:34Z", "UTC_date": "2026-01-05", "Longitude": 14.057453, "Latitude": 11.41302 }, "geometry": { "type": "Point", "coordinates": [ 14.057453, 11.41302 ] } },
{ "type": "Feature", "properties": { "device_id": 375915.0, "UTC_datetime": "2026-01-05T11:35:13Z", "UTC_date": "2026-01-05", "Longitude": 14.05738, "Latitude": 11.413 }, "geometry": { "type": "Point", "coordinates": [ 14.05738, 11.413 ] } },
{ "type": "Feature", "properties": { "device_id": 375915.0, "UTC_datetime": "2026-01-05T12:35:35Z", "UTC_date": "2026-01-05", "Longitude": 14.041994, "Latitude": 11.432648 }, "geometry": { "type": "Point", "coordinates": [ 14.041994, 11.432648 ] } },
{ "type": "Feature", "properties": { "device_id": 375915.0, "UTC_datetime": "2026-01-05T13:35:35Z", "UTC_date": "2026-01-05", "Longitude": 14.058356, "Latitude": 11.418741 }, "geometry": { "type": "Point", "coordinates": [ 14.058356, 11.418741 ] } },
{ "type": "Feature", "properties": { "device_id": 375915.0, "UTC_datetime": "2026-01-05T14:35:12Z", "UTC_date": "2026-01-05", "Longitude": 14.066308, "Latitude": 11.417158 }, "geometry": { "type": "Point", "coordinates": [ 14.066308, 11.417158 ] } },
{ "type": "Feature", "properties": { "device_id": 375915.0, "UTC_datetime": "2026-01-06T07:35:14Z", "UTC_date": "2026-01-06", "Longitude": 13.893232, "Latitude": 11.265059 }, "geometry": { "type": "Point", "coordinates": [ 13.893232, 11.265059 ] } },
{ "type": "Feature", "properties": { "device_id": 375915.0, "UTC_datetime": "2026-01-06T08:35:13Z", "UTC_date": "2026-01-06", "Longitude": 13.909353, "Latitude": 11.326183 }, "geometry": { "type": "Point", "coordinates": [ 13.909353, 11.326183 ] } },
{ "type": "Feature", "properties": { "device_id": 375915.0, "UTC_datetime": "2026-01-06T09:35:14Z", "UTC_date": "2026-01-06", "Longitude": 14.042114, "Latitude": 11.422585 }, "geometry": { "type": "Point", "coordinates": [ 14.042114, 11.422585 ] } },
{ "type": "Feature", "properties": { "device_id": 375915.0, "UTC_datetime": "2026-01-06T10:35:34Z", "UTC_date": "2026-01-06", "Longitude": 14.057448, "Latitude": 11.41305 }, "geometry": { "type": "Point", "coordinates": [ 14.057448, 11.41305 ] } },
{ "type": "Feature", "properties": { "device_id": 375915.0, "UTC_datetime": "2026-01-06T11:35:17Z", "UTC_date": "2026-01-06", "Longitude": 14.057097, "Latitude": 11.414087 }, "geometry": { "type": "Point", "coordinates": [ 14.057097, 11.414087 ] } },
{ "type": "Feature", "properties": { "device_id": 375915.0, "UTC_datetime": "2026-01-06T12:35:13Z", "UTC_date": "2026-01-06", "Longitude": 14.057085, "Latitude": 11.413372 }, "geometry": { "type": "Point", "coordinates": [ 14.057085, 11.413372 ] } },
{ "type": "Feature", "properties": { "device_id": 375915.0, "UTC_datetime": "2026-01-06T13:35:27Z", "UTC_date": "2026-01-06", "Longitude": 14.057537, "Latitude": 11.413012 }, "geometry": { "type": "Point", "coordinates": [ 14.057537, 11.413012 ] } },
{ "type": "Feature", "properties": { "device_id": 375915.0, "UTC_datetime": "2026-01-06T14:35:34Z", "UTC_date": "2026-01-06", "Longitude": 14.052697, "Latitude": 11.423 }, "geometry": { "type": "Point", "coordinates": [ 14.052697, 11.423 ] } },
{ "type": "Feature", "properties": { "device_id": 375915.0, "UTC_datetime": "2026-01-07T07:35:14Z", "UTC_date": "2026-01-07", "Longitude": 13.893908, "Latitude": 11.263647 }, "geometry": { "type": "Point", "coordinates": [ 13.893908, 11.263647 ] } },
{ "type": "Feature", "properties": { "device_id": 375915.0, "UTC_datetime": "2026-01-07T08:35:15Z", "UTC_date": "2026-01-07", "Longitude": 13.907496, "Latitude": 11.339292 }, "geometry": { "type": "Point", "coordinates": [ 13.907496, 11.339292 ] } },
{ "type": "Feature", "properties": { "device_id": 375915.0, "UTC_datetime": "2026-01-07T09:35:14Z", "UTC_date": "2026-01-07", "Longitude": 13.884581, "Latitude": 11.296137 }, "geometry": { "type": "Point", "coordinates": [ 13.884581, 11.296137 ] } },
{ "type": "Feature", "properties": { "device_id": 375915.0, "UTC_datetime": "2026-01-07T10:35:34Z", "UTC_date": "2026-01-07", "Longitude": 13.881982, "Latitude": 11.186078 }, "geometry": { "type": "Point", "coordinates": [ 13.881982, 11.186078 ] } },
{ "type": "Feature", "properties": { "device_id": 375915.0, "UTC_datetime": "2026-01-07T11:35:43Z", "UTC_date": "2026-01-07", "Longitude": 13.881256, "Latitude": 11.183833 }, "geometry": { "type": "Point", "coordinates": [ 13.881256, 11.183833 ] } },
{ "type": "Feature", "properties": { "device_id": 375915.0, "UTC_datetime": "2026-01-07T12:35:35Z", "UTC_date": "2026-01-07", "Longitude": 13.881227, "Latitude": 11.183772 }, "geometry": { "type": "Point", "coordinates": [ 13.881227, 11.183772 ] } },
{ "type": "Feature", "properties": { "device_id": 375915.0, "UTC_datetime": "2026-01-07T13:35:21Z", "UTC_date": "2026-01-07", "Longitude": 13.88133, "Latitude": 11.183867 }, "geometry": { "type": "Point", "coordinates": [ 13.88133, 11.183867 ] } },
{ "type": "Feature", "properties": { "device_id": 375915.0, "UTC_datetime": "2026-01-07T14:36:04Z", "UTC_date": "2026-01-07", "Longitude": 13.88122, "Latitude": 11.183833 }, "geometry": { "type": "Point", "coordinates": [ 13.88122, 11.183833 ] } },
{ "type": "Feature", "properties": { "device_id": 375915.0, "UTC_datetime": "2026-01-08T07:35:16Z", "UTC_date": "2026-01-08", "Longitude": 13.880553, "Latitude": 11.18045 }, "geometry": { "type": "Point", "coordinates": [ 13.880553, 11.18045 ] } },
{ "type": "Feature", "properties": { "device_id": 375915.0, "UTC_datetime": "2026-01-08T08:35:16Z", "UTC_date": "2026-01-08", "Longitude": 13.857987, "Latitude": 11.189882 }, "geometry": { "type": "Point", "coordinates": [ 13.857987, 11.189882 ] } },
{ "type": "Feature", "properties": { "device_id": 375915.0, "UTC_datetime": "2026-01-08T09:35:17Z", "UTC_date": "2026-01-08", "Longitude": 13.935327, "Latitude": 11.327535 }, "geometry": { "type": "Point", "coordinates": [ 13.935327, 11.327535 ] } },
{ "type": "Feature", "properties": { "device_id": 375915.0, "UTC_datetime": "2026-01-08T10:35:34Z", "UTC_date": "2026-01-08", "Longitude": 14.047935, "Latitude": 11.420651 }, "geometry": { "type": "Point", "coordinates": [ 14.047935, 11.420651 ] } },
{ "type": "Feature", "properties": { "device_id": 375915.0, "UTC_datetime": "2026-01-08T11:35:15Z", "UTC_date": "2026-01-08", "Longitude": 14.057415, "Latitude": 11.413079 }, "geometry": { "type": "Point", "coordinates": [ 14.057415, 11.413079 ] } },
{ "type": "Feature", "properties": { "device_id": 375915.0, "UTC_datetime": "2026-01-08T12:35:15Z", "UTC_date": "2026-01-08", "Longitude": 14.055442, "Latitude": 11.413921 }, "geometry": { "type": "Point", "coordinates": [ 14.055442, 11.413921 ] } },
{ "type": "Feature", "properties": { "device_id": 375915.0, "UTC_datetime": "2026-01-08T13:35:35Z", "UTC_date": "2026-01-08", "Longitude": 14.063171, "Latitude": 11.405275 }, "geometry": { "type": "Point", "coordinates": [ 14.063171, 11.405275 ] } },
{ "type": "Feature", "properties": { "device_id": 375915.0, "UTC_datetime": "2026-01-08T14:35:16Z", "UTC_date": "2026-01-08", "Longitude": 14.068679, "Latitude": 11.414792 }, "geometry": { "type": "Point", "coordinates": [ 14.068679, 11.414792 ] } },
{ "type": "Feature", "properties": { "device_id": 375915.0, "UTC_datetime": "2026-01-09T07:35:35Z", "UTC_date": "2026-01-09", "Longitude": 14.072221, "Latitude": 11.378703 }, "geometry": { "type": "Point", "coordinates": [ 14.072221, 11.378703 ] } },
{ "type": "Feature", "properties": { "device_id": 375915.0, "UTC_datetime": "2026-01-09T08:35:18Z", "UTC_date": "2026-01-09", "Longitude": 14.059878, "Latitude": 11.415195 }, "geometry": { "type": "Point", "coordinates": [ 14.059878, 11.415195 ] } },
{ "type": "Feature", "properties": { "device_id": 375915.0, "UTC_datetime": "2026-01-09T09:35:17Z", "UTC_date": "2026-01-09", "Longitude": 14.05742, "Latitude": 11.413026 }, "geometry": { "type": "Point", "coordinates": [ 14.05742, 11.413026 ] } },
{ "type": "Feature", "properties": { "device_id": 375915.0, "UTC_datetime": "2026-01-09T10:35:43Z", "UTC_date": "2026-01-09", "Longitude": 14.05421, "Latitude": 11.410711 }, "geometry": { "type": "Point", "coordinates": [ 14.05421, 11.410711 ] } },
{ "type": "Feature", "properties": { "device_id": 375915.0, "UTC_datetime": "2026-01-09T11:35:18Z", "UTC_date": "2026-01-09", "Longitude": 14.057134, "Latitude": 11.413117 }, "geometry": { "type": "Point", "coordinates": [ 14.057134, 11.413117 ] } },
{ "type": "Feature", "properties": { "device_id": 375915.0, "UTC_datetime": "2026-01-09T12:35:35Z", "UTC_date": "2026-01-09", "Longitude": 14.057446, "Latitude": 11.413072 }, "geometry": { "type": "Point", "coordinates": [ 14.057446, 11.413072 ] } },
{ "type": "Feature", "properties": { "device_id": 375915.0, "UTC_datetime": "2026-01-09T13:35:21Z", "UTC_date": "2026-01-09", "Longitude": 14.058415, "Latitude": 11.419307 }, "geometry": { "type": "Point", "coordinates": [ 14.058415, 11.419307 ] } },
{ "type": "Feature", "properties": { "device_id": 375915.0, "UTC_datetime": "2026-01-09T14:35:35Z", "UTC_date": "2026-01-09", "Longitude": 14.068461, "Latitude": 11.420724 }, "geometry": { "type": "Point", "coordinates": [ 14.068461, 11.420724 ] } },
{ "type": "Feature", "properties": { "device_id": 375915.0, "UTC_datetime": "2026-01-10T07:35:18Z", "UTC_date": "2026-01-10", "Longitude": 13.893134, "Latitude": 11.265059 }, "geometry": { "type": "Point", "coordinates": [ 13.893134, 11.265059 ] } },
{ "type": "Feature", "properties": { "device_id": 375915.0, "UTC_datetime": "2026-01-10T08:35:18Z", "UTC_date": "2026-01-10", "Longitude": 13.886711, "Latitude": 11.277796 }, "geometry": { "type": "Point", "coordinates": [ 13.886711, 11.277796 ] } },
{ "type": "Feature", "properties": { "device_id": 375915.0, "UTC_datetime": "2026-01-10T09:35:35Z", "UTC_date": "2026-01-10", "Longitude": 14.006729, "Latitude": 11.357241 }, "geometry": { "type": "Point", "coordinates": [ 14.006729, 11.357241 ] } },
{ "type": "Feature", "properties": { "device_id": 375915.0, "UTC_datetime": "2026-01-10T10:35:35Z", "UTC_date": "2026-01-10", "Longitude": 14.057443, "Latitude": 11.413054 }, "geometry": { "type": "Point", "coordinates": [ 14.057443, 11.413054 ] } },
{ "type": "Feature", "properties": { "device_id": 375915.0, "UTC_datetime": "2026-01-10T11:35:19Z", "UTC_date": "2026-01-10", "Longitude": 14.057379, "Latitude": 11.413117 }, "geometry": { "type": "Point", "coordinates": [ 14.057379, 11.413117 ] } },
{ "type": "Feature", "properties": { "device_id": 375915.0, "UTC_datetime": "2026-01-10T12:35:17Z", "UTC_date": "2026-01-10", "Longitude": 14.060743, "Latitude": 11.410418 }, "geometry": { "type": "Point", "coordinates": [ 14.060743, 11.410418 ] } },
{ "type": "Feature", "properties": { "device_id": 375915.0, "UTC_datetime": "2026-01-10T13:35:43Z", "UTC_date": "2026-01-10", "Longitude": 14.052515, "Latitude": 11.424443 }, "geometry": { "type": "Point", "coordinates": [ 14.052515, 11.424443 ] } },
{ "type": "Feature", "properties": { "device_id": 375915.0, "UTC_datetime": "2026-01-10T14:35:19Z", "UTC_date": "2026-01-10", "Longitude": 14.055328, "Latitude": 11.417041 }, "geometry": { "type": "Point", "coordinates": [ 14.055328, 11.417041 ] } },
{ "type": "Feature", "properties": { "device_id": 375915.0, "UTC_datetime": "2026-01-11T07:35:19Z", "UTC_date": "2026-01-11", "Longitude": 14.058016, "Latitude": 11.405598 }, "geometry": { "type": "Point", "coordinates": [ 14.058016, 11.405598 ] } },
{ "type": "Feature", "properties": { "device_id": 375915.0, "UTC_datetime": "2026-01-11T08:35:20Z", "UTC_date": "2026-01-11", "Longitude": 14.059389, "Latitude": 11.416473 }, "geometry": { "type": "Point", "coordinates": [ 14.059389, 11.416473 ] } },
{ "type": "Feature", "properties": { "device_id": 375915.0, "UTC_datetime": "2026-01-11T09:35:20Z", "UTC_date": "2026-01-11", "Longitude": 14.048979, "Latitude": 11.42028 }, "geometry": { "type": "Point", "coordinates": [ 14.048979, 11.42028 ] } },
{ "type": "Feature", "properties": { "device_id": 375915.0, "UTC_datetime": "2026-01-11T10:35:52Z", "UTC_date": "2026-01-11", "Longitude": 14.056387, "Latitude": 11.427861 }, "geometry": { "type": "Point", "coordinates": [ 14.056387, 11.427861 ] } },
{ "type": "Feature", "properties": { "device_id": 375915.0, "UTC_datetime": "2026-01-11T11:35:20Z", "UTC_date": "2026-01-11", "Longitude": 14.05269, "Latitude": 11.416902 }, "geometry": { "type": "Point", "coordinates": [ 14.05269, 11.416902 ] } },
{ "type": "Feature", "properties": { "device_id": 375915.0, "UTC_datetime": "2026-01-11T12:35:43Z", "UTC_date": "2026-01-11", "Longitude": 14.055859, "Latitude": 11.411901 }, "geometry": { "type": "Point", "coordinates": [ 14.055859, 11.411901 ] } },
{ "type": "Feature", "properties": { "device_id": 375915.0, "UTC_datetime": "2026-01-11T13:35:22Z", "UTC_date": "2026-01-11", "Longitude": 14.060615, "Latitude": 11.4143 }, "geometry": { "type": "Point", "coordinates": [ 14.060615, 11.4143 ] } },
{ "type": "Feature", "properties": { "device_id": 375915.0, "UTC_datetime": "2026-01-11T14:36:05Z", "UTC_date": "2026-01-11", "Longitude": 14.064133, "Latitude": 11.414187 }, "geometry": { "type": "Point", "coordinates": [ 14.064133, 11.414187 ] } },
{ "type": "Feature", "properties": { "device_id": 375915.0, "UTC_datetime": "2026-01-12T07:35:42Z", "UTC_date": "2026-01-12", "Longitude": 14.067446, "Latitude": 11.391707 }, "geometry": { "type": "Point", "coordinates": [ 14.067446, 11.391707 ] } },
{ "type": "Feature", "properties": { "device_id": 375915.0, "UTC_datetime": "2026-01-12T08:35:39Z", "UTC_date": "2026-01-12", "Longitude": 14.056469, "Latitude": 11.412851 }, "geometry": { "type": "Point", "coordinates": [ 14.056469, 11.412851 ] } },
{ "type": "Feature", "properties": { "device_id": 375915.0, "UTC_datetime": "2026-01-12T09:35:44Z", "UTC_date": "2026-01-12", "Longitude": 14.054338, "Latitude": 11.433588 }, "geometry": { "type": "Point", "coordinates": [ 14.054338, 11.433588 ] } },
{ "type": "Feature", "properties": { "device_id": 375915.0, "UTC_datetime": "2026-01-12T10:35:53Z", "UTC_date": "2026-01-12", "Longitude": 14.057449, "Latitude": 11.413052 }, "geometry": { "type": "Point", "coordinates": [ 14.057449, 11.413052 ] } },
{ "type": "Feature", "properties": { "device_id": 375915.0, "UTC_datetime": "2026-01-12T11:35:22Z", "UTC_date": "2026-01-12", "Longitude": 14.057357, "Latitude": 11.412913 }, "geometry": { "type": "Point", "coordinates": [ 14.057357, 11.412913 ] } },
{ "type": "Feature", "properties": { "device_id": 375915.0, "UTC_datetime": "2026-01-12T12:35:27Z", "UTC_date": "2026-01-12", "Longitude": 14.056323, "Latitude": 11.413284 }, "geometry": { "type": "Point", "coordinates": [ 14.056323, 11.413284 ] } },
{ "type": "Feature", "properties": { "device_id": 375915.0, "UTC_datetime": "2026-01-12T13:35:21Z", "UTC_date": "2026-01-12", "Longitude": 14.056581, "Latitude": 11.413861 }, "geometry": { "type": "Point", "coordinates": [ 14.056581, 11.413861 ] } },
{ "type": "Feature", "properties": { "device_id": 375915.0, "UTC_datetime": "2026-01-12T14:35:53Z", "UTC_date": "2026-01-12", "Longitude": 14.058973, "Latitude": 11.411143 }, "geometry": { "type": "Point", "coordinates": [ 14.058973, 11.411143 ] } },
{ "type": "Feature", "properties": { "device_id": 375915.0, "UTC_datetime": "2026-01-13T07:35:25Z", "UTC_date": "2026-01-13", "Longitude": 14.062279, "Latitude": 11.389775 }, "geometry": { "type": "Point", "coordinates": [ 14.062279, 11.389775 ] } },
{ "type": "Feature", "properties": { "device_id": 375915.0, "UTC_datetime": "2026-01-13T08:35:43Z", "UTC_date": "2026-01-13", "Longitude": 14.053198, "Latitude": 11.419472 }, "geometry": { "type": "Point", "coordinates": [ 14.053198, 11.419472 ] } },
{ "type": "Feature", "properties": { "device_id": 375915.0, "UTC_datetime": "2026-01-13T09:35:24Z", "UTC_date": "2026-01-13", "Longitude": 14.055917, "Latitude": 11.415115 }, "geometry": { "type": "Point", "coordinates": [ 14.055917, 11.415115 ] } },
{ "type": "Feature", "properties": { "device_id": 375915.0, "UTC_datetime": "2026-01-13T10:36:13Z", "UTC_date": "2026-01-13", "Longitude": 14.057094, "Latitude": 11.413878 }, "geometry": { "type": "Point", "coordinates": [ 14.057094, 11.413878 ] } },
{ "type": "Feature", "properties": { "device_id": 375915.0, "UTC_datetime": "2026-01-13T11:35:25Z", "UTC_date": "2026-01-13", "Longitude": 14.058493, "Latitude": 11.408425 }, "geometry": { "type": "Point", "coordinates": [ 14.058493, 11.408425 ] } },
{ "type": "Feature", "properties": { "device_id": 375915.0, "UTC_datetime": "2026-01-13T12:35:42Z", "UTC_date": "2026-01-13", "Longitude": 14.059807, "Latitude": 11.415777 }, "geometry": { "type": "Point", "coordinates": [ 14.059807, 11.415777 ] } },
{ "type": "Feature", "properties": { "device_id": 375915.0, "UTC_datetime": "2026-01-13T13:35:43Z", "UTC_date": "2026-01-13", "Longitude": 14.063032, "Latitude": 11.418192 }, "geometry": { "type": "Point", "coordinates": [ 14.063032, 11.418192 ] } },
{ "type": "Feature", "properties": { "device_id": 375915.0, "UTC_datetime": "2026-01-13T14:35:27Z", "UTC_date": "2026-01-13", "Longitude": 14.051383, "Latitude": 11.414563 }, "geometry": { "type": "Point", "coordinates": [ 14.051383, 11.414563 ] } },
{ "type": "Feature", "properties": { "device_id": 375915.0, "UTC_datetime": "2026-01-14T07:35:27Z", "UTC_date": "2026-01-14", "Longitude": 14.073714, "Latitude": 11.395217 }, "geometry": { "type": "Point", "coordinates": [ 14.073714, 11.395217 ] } },
{ "type": "Feature", "properties": { "device_id": 375915.0, "UTC_datetime": "2026-01-14T08:35:42Z", "UTC_date": "2026-01-14", "Longitude": 14.057437, "Latitude": 11.413053 }, "geometry": { "type": "Point", "coordinates": [ 14.057437, 11.413053 ] } },
{ "type": "Feature", "properties": { "device_id": 375915.0, "UTC_datetime": "2026-01-14T09:35:26Z", "UTC_date": "2026-01-14", "Longitude": 14.062286, "Latitude": 11.414926 }, "geometry": { "type": "Point", "coordinates": [ 14.062286, 11.414926 ] } },
{ "type": "Feature", "properties": { "device_id": 375915.0, "UTC_datetime": "2026-01-14T10:35:53Z", "UTC_date": "2026-01-14", "Longitude": 14.058359, "Latitude": 11.412984 }, "geometry": { "type": "Point", "coordinates": [ 14.058359, 11.412984 ] } },
{ "type": "Feature", "properties": { "device_id": 375915.0, "UTC_datetime": "2026-01-14T11:35:27Z", "UTC_date": "2026-01-14", "Longitude": 14.059402, "Latitude": 11.414721 }, "geometry": { "type": "Point", "coordinates": [ 14.059402, 11.414721 ] } },
{ "type": "Feature", "properties": { "device_id": 375915.0, "UTC_datetime": "2026-01-14T12:35:59Z", "UTC_date": "2026-01-14", "Longitude": 14.052734, "Latitude": 11.420156 }, "geometry": { "type": "Point", "coordinates": [ 14.052734, 11.420156 ] } },
{ "type": "Feature", "properties": { "device_id": 375915.0, "UTC_datetime": "2026-01-14T13:35:36Z", "UTC_date": "2026-01-14", "Longitude": 14.053835, "Latitude": 11.415247 }, "geometry": { "type": "Point", "coordinates": [ 14.053835, 11.415247 ] } },
{ "type": "Feature", "properties": { "device_id": 375915.0, "UTC_datetime": "2026-01-14T14:35:29Z", "UTC_date": "2026-01-14", "Longitude": 14.052619, "Latitude": 11.419985 }, "geometry": { "type": "Point", "coordinates": [ 14.052619, 11.419985 ] } },
{ "type": "Feature", "properties": { "device_id": 375915.0, "UTC_datetime": "2026-01-15T07:35:28Z", "UTC_date": "2026-01-15", "Longitude": 14.057014, "Latitude": 11.420195 }, "geometry": { "type": "Point", "coordinates": [ 14.057014, 11.420195 ] } },
{ "type": "Feature", "properties": { "device_id": 375915.0, "UTC_datetime": "2026-01-15T08:35:42Z", "UTC_date": "2026-01-15", "Longitude": 14.057482, "Latitude": 11.413035 }, "geometry": { "type": "Point", "coordinates": [ 14.057482, 11.413035 ] } },
{ "type": "Feature", "properties": { "device_id": 375915.0, "UTC_datetime": "2026-01-15T09:35:59Z", "UTC_date": "2026-01-15", "Longitude": 14.058312, "Latitude": 11.413654 }, "geometry": { "type": "Point", "coordinates": [ 14.058312, 11.413654 ] } },
{ "type": "Feature", "properties": { "device_id": 375915.0, "UTC_datetime": "2026-01-15T10:35:31Z", "UTC_date": "2026-01-15", "Longitude": 14.058279, "Latitude": 11.413688 }, "geometry": { "type": "Point", "coordinates": [ 14.058279, 11.413688 ] } },
{ "type": "Feature", "properties": { "device_id": 375915.0, "UTC_datetime": "2026-01-15T11:35:59Z", "UTC_date": "2026-01-15", "Longitude": 14.058285, "Latitude": 11.413633 }, "geometry": { "type": "Point", "coordinates": [ 14.058285, 11.413633 ] } },
{ "type": "Feature", "properties": { "device_id": 375915.0, "UTC_datetime": "2026-01-15T12:35:59Z", "UTC_date": "2026-01-15", "Longitude": 14.058372, "Latitude": 11.41372 }, "geometry": { "type": "Point", "coordinates": [ 14.058372, 11.41372 ] } },
{ "type": "Feature", "properties": { "device_id": 375915.0, "UTC_datetime": "2026-01-15T13:35:28Z", "UTC_date": "2026-01-15", "Longitude": 14.058641, "Latitude": 11.413253 }, "geometry": { "type": "Point", "coordinates": [ 14.058641, 11.413253 ] } },
{ "type": "Feature", "properties": { "device_id": 375915.0, "UTC_datetime": "2026-01-15T14:35:27Z", "UTC_date": "2026-01-15", "Longitude": 14.057281, "Latitude": 11.412928 }, "geometry": { "type": "Point", "coordinates": [ 14.057281, 11.412928 ] } },
{ "type": "Feature", "properties": { "device_id": 375915.0, "UTC_datetime": "2026-01-16T07:35:27Z", "UTC_date": "2026-01-16", "Longitude": 14.057074, "Latitude": 11.420083 }, "geometry": { "type": "Point", "coordinates": [ 14.057074, 11.420083 ] } },
{ "type": "Feature", "properties": { "device_id": 375915.0, "UTC_datetime": "2026-01-16T08:35:43Z", "UTC_date": "2026-01-16", "Longitude": 14.057436, "Latitude": 11.413043 }, "geometry": { "type": "Point", "coordinates": [ 14.057436, 11.413043 ] } },
{ "type": "Feature", "properties": { "device_id": 375915.0, "UTC_datetime": "2026-01-16T09:35:59Z", "UTC_date": "2026-01-16", "Longitude": 14.058187, "Latitude": 11.412931 }, "geometry": { "type": "Point", "coordinates": [ 14.058187, 11.412931 ] } },
{ "type": "Feature", "properties": { "device_id": 375915.0, "UTC_datetime": "2026-01-16T10:35:29Z", "UTC_date": "2026-01-16", "Longitude": 14.057302, "Latitude": 11.413037 }, "geometry": { "type": "Point", "coordinates": [ 14.057302, 11.413037 ] } },
{ "type": "Feature", "properties": { "device_id": 375915.0, "UTC_datetime": "2026-01-16T11:35:30Z", "UTC_date": "2026-01-16", "Longitude": 14.064896, "Latitude": 11.41308 }, "geometry": { "type": "Point", "coordinates": [ 14.064896, 11.41308 ] } },
{ "type": "Feature", "properties": { "device_id": 375915.0, "UTC_datetime": "2026-01-16T12:36:06Z", "UTC_date": "2026-01-16", "Longitude": 14.058016, "Latitude": 11.416073 }, "geometry": { "type": "Point", "coordinates": [ 14.058016, 11.416073 ] } },
{ "type": "Feature", "properties": { "device_id": 375915.0, "UTC_datetime": "2026-01-16T13:35:30Z", "UTC_date": "2026-01-16", "Longitude": 14.057474, "Latitude": 11.413236 }, "geometry": { "type": "Point", "coordinates": [ 14.057474, 11.413236 ] } },
{ "type": "Feature", "properties": { "device_id": 375915.0, "UTC_datetime": "2026-01-16T14:35:42Z", "UTC_date": "2026-01-16", "Longitude": 14.061713, "Latitude": 11.414029 }, "geometry": { "type": "Point", "coordinates": [ 14.061713, 11.414029 ] } },
{ "type": "Feature", "properties": { "device_id": 375915.0, "UTC_datetime": "2026-01-17T07:35:29Z", "UTC_date": "2026-01-17", "Longitude": 14.056912, "Latitude": 11.429487 }, "geometry": { "type": "Point", "coordinates": [ 14.056912, 11.429487 ] } },
{ "type": "Feature", "properties": { "device_id": 375915.0, "UTC_datetime": "2026-01-17T08:35:31Z", "UTC_date": "2026-01-17", "Longitude": 14.056326, "Latitude": 11.418241 }, "geometry": { "type": "Point", "coordinates": [ 14.056326, 11.418241 ] } },
{ "type": "Feature", "properties": { "device_id": 375915.0, "UTC_datetime": "2026-01-17T09:35:42Z", "UTC_date": "2026-01-17", "Longitude": 14.057362, "Latitude": 11.41298 }, "geometry": { "type": "Point", "coordinates": [ 14.057362, 11.41298 ] } },
{ "type": "Feature", "properties": { "device_id": 375915.0, "UTC_datetime": "2026-01-17T10:35:32Z", "UTC_date": "2026-01-17", "Longitude": 14.057319, "Latitude": 11.412599 }, "geometry": { "type": "Point", "coordinates": [ 14.057319, 11.412599 ] } },
{ "type": "Feature", "properties": { "device_id": 375915.0, "UTC_datetime": "2026-01-17T11:35:59Z", "UTC_date": "2026-01-17", "Longitude": 14.06277, "Latitude": 11.413113 }, "geometry": { "type": "Point", "coordinates": [ 14.06277, 11.413113 ] } },
{ "type": "Feature", "properties": { "device_id": 375915.0, "UTC_datetime": "2026-01-17T12:35:31Z", "UTC_date": "2026-01-17", "Longitude": 14.05423, "Latitude": 11.409421 }, "geometry": { "type": "Point", "coordinates": [ 14.05423, 11.409421 ] } },
{ "type": "Feature", "properties": { "device_id": 375915.0, "UTC_datetime": "2026-01-17T13:35:43Z", "UTC_date": "2026-01-17", "Longitude": 14.05424, "Latitude": 11.413072 }, "geometry": { "type": "Point", "coordinates": [ 14.05424, 11.413072 ] } },
{ "type": "Feature", "properties": { "device_id": 375915.0, "UTC_datetime": "2026-01-17T14:35:59Z", "UTC_date": "2026-01-17", "Longitude": 14.068845, "Latitude": 11.416909 }, "geometry": { "type": "Point", "coordinates": [ 14.068845, 11.416909 ] } },
{ "type": "Feature", "properties": { "device_id": 375915.0, "UTC_datetime": "2026-01-18T07:36:01Z", "UTC_date": "2026-01-18", "Longitude": 14.073369, "Latitude": 11.379545 }, "geometry": { "type": "Point", "coordinates": [ 14.073369, 11.379545 ] } },
{ "type": "Feature", "properties": { "device_id": 375915.0, "UTC_datetime": "2026-01-18T08:35:31Z", "UTC_date": "2026-01-18", "Longitude": 14.055372, "Latitude": 11.416803 }, "geometry": { "type": "Point", "coordinates": [ 14.055372, 11.416803 ] } },
{ "type": "Feature", "properties": { "device_id": 375915.0, "UTC_datetime": "2026-01-18T09:35:31Z", "UTC_date": "2026-01-18", "Longitude": 14.058138, "Latitude": 11.414212 }, "geometry": { "type": "Point", "coordinates": [ 14.058138, 11.414212 ] } },
{ "type": "Feature", "properties": { "device_id": 375915.0, "UTC_datetime": "2026-01-18T10:35:42Z", "UTC_date": "2026-01-18", "Longitude": 14.06272, "Latitude": 11.412399 }, "geometry": { "type": "Point", "coordinates": [ 14.06272, 11.412399 ] } },
{ "type": "Feature", "properties": { "device_id": 375915.0, "UTC_datetime": "2026-01-18T11:35:47Z", "UTC_date": "2026-01-18", "Longitude": 14.0575, "Latitude": 11.412976 }, "geometry": { "type": "Point", "coordinates": [ 14.0575, 11.412976 ] } },
{ "type": "Feature", "properties": { "device_id": 375915.0, "UTC_datetime": "2026-01-18T12:35:44Z", "UTC_date": "2026-01-18", "Longitude": 14.063103, "Latitude": 11.419001 }, "geometry": { "type": "Point", "coordinates": [ 14.063103, 11.419001 ] } },
{ "type": "Feature", "properties": { "device_id": 375915.0, "UTC_datetime": "2026-01-18T13:36:05Z", "UTC_date": "2026-01-18", "Longitude": 14.065343, "Latitude": 11.408484 }, "geometry": { "type": "Point", "coordinates": [ 14.065343, 11.408484 ] } },
{ "type": "Feature", "properties": { "device_id": 375915.0, "UTC_datetime": "2026-01-18T14:35:31Z", "UTC_date": "2026-01-18", "Longitude": 14.061341, "Latitude": 11.406157 }, "geometry": { "type": "Point", "coordinates": [ 14.061341, 11.406157 ] } },
{ "type": "Feature", "properties": { "device_id": 375915.0, "UTC_datetime": "2026-01-19T07:35:32Z", "UTC_date": "2026-01-19", "Longitude": 14.057447, "Latitude": 11.413018 }, "geometry": { "type": "Point", "coordinates": [ 14.057447, 11.413018 ] } },
{ "type": "Feature", "properties": { "device_id": 375915.0, "UTC_datetime": "2026-01-19T08:35:35Z", "UTC_date": "2026-01-19", "Longitude": 14.05741, "Latitude": 11.413102 }, "geometry": { "type": "Point", "coordinates": [ 14.05741, 11.413102 ] } },
{ "type": "Feature", "properties": { "device_id": 375915.0, "UTC_datetime": "2026-01-19T09:35:33Z", "UTC_date": "2026-01-19", "Longitude": 14.056769, "Latitude": 11.413322 }, "geometry": { "type": "Point", "coordinates": [ 14.056769, 11.413322 ] } },
{ "type": "Feature", "properties": { "device_id": 375915.0, "UTC_datetime": "2026-01-19T10:36:04Z", "UTC_date": "2026-01-19", "Longitude": 14.057717, "Latitude": 11.41359 }, "geometry": { "type": "Point", "coordinates": [ 14.057717, 11.41359 ] } },
{ "type": "Feature", "properties": { "device_id": 375915.0, "UTC_datetime": "2026-01-19T11:35:33Z", "UTC_date": "2026-01-19", "Longitude": 14.057343, "Latitude": 11.413162 }, "geometry": { "type": "Point", "coordinates": [ 14.057343, 11.413162 ] } },
{ "type": "Feature", "properties": { "device_id": 375915.0, "UTC_datetime": "2026-01-19T12:36:09Z", "UTC_date": "2026-01-19", "Longitude": 14.055661, "Latitude": 11.423414 }, "geometry": { "type": "Point", "coordinates": [ 14.055661, 11.423414 ] } },
{ "type": "Feature", "properties": { "device_id": 375915.0, "UTC_datetime": "2026-01-19T13:35:35Z", "UTC_date": "2026-01-19", "Longitude": 14.046235, "Latitude": 11.414832 }, "geometry": { "type": "Point", "coordinates": [ 14.046235, 11.414832 ] } },
{ "type": "Feature", "properties": { "device_id": 375915.0, "UTC_datetime": "2026-01-19T14:36:07Z", "UTC_date": "2026-01-19", "Longitude": 14.056796, "Latitude": 11.415313 }, "geometry": { "type": "Point", "coordinates": [ 14.056796, 11.415313 ] } },
{ "type": "Feature", "properties": { "device_id": 375915.0, "UTC_datetime": "2026-01-20T07:35:33Z", "UTC_date": "2026-01-20", "Longitude": 14.057453, "Latitude": 11.413033 }, "geometry": { "type": "Point", "coordinates": [ 14.057453, 11.413033 ] } },
{ "type": "Feature", "properties": { "device_id": 375915.0, "UTC_datetime": "2026-01-20T08:35:34Z", "UTC_date": "2026-01-20", "Longitude": 14.057306, "Latitude": 11.413109 }, "geometry": { "type": "Point", "coordinates": [ 14.057306, 11.413109 ] } },
{ "type": "Feature", "properties": { "device_id": 375915.0, "UTC_datetime": "2026-01-20T09:36:05Z", "UTC_date": "2026-01-20", "Longitude": 14.059441, "Latitude": 11.408257 }, "geometry": { "type": "Point", "coordinates": [ 14.059441, 11.408257 ] } },
{ "type": "Feature", "properties": { "device_id": 375915.0, "UTC_datetime": "2026-01-20T10:35:34Z", "UTC_date": "2026-01-20", "Longitude": 14.05872, "Latitude": 11.408311 }, "geometry": { "type": "Point", "coordinates": [ 14.05872, 11.408311 ] } },
{ "type": "Feature", "properties": { "device_id": 375915.0, "UTC_datetime": "2026-01-20T11:36:05Z", "UTC_date": "2026-01-20", "Longitude": 14.054922, "Latitude": 11.407278 }, "geometry": { "type": "Point", "coordinates": [ 14.054922, 11.407278 ] } },
{ "type": "Feature", "properties": { "device_id": 375915.0, "UTC_datetime": "2026-01-20T12:35:34Z", "UTC_date": "2026-01-20", "Longitude": 14.054832, "Latitude": 11.407222 }, "geometry": { "type": "Point", "coordinates": [ 14.054832, 11.407222 ] } },
{ "type": "Feature", "properties": { "device_id": 375915.0, "UTC_datetime": "2026-01-20T13:35:35Z", "UTC_date": "2026-01-20", "Longitude": 14.059442, "Latitude": 11.420274 }, "geometry": { "type": "Point", "coordinates": [ 14.059442, 11.420274 ] } },
{ "type": "Feature", "properties": { "device_id": 375915.0, "UTC_datetime": "2026-01-20T14:36:04Z", "UTC_date": "2026-01-20", "Longitude": 14.003069, "Latitude": 11.257605 }, "geometry": { "type": "Point", "coordinates": [ 14.003069, 11.257605 ] } },
{ "type": "Feature", "properties": { "device_id": 375915.0, "UTC_datetime": "2026-01-21T07:35:35Z", "UTC_date": "2026-01-21", "Longitude": 13.893073, "Latitude": 11.265019 }, "geometry": { "type": "Point", "coordinates": [ 13.893073, 11.265019 ] } },
{ "type": "Feature", "properties": { "device_id": 375915.0, "UTC_datetime": "2026-01-21T08:35:35Z", "UTC_date": "2026-01-21", "Longitude": 13.877337, "Latitude": 11.265656 }, "geometry": { "type": "Point", "coordinates": [ 13.877337, 11.265656 ] } },
{ "type": "Feature", "properties": { "device_id": 375915.0, "UTC_datetime": "2026-01-21T09:35:37Z", "UTC_date": "2026-01-21", "Longitude": 13.990938, "Latitude": 11.377789 }, "geometry": { "type": "Point", "coordinates": [ 13.990938, 11.377789 ] } },
{ "type": "Feature", "properties": { "device_id": 375915.0, "UTC_datetime": "2026-01-21T10:36:04Z", "UTC_date": "2026-01-21", "Longitude": 14.057423, "Latitude": 11.413012 }, "geometry": { "type": "Point", "coordinates": [ 14.057423, 11.413012 ] } },
{ "type": "Feature", "properties": { "device_id": 375915.0, "UTC_datetime": "2026-01-21T11:35:37Z", "UTC_date": "2026-01-21", "Longitude": 14.049992, "Latitude": 11.411373 }, "geometry": { "type": "Point", "coordinates": [ 14.049992, 11.411373 ] } },
{ "type": "Feature", "properties": { "device_id": 375915.0, "UTC_datetime": "2026-01-21T12:35:37Z", "UTC_date": "2026-01-21", "Longitude": 14.053681, "Latitude": 11.414227 }, "geometry": { "type": "Point", "coordinates": [ 14.053681, 11.414227 ] } },
{ "type": "Feature", "properties": { "device_id": 375915.0, "UTC_datetime": "2026-01-21T13:35:37Z", "UTC_date": "2026-01-21", "Longitude": 14.062828, "Latitude": 11.415805 }, "geometry": { "type": "Point", "coordinates": [ 14.062828, 11.415805 ] } },
{ "type": "Feature", "properties": { "device_id": 375915.0, "UTC_datetime": "2026-01-21T14:36:04Z", "UTC_date": "2026-01-21", "Longitude": 14.071294, "Latitude": 11.426099 }, "geometry": { "type": "Point", "coordinates": [ 14.071294, 11.426099 ] } },
{ "type": "Feature", "properties": { "device_id": 375915.0, "UTC_datetime": "2026-01-22T07:35:36Z", "UTC_date": "2026-01-22", "Longitude": 14.057356, "Latitude": 11.412719 }, "geometry": { "type": "Point", "coordinates": [ 14.057356, 11.412719 ] } },
{ "type": "Feature", "properties": { "device_id": 375915.0, "UTC_datetime": "2026-01-22T08:35:36Z", "UTC_date": "2026-01-22", "Longitude": 14.068986, "Latitude": 11.412644 }, "geometry": { "type": "Point", "coordinates": [ 14.068986, 11.412644 ] } },
{ "type": "Feature", "properties": { "device_id": 375915.0, "UTC_datetime": "2026-01-22T09:35:37Z", "UTC_date": "2026-01-22", "Longitude": 14.065617, "Latitude": 11.407845 }, "geometry": { "type": "Point", "coordinates": [ 14.065617, 11.407845 ] } },
{ "type": "Feature", "properties": { "device_id": 375915.0, "UTC_datetime": "2026-01-22T10:36:04Z", "UTC_date": "2026-01-22", "Longitude": 14.058613, "Latitude": 11.410645 }, "geometry": { "type": "Point", "coordinates": [ 14.058613, 11.410645 ] } },
{ "type": "Feature", "properties": { "device_id": 375915.0, "UTC_datetime": "2026-01-22T11:35:36Z", "UTC_date": "2026-01-22", "Longitude": 14.069085, "Latitude": 11.414207 }, "geometry": { "type": "Point", "coordinates": [ 14.069085, 11.414207 ] } },
{ "type": "Feature", "properties": { "device_id": 375915.0, "UTC_datetime": "2026-01-22T12:36:05Z", "UTC_date": "2026-01-22", "Longitude": 14.072858, "Latitude": 11.416584 }, "geometry": { "type": "Point", "coordinates": [ 14.072858, 11.416584 ] } },
{ "type": "Feature", "properties": { "device_id": 375915.0, "UTC_datetime": "2026-01-22T13:35:38Z", "UTC_date": "2026-01-22", "Longitude": 14.06496, "Latitude": 11.410144 }, "geometry": { "type": "Point", "coordinates": [ 14.06496, 11.410144 ] } },
{ "type": "Feature", "properties": { "device_id": 375915.0, "UTC_datetime": "2026-01-22T14:36:05Z", "UTC_date": "2026-01-22", "Longitude": 14.061707, "Latitude": 11.413979 }, "geometry": { "type": "Point", "coordinates": [ 14.061707, 11.413979 ] } },
{ "type": "Feature", "properties": { "device_id": 375915.0, "UTC_datetime": "2026-01-23T07:35:37Z", "UTC_date": "2026-01-23", "Longitude": 14.057431, "Latitude": 11.413042 }, "geometry": { "type": "Point", "coordinates": [ 14.057431, 11.413042 ] } },
{ "type": "Feature", "properties": { "device_id": 375915.0, "UTC_datetime": "2026-01-23T08:35:41Z", "UTC_date": "2026-01-23", "Longitude": 14.054869, "Latitude": 11.407353 }, "geometry": { "type": "Point", "coordinates": [ 14.054869, 11.407353 ] } },
{ "type": "Feature", "properties": { "device_id": 375915.0, "UTC_datetime": "2026-01-23T09:36:05Z", "UTC_date": "2026-01-23", "Longitude": 14.054846, "Latitude": 11.407293 }, "geometry": { "type": "Point", "coordinates": [ 14.054846, 11.407293 ] } },
{ "type": "Feature", "properties": { "device_id": 375915.0, "UTC_datetime": "2026-01-23T10:35:39Z", "UTC_date": "2026-01-23", "Longitude": 14.054611, "Latitude": 11.407345 }, "geometry": { "type": "Point", "coordinates": [ 14.054611, 11.407345 ] } },
{ "type": "Feature", "properties": { "device_id": 375915.0, "UTC_datetime": "2026-01-23T11:35:38Z", "UTC_date": "2026-01-23", "Longitude": 14.057255, "Latitude": 11.413278 }, "geometry": { "type": "Point", "coordinates": [ 14.057255, 11.413278 ] } },
{ "type": "Feature", "properties": { "device_id": 375915.0, "UTC_datetime": "2026-01-23T12:36:04Z", "UTC_date": "2026-01-23", "Longitude": 14.057454, "Latitude": 11.413038 }, "geometry": { "type": "Point", "coordinates": [ 14.057454, 11.413038 ] } },
{ "type": "Feature", "properties": { "device_id": 375915.0, "UTC_datetime": "2026-01-23T13:35:38Z", "UTC_date": "2026-01-23", "Longitude": 14.060454, "Latitude": 11.411585 }, "geometry": { "type": "Point", "coordinates": [ 14.060454, 11.411585 ] } },
{ "type": "Feature", "properties": { "device_id": 375915.0, "UTC_datetime": "2026-01-23T14:36:05Z", "UTC_date": "2026-01-23", "Longitude": 14.05744, "Latitude": 11.412986 }, "geometry": { "type": "Point", "coordinates": [ 14.05744, 11.412986 ] } },
{ "type": "Feature", "properties": { "device_id": 375915.0, "UTC_datetime": "2026-01-24T07:35:38Z", "UTC_date": "2026-01-24", "Longitude": 14.057428, "Latitude": 11.413083 }, "geometry": { "type": "Point", "coordinates": [ 14.057428, 11.413083 ] } },
{ "type": "Feature", "properties": { "device_id": 375915.0, "UTC_datetime": "2026-01-24T08:35:41Z", "UTC_date": "2026-01-24", "Longitude": 14.054845, "Latitude": 11.407335 }, "geometry": { "type": "Point", "coordinates": [ 14.054845, 11.407335 ] } },
{ "type": "Feature", "properties": { "device_id": 375915.0, "UTC_datetime": "2026-01-24T09:36:05Z", "UTC_date": "2026-01-24", "Longitude": 14.04937, "Latitude": 11.415571 }, "geometry": { "type": "Point", "coordinates": [ 14.04937, 11.415571 ] } },
{ "type": "Feature", "properties": { "device_id": 375915.0, "UTC_datetime": "2026-01-24T10:35:40Z", "UTC_date": "2026-01-24", "Longitude": 14.051664, "Latitude": 11.414042 }, "geometry": { "type": "Point", "coordinates": [ 14.051664, 11.414042 ] } },
{ "type": "Feature", "properties": { "device_id": 375915.0, "UTC_datetime": "2026-01-24T11:35:39Z", "UTC_date": "2026-01-24", "Longitude": 14.058736, "Latitude": 11.408401 }, "geometry": { "type": "Point", "coordinates": [ 14.058736, 11.408401 ] } },
{ "type": "Feature", "properties": { "device_id": 375915.0, "UTC_datetime": "2026-01-24T12:36:04Z", "UTC_date": "2026-01-24", "Longitude": 14.056995, "Latitude": 11.414295 }, "geometry": { "type": "Point", "coordinates": [ 14.056995, 11.414295 ] } },
{ "type": "Feature", "properties": { "device_id": 375915.0, "UTC_datetime": "2026-01-24T13:35:40Z", "UTC_date": "2026-01-24", "Longitude": 14.049465, "Latitude": 11.426462 }, "geometry": { "type": "Point", "coordinates": [ 14.049465, 11.426462 ] } },
{ "type": "Feature", "properties": { "device_id": 375915.0, "UTC_datetime": "2026-01-24T14:35:40Z", "UTC_date": "2026-01-24", "Longitude": 14.060877, "Latitude": 11.415189 }, "geometry": { "type": "Point", "coordinates": [ 14.060877, 11.415189 ] } },
{ "type": "Feature", "properties": { "device_id": 375915.0, "UTC_datetime": "2026-01-25T07:35:41Z", "UTC_date": "2026-01-25", "Longitude": 14.057409, "Latitude": 11.413052 }, "geometry": { "type": "Point", "coordinates": [ 14.057409, 11.413052 ] } },
{ "type": "Feature", "properties": { "device_id": 375915.0, "UTC_datetime": "2026-01-25T08:35:41Z", "UTC_date": "2026-01-25", "Longitude": 14.057411, "Latitude": 11.41304 }, "geometry": { "type": "Point", "coordinates": [ 14.057411, 11.41304 ] } },
{ "type": "Feature", "properties": { "device_id": 375915.0, "UTC_datetime": "2026-01-25T09:35:42Z", "UTC_date": "2026-01-25", "Longitude": 14.051452, "Latitude": 11.416081 }, "geometry": { "type": "Point", "coordinates": [ 14.051452, 11.416081 ] } },
{ "type": "Feature", "properties": { "device_id": 375915.0, "UTC_datetime": "2026-01-25T10:36:04Z", "UTC_date": "2026-01-25", "Longitude": 14.055527, "Latitude": 11.404342 }, "geometry": { "type": "Point", "coordinates": [ 14.055527, 11.404342 ] } },
{ "type": "Feature", "properties": { "device_id": 375915.0, "UTC_datetime": "2026-01-25T11:35:41Z", "UTC_date": "2026-01-25", "Longitude": 14.058391, "Latitude": 11.397766 }, "geometry": { "type": "Point", "coordinates": [ 14.058391, 11.397766 ] } },
{ "type": "Feature", "properties": { "device_id": 375915.0, "UTC_datetime": "2026-01-25T12:35:43Z", "UTC_date": "2026-01-25", "Longitude": 14.058065, "Latitude": 11.412683 }, "geometry": { "type": "Point", "coordinates": [ 14.058065, 11.412683 ] } },
{ "type": "Feature", "properties": { "device_id": 375915.0, "UTC_datetime": "2026-01-25T13:35:43Z", "UTC_date": "2026-01-25", "Longitude": 14.056262, "Latitude": 11.407133 }, "geometry": { "type": "Point", "coordinates": [ 14.056262, 11.407133 ] } },
{ "type": "Feature", "properties": { "device_id": 375915.0, "UTC_datetime": "2026-01-25T14:36:13Z", "UTC_date": "2026-01-25", "Longitude": 14.064038, "Latitude": 11.414413 }, "geometry": { "type": "Point", "coordinates": [ 14.064038, 11.414413 ] } },
{ "type": "Feature", "properties": { "device_id": 375915.0, "UTC_datetime": "2026-01-26T07:35:43Z", "UTC_date": "2026-01-26", "Longitude": 14.055771, "Latitude": 11.414264 }, "geometry": { "type": "Point", "coordinates": [ 14.055771, 11.414264 ] } },
{ "type": "Feature", "properties": { "device_id": 375915.0, "UTC_datetime": "2026-01-26T08:35:43Z", "UTC_date": "2026-01-26", "Longitude": 14.055564, "Latitude": 11.408955 }, "geometry": { "type": "Point", "coordinates": [ 14.055564, 11.408955 ] } },
{ "type": "Feature", "properties": { "device_id": 375915.0, "UTC_datetime": "2026-01-26T09:35:43Z", "UTC_date": "2026-01-26", "Longitude": 14.052449, "Latitude": 11.411343 }, "geometry": { "type": "Point", "coordinates": [ 14.052449, 11.411343 ] } },
{ "type": "Feature", "properties": { "device_id": 375915.0, "UTC_datetime": "2026-01-26T10:36:04Z", "UTC_date": "2026-01-26", "Longitude": 14.056557, "Latitude": 11.413177 }, "geometry": { "type": "Point", "coordinates": [ 14.056557, 11.413177 ] } },
{ "type": "Feature", "properties": { "device_id": 375915.0, "UTC_datetime": "2026-01-26T11:35:42Z", "UTC_date": "2026-01-26", "Longitude": 14.049168, "Latitude": 11.409862 }, "geometry": { "type": "Point", "coordinates": [ 14.049168, 11.409862 ] } },
{ "type": "Feature", "properties": { "device_id": 375915.0, "UTC_datetime": "2026-01-26T12:35:45Z", "UTC_date": "2026-01-26", "Longitude": 14.059775, "Latitude": 11.420053 }, "geometry": { "type": "Point", "coordinates": [ 14.059775, 11.420053 ] } },
{ "type": "Feature", "properties": { "device_id": 375915.0, "UTC_datetime": "2026-01-26T13:35:43Z", "UTC_date": "2026-01-26", "Longitude": 14.06071, "Latitude": 11.415013 }, "geometry": { "type": "Point", "coordinates": [ 14.06071, 11.415013 ] } },
{ "type": "Feature", "properties": { "device_id": 375915.0, "UTC_datetime": "2026-01-26T14:36:04Z", "UTC_date": "2026-01-26", "Longitude": 14.06383, "Latitude": 11.42169 }, "geometry": { "type": "Point", "coordinates": [ 14.06383, 11.42169 ] } },
{ "type": "Feature", "properties": { "device_id": 375915.0, "UTC_datetime": "2026-01-27T07:35:44Z", "UTC_date": "2026-01-27", "Longitude": 14.062634, "Latitude": 11.412093 }, "geometry": { "type": "Point", "coordinates": [ 14.062634, 11.412093 ] } },
{ "type": "Feature", "properties": { "device_id": 375915.0, "UTC_datetime": "2026-01-27T08:36:05Z", "UTC_date": "2026-01-27", "Longitude": 14.062987, "Latitude": 11.413262 }, "geometry": { "type": "Point", "coordinates": [ 14.062987, 11.413262 ] } },
{ "type": "Feature", "properties": { "device_id": 375915.0, "UTC_datetime": "2026-01-27T09:35:43Z", "UTC_date": "2026-01-27", "Longitude": 14.049404, "Latitude": 11.416206 }, "geometry": { "type": "Point", "coordinates": [ 14.049404, 11.416206 ] } },
{ "type": "Feature", "properties": { "device_id": 375915.0, "UTC_datetime": "2026-01-27T10:36:14Z", "UTC_date": "2026-01-27", "Longitude": 14.049379, "Latitude": 11.415599 }, "geometry": { "type": "Point", "coordinates": [ 14.049379, 11.415599 ] } },
{ "type": "Feature", "properties": { "device_id": 375915.0, "UTC_datetime": "2026-01-27T11:36:05Z", "UTC_date": "2026-01-27", "Longitude": 14.057098, "Latitude": 11.418419 }, "geometry": { "type": "Point", "coordinates": [ 14.057098, 11.418419 ] } },
{ "type": "Feature", "properties": { "device_id": 375915.0, "UTC_datetime": "2026-01-27T12:35:44Z", "UTC_date": "2026-01-27", "Longitude": 14.054859, "Latitude": 11.407279 }, "geometry": { "type": "Point", "coordinates": [ 14.054859, 11.407279 ] } },
{ "type": "Feature", "properties": { "device_id": 375915.0, "UTC_datetime": "2026-01-27T13:35:44Z", "UTC_date": "2026-01-27", "Longitude": 14.057443, "Latitude": 11.413033 }, "geometry": { "type": "Point", "coordinates": [ 14.057443, 11.413033 ] } },
{ "type": "Feature", "properties": { "device_id": 375915.0, "UTC_datetime": "2026-01-27T14:36:13Z", "UTC_date": "2026-01-27", "Longitude": 14.073592, "Latitude": 11.429214 }, "geometry": { "type": "Point", "coordinates": [ 14.073592, 11.429214 ] } },
{ "type": "Feature", "properties": { "device_id": 375915.0, "UTC_datetime": "2026-01-28T07:35:45Z", "UTC_date": "2026-01-28", "Longitude": 14.057593, "Latitude": 11.412902 }, "geometry": { "type": "Point", "coordinates": [ 14.057593, 11.412902 ] } },
{ "type": "Feature", "properties": { "device_id": 375915.0, "UTC_datetime": "2026-01-28T08:36:13Z", "UTC_date": "2026-01-28", "Longitude": 14.054884, "Latitude": 11.407289 }, "geometry": { "type": "Point", "coordinates": [ 14.054884, 11.407289 ] } },
{ "type": "Feature", "properties": { "device_id": 375915.0, "UTC_datetime": "2026-01-28T09:35:46Z", "UTC_date": "2026-01-28", "Longitude": 14.054975, "Latitude": 11.407354 }, "geometry": { "type": "Point", "coordinates": [ 14.054975, 11.407354 ] } },
{ "type": "Feature", "properties": { "device_id": 375915.0, "UTC_datetime": "2026-01-28T10:36:05Z", "UTC_date": "2026-01-28", "Longitude": 14.057768, "Latitude": 11.410433 }, "geometry": { "type": "Point", "coordinates": [ 14.057768, 11.410433 ] } },
{ "type": "Feature", "properties": { "device_id": 375915.0, "UTC_datetime": "2026-01-28T11:36:05Z", "UTC_date": "2026-01-28", "Longitude": 14.054892, "Latitude": 11.40729 }, "geometry": { "type": "Point", "coordinates": [ 14.054892, 11.40729 ] } },
{ "type": "Feature", "properties": { "device_id": 375915.0, "UTC_datetime": "2026-01-28T12:35:46Z", "UTC_date": "2026-01-28", "Longitude": 14.054033, "Latitude": 11.399656 }, "geometry": { "type": "Point", "coordinates": [ 14.054033, 11.399656 ] } },
{ "type": "Feature", "properties": { "device_id": 375915.0, "UTC_datetime": "2026-01-28T13:36:05Z", "UTC_date": "2026-01-28", "Longitude": 14.068284, "Latitude": 11.419467 }, "geometry": { "type": "Point", "coordinates": [ 14.068284, 11.419467 ] } },
{ "type": "Feature", "properties": { "device_id": 375915.0, "UTC_datetime": "2026-01-28T14:35:59Z", "UTC_date": "2026-01-28", "Longitude": 14.061518, "Latitude": 11.413909 }, "geometry": { "type": "Point", "coordinates": [ 14.061518, 11.413909 ] } },
{ "type": "Feature", "properties": { "device_id": 375915.0, "UTC_datetime": "2026-01-29T07:36:05Z", "UTC_date": "2026-01-29", "Longitude": 14.057427, "Latitude": 11.413031 }, "geometry": { "type": "Point", "coordinates": [ 14.057427, 11.413031 ] } },
{ "type": "Feature", "properties": { "device_id": 375915.0, "UTC_datetime": "2026-01-29T08:35:48Z", "UTC_date": "2026-01-29", "Longitude": 14.057393, "Latitude": 11.413062 }, "geometry": { "type": "Point", "coordinates": [ 14.057393, 11.413062 ] } },
{ "type": "Feature", "properties": { "device_id": 375915.0, "UTC_datetime": "2026-01-29T09:36:13Z", "UTC_date": "2026-01-29", "Longitude": 14.047726, "Latitude": 11.416119 }, "geometry": { "type": "Point", "coordinates": [ 14.047726, 11.416119 ] } },
{ "type": "Feature", "properties": { "device_id": 375915.0, "UTC_datetime": "2026-01-29T10:35:48Z", "UTC_date": "2026-01-29", "Longitude": 14.048767, "Latitude": 11.414963 }, "geometry": { "type": "Point", "coordinates": [ 14.048767, 11.414963 ] } },
{ "type": "Feature", "properties": { "device_id": 375915.0, "UTC_datetime": "2026-01-29T11:36:05Z", "UTC_date": "2026-01-29", "Longitude": 14.054925, "Latitude": 11.421901 }, "geometry": { "type": "Point", "coordinates": [ 14.054925, 11.421901 ] } },
{ "type": "Feature", "properties": { "device_id": 375915.0, "UTC_datetime": "2026-01-29T12:36:05Z", "UTC_date": "2026-01-29", "Longitude": 14.079324, "Latitude": 11.431782 }, "geometry": { "type": "Point", "coordinates": [ 14.079324, 11.431782 ] } },
{ "type": "Feature", "properties": { "device_id": 375915.0, "UTC_datetime": "2026-01-29T13:35:48Z", "UTC_date": "2026-01-29", "Longitude": 14.070293, "Latitude": 11.422697 }, "geometry": { "type": "Point", "coordinates": [ 14.070293, 11.422697 ] } },
{ "type": "Feature", "properties": { "device_id": 375915.0, "UTC_datetime": "2026-01-29T14:35:48Z", "UTC_date": "2026-01-29", "Longitude": 14.074691, "Latitude": 11.426579 }, "geometry": { "type": "Point", "coordinates": [ 14.074691, 11.426579 ] } },
{ "type": "Feature", "properties": { "device_id": 375915.0, "UTC_datetime": "2026-01-30T07:35:49Z", "UTC_date": "2026-01-30", "Longitude": 14.075985, "Latitude": 11.441354 }, "geometry": { "type": "Point", "coordinates": [ 14.075985, 11.441354 ] } },
{ "type": "Feature", "properties": { "device_id": 375915.0, "UTC_datetime": "2026-01-30T08:36:13Z", "UTC_date": "2026-01-30", "Longitude": 14.059425, "Latitude": 11.415909 }, "geometry": { "type": "Point", "coordinates": [ 14.059425, 11.415909 ] } },
{ "type": "Feature", "properties": { "device_id": 375915.0, "UTC_datetime": "2026-01-30T09:35:50Z", "UTC_date": "2026-01-30", "Longitude": 14.055038, "Latitude": 11.407379 }, "geometry": { "type": "Point", "coordinates": [ 14.055038, 11.407379 ] } },
{ "type": "Feature", "properties": { "device_id": 375915.0, "UTC_datetime": "2026-01-30T10:36:13Z", "UTC_date": "2026-01-30", "Longitude": 14.054935, "Latitude": 11.407262 }, "geometry": { "type": "Point", "coordinates": [ 14.054935, 11.407262 ] } },
{ "type": "Feature", "properties": { "device_id": 375915.0, "UTC_datetime": "2026-01-30T11:35:48Z", "UTC_date": "2026-01-30", "Longitude": 14.054905, "Latitude": 11.407308 }, "geometry": { "type": "Point", "coordinates": [ 14.054905, 11.407308 ] } },
{ "type": "Feature", "properties": { "device_id": 375915.0, "UTC_datetime": "2026-01-30T12:36:13Z", "UTC_date": "2026-01-30", "Longitude": 14.05577, "Latitude": 11.426581 }, "geometry": { "type": "Point", "coordinates": [ 14.05577, 11.426581 ] } },
{ "type": "Feature", "properties": { "device_id": 375915.0, "UTC_datetime": "2026-01-30T13:35:50Z", "UTC_date": "2026-01-30", "Longitude": 14.053922, "Latitude": 11.425742 }, "geometry": { "type": "Point", "coordinates": [ 14.053922, 11.425742 ] } },
{ "type": "Feature", "properties": { "device_id": 375915.0, "UTC_datetime": "2026-01-30T14:36:13Z", "UTC_date": "2026-01-30", "Longitude": 14.071295, "Latitude": 11.412383 }, "geometry": { "type": "Point", "coordinates": [ 14.071295, 11.412383 ] } },
{ "type": "Feature", "properties": { "device_id": 375915.0, "UTC_datetime": "2026-01-31T07:35:50Z", "UTC_date": "2026-01-31", "Longitude": 14.06041, "Latitude": 11.425693 }, "geometry": { "type": "Point", "coordinates": [ 14.06041, 11.425693 ] } },
{ "type": "Feature", "properties": { "device_id": 375915.0, "UTC_datetime": "2026-01-31T08:35:52Z", "UTC_date": "2026-01-31", "Longitude": 14.061097, "Latitude": 11.425758 }, "geometry": { "type": "Point", "coordinates": [ 14.061097, 11.425758 ] } },
{ "type": "Feature", "properties": { "device_id": 375915.0, "UTC_datetime": "2026-01-31T09:36:13Z", "UTC_date": "2026-01-31", "Longitude": 14.057075, "Latitude": 11.399253 }, "geometry": { "type": "Point", "coordinates": [ 14.057075, 11.399253 ] } },
{ "type": "Feature", "properties": { "device_id": 375915.0, "UTC_datetime": "2026-01-31T10:36:13Z", "UTC_date": "2026-01-31", "Longitude": 14.047039, "Latitude": 11.415182 }, "geometry": { "type": "Point", "coordinates": [ 14.047039, 11.415182 ] } },
{ "type": "Feature", "properties": { "device_id": 375915.0, "UTC_datetime": "2026-01-31T11:36:14Z", "UTC_date": "2026-01-31", "Longitude": 14.075696, "Latitude": 11.421208 }, "geometry": { "type": "Point", "coordinates": [ 14.075696, 11.421208 ] } },
{ "type": "Feature", "properties": { "device_id": 375915.0, "UTC_datetime": "2026-01-31T12:36:23Z", "UTC_date": "2026-01-31", "Longitude": 14.062151, "Latitude": 11.419172 }, "geometry": { "type": "Point", "coordinates": [ 14.062151, 11.419172 ] } },
{ "type": "Feature", "properties": { "device_id": 375915.0, "UTC_datetime": "2026-01-31T13:35:51Z", "UTC_date": "2026-01-31", "Longitude": 14.054891, "Latitude": 11.414054 }, "geometry": { "type": "Point", "coordinates": [ 14.054891, 11.414054 ] } },
{ "type": "Feature", "properties": { "device_id": 375915.0, "UTC_datetime": "2026-01-31T14:35:55Z", "UTC_date": "2026-01-31", "Longitude": 14.053386, "Latitude": 11.420811 }, "geometry": { "type": "Point", "coordinates": [ 14.053386, 11.420811 ] } },
{ "type": "Feature", "properties": { "device_id": 375915.0, "UTC_datetime": "2026-02-01T07:35:51Z", "UTC_date": "2026-02-01", "Longitude": 14.06118, "Latitude": 11.425664 }, "geometry": { "type": "Point", "coordinates": [ 14.06118, 11.425664 ] } },
{ "type": "Feature", "properties": { "device_id": 375915.0, "UTC_datetime": "2026-02-01T08:35:51Z", "UTC_date": "2026-02-01", "Longitude": 14.061162, "Latitude": 11.425663 }, "geometry": { "type": "Point", "coordinates": [ 14.061162, 11.425663 ] } },
{ "type": "Feature", "properties": { "device_id": 375915.0, "UTC_datetime": "2026-02-01T09:36:13Z", "UTC_date": "2026-02-01", "Longitude": 14.057884, "Latitude": 11.413049 }, "geometry": { "type": "Point", "coordinates": [ 14.057884, 11.413049 ] } },
{ "type": "Feature", "properties": { "device_id": 375915.0, "UTC_datetime": "2026-02-01T10:36:13Z", "UTC_date": "2026-02-01", "Longitude": 14.058252, "Latitude": 11.413627 }, "geometry": { "type": "Point", "coordinates": [ 14.058252, 11.413627 ] } },
{ "type": "Feature", "properties": { "device_id": 375915.0, "UTC_datetime": "2026-02-01T11:36:13Z", "UTC_date": "2026-02-01", "Longitude": 14.058289, "Latitude": 11.413633 }, "geometry": { "type": "Point", "coordinates": [ 14.058289, 11.413633 ] } },
{ "type": "Feature", "properties": { "device_id": 375915.0, "UTC_datetime": "2026-02-01T12:36:13Z", "UTC_date": "2026-02-01", "Longitude": 14.058287, "Latitude": 11.413728 }, "geometry": { "type": "Point", "coordinates": [ 14.058287, 11.413728 ] } },
{ "type": "Feature", "properties": { "device_id": 375915.0, "UTC_datetime": "2026-02-01T13:36:23Z", "UTC_date": "2026-02-01", "Longitude": 14.052841, "Latitude": 11.408981 }, "geometry": { "type": "Point", "coordinates": [ 14.052841, 11.408981 ] } },
{ "type": "Feature", "properties": { "device_id": 375915.0, "UTC_datetime": "2026-02-01T14:35:54Z", "UTC_date": "2026-02-01", "Longitude": 14.053397, "Latitude": 11.40563 }, "geometry": { "type": "Point", "coordinates": [ 14.053397, 11.40563 ] } },
{ "type": "Feature", "properties": { "device_id": 375915.0, "UTC_datetime": "2026-02-02T07:36:13Z", "UTC_date": "2026-02-02", "Longitude": 14.05486, "Latitude": 11.426519 }, "geometry": { "type": "Point", "coordinates": [ 14.05486, 11.426519 ] } },
{ "type": "Feature", "properties": { "device_id": 375915.0, "UTC_datetime": "2026-02-02T08:36:13Z", "UTC_date": "2026-02-02", "Longitude": 14.057987, "Latitude": 11.412971 }, "geometry": { "type": "Point", "coordinates": [ 14.057987, 11.412971 ] } },
{ "type": "Feature", "properties": { "device_id": 375915.0, "UTC_datetime": "2026-02-02T09:35:56Z", "UTC_date": "2026-02-02", "Longitude": 14.056133, "Latitude": 11.413433 }, "geometry": { "type": "Point", "coordinates": [ 14.056133, 11.413433 ] } },
{ "type": "Feature", "properties": { "device_id": 375915.0, "UTC_datetime": "2026-02-02T10:36:12Z", "UTC_date": "2026-02-02", "Longitude": 14.035244, "Latitude": 11.404382 }, "geometry": { "type": "Point", "coordinates": [ 14.035244, 11.404382 ] } },
{ "type": "Feature", "properties": { "device_id": 375915.0, "UTC_datetime": "2026-02-02T11:36:23Z", "UTC_date": "2026-02-02", "Longitude": 14.056075, "Latitude": 11.416752 }, "geometry": { "type": "Point", "coordinates": [ 14.056075, 11.416752 ] } },
{ "type": "Feature", "properties": { "device_id": 375915.0, "UTC_datetime": "2026-02-02T12:35:53Z", "UTC_date": "2026-02-02", "Longitude": 14.043007, "Latitude": 11.38877 }, "geometry": { "type": "Point", "coordinates": [ 14.043007, 11.38877 ] } },
{ "type": "Feature", "properties": { "device_id": 375915.0, "UTC_datetime": "2026-02-02T13:35:53Z", "UTC_date": "2026-02-02", "Longitude": 14.067843, "Latitude": 11.393389 }, "geometry": { "type": "Point", "coordinates": [ 14.067843, 11.393389 ] } },
{ "type": "Feature", "properties": { "device_id": 375915.0, "UTC_datetime": "2026-02-02T14:36:12Z", "UTC_date": "2026-02-02", "Longitude": 14.054267, "Latitude": 11.415954 }, "geometry": { "type": "Point", "coordinates": [ 14.054267, 11.415954 ] } },
{ "type": "Feature", "properties": { "device_id": 375915.0, "UTC_datetime": "2026-02-03T07:35:55Z", "UTC_date": "2026-02-03", "Longitude": 14.061166, "Latitude": 11.42571 }, "geometry": { "type": "Point", "coordinates": [ 14.061166, 11.42571 ] } },
{ "type": "Feature", "properties": { "device_id": 375915.0, "UTC_datetime": "2026-02-03T08:36:13Z", "UTC_date": "2026-02-03", "Longitude": 14.057549, "Latitude": 11.417809 }, "geometry": { "type": "Point", "coordinates": [ 14.057549, 11.417809 ] } },
{ "type": "Feature", "properties": { "device_id": 375915.0, "UTC_datetime": "2026-02-03T09:35:56Z", "UTC_date": "2026-02-03", "Longitude": 14.051328, "Latitude": 11.426813 }, "geometry": { "type": "Point", "coordinates": [ 14.051328, 11.426813 ] } },
{ "type": "Feature", "properties": { "device_id": 375915.0, "UTC_datetime": "2026-02-03T10:36:29Z", "UTC_date": "2026-02-03", "Longitude": 14.05226, "Latitude": 11.417241 }, "geometry": { "type": "Point", "coordinates": [ 14.05226, 11.417241 ] } },
{ "type": "Feature", "properties": { "device_id": 375915.0, "UTC_datetime": "2026-02-03T11:35:56Z", "UTC_date": "2026-02-03", "Longitude": 14.058431, "Latitude": 11.408321 }, "geometry": { "type": "Point", "coordinates": [ 14.058431, 11.408321 ] } },
{ "type": "Feature", "properties": { "device_id": 375915.0, "UTC_datetime": "2026-02-03T12:36:29Z", "UTC_date": "2026-02-03", "Longitude": 14.060391, "Latitude": 11.416241 }, "geometry": { "type": "Point", "coordinates": [ 14.060391, 11.416241 ] } },
{ "type": "Feature", "properties": { "device_id": 375915.0, "UTC_datetime": "2026-02-03T13:35:55Z", "UTC_date": "2026-02-03", "Longitude": 14.070692, "Latitude": 11.421409 }, "geometry": { "type": "Point", "coordinates": [ 14.070692, 11.421409 ] } },
{ "type": "Feature", "properties": { "device_id": 375915.0, "UTC_datetime": "2026-02-03T14:35:56Z", "UTC_date": "2026-02-03", "Longitude": 14.051876, "Latitude": 11.426957 }, "geometry": { "type": "Point", "coordinates": [ 14.051876, 11.426957 ] } },
{ "type": "Feature", "properties": { "device_id": 375915.0, "UTC_datetime": "2026-02-04T07:35:58Z", "UTC_date": "2026-02-04", "Longitude": 14.055769, "Latitude": 11.414251 }, "geometry": { "type": "Point", "coordinates": [ 14.055769, 11.414251 ] } },
{ "type": "Feature", "properties": { "device_id": 375915.0, "UTC_datetime": "2026-02-04T08:35:58Z", "UTC_date": "2026-02-04", "Longitude": 14.053941, "Latitude": 11.413996 }, "geometry": { "type": "Point", "coordinates": [ 14.053941, 11.413996 ] } },
{ "type": "Feature", "properties": { "device_id": 375915.0, "UTC_datetime": "2026-02-04T09:35:56Z", "UTC_date": "2026-02-04", "Longitude": 14.047764, "Latitude": 11.415492 }, "geometry": { "type": "Point", "coordinates": [ 14.047764, 11.415492 ] } },
{ "type": "Feature", "properties": { "device_id": 375915.0, "UTC_datetime": "2026-02-04T10:36:29Z", "UTC_date": "2026-02-04", "Longitude": 14.0488, "Latitude": 11.414922 }, "geometry": { "type": "Point", "coordinates": [ 14.0488, 11.414922 ] } },
{ "type": "Feature", "properties": { "device_id": 375915.0, "UTC_datetime": "2026-02-04T11:35:57Z", "UTC_date": "2026-02-04", "Longitude": 14.06319, "Latitude": 11.43232 }, "geometry": { "type": "Point", "coordinates": [ 14.06319, 11.43232 ] } },
{ "type": "Feature", "properties": { "device_id": 375915.0, "UTC_datetime": "2026-02-04T12:36:13Z", "UTC_date": "2026-02-04", "Longitude": 14.063312, "Latitude": 11.417993 }, "geometry": { "type": "Point", "coordinates": [ 14.063312, 11.417993 ] } },
{ "type": "Feature", "properties": { "device_id": 375915.0, "UTC_datetime": "2026-02-04T13:35:57Z", "UTC_date": "2026-02-04", "Longitude": 14.057194, "Latitude": 11.421145 }, "geometry": { "type": "Point", "coordinates": [ 14.057194, 11.421145 ] } },
{ "type": "Feature", "properties": { "device_id": 375915.0, "UTC_datetime": "2026-02-04T14:36:28Z", "UTC_date": "2026-02-04", "Longitude": 14.048858, "Latitude": 11.407754 }, "geometry": { "type": "Point", "coordinates": [ 14.048858, 11.407754 ] } },
{ "type": "Feature", "properties": { "device_id": 375915.0, "UTC_datetime": "2026-02-05T07:36:00Z", "UTC_date": "2026-02-05", "Longitude": 14.0574, "Latitude": 11.413057 }, "geometry": { "type": "Point", "coordinates": [ 14.0574, 11.413057 ] } },
{ "type": "Feature", "properties": { "device_id": 375915.0, "UTC_datetime": "2026-02-05T08:36:14Z", "UTC_date": "2026-02-05", "Longitude": 14.062672, "Latitude": 11.415977 }, "geometry": { "type": "Point", "coordinates": [ 14.062672, 11.415977 ] } },
{ "type": "Feature", "properties": { "device_id": 375915.0, "UTC_datetime": "2026-02-05T09:36:14Z", "UTC_date": "2026-02-05", "Longitude": 14.062228, "Latitude": 11.419834 }, "geometry": { "type": "Point", "coordinates": [ 14.062228, 11.419834 ] } },
{ "type": "Feature", "properties": { "device_id": 375915.0, "UTC_datetime": "2026-02-05T10:36:21Z", "UTC_date": "2026-02-05", "Longitude": 14.063848, "Latitude": 11.409595 }, "geometry": { "type": "Point", "coordinates": [ 14.063848, 11.409595 ] } },
{ "type": "Feature", "properties": { "device_id": 375915.0, "UTC_datetime": "2026-02-05T11:36:29Z", "UTC_date": "2026-02-05", "Longitude": 14.052488, "Latitude": 11.489495 }, "geometry": { "type": "Point", "coordinates": [ 14.052488, 11.489495 ] } },
{ "type": "Feature", "properties": { "device_id": 375915.0, "UTC_datetime": "2026-02-05T12:35:59Z", "UTC_date": "2026-02-05", "Longitude": 14.059732, "Latitude": 11.423976 }, "geometry": { "type": "Point", "coordinates": [ 14.059732, 11.423976 ] } },
{ "type": "Feature", "properties": { "device_id": 375915.0, "UTC_datetime": "2026-02-05T13:35:58Z", "UTC_date": "2026-02-05", "Longitude": 14.054666, "Latitude": 11.412195 }, "geometry": { "type": "Point", "coordinates": [ 14.054666, 11.412195 ] } },
{ "type": "Feature", "properties": { "device_id": 375915.0, "UTC_datetime": "2026-02-05T14:36:29Z", "UTC_date": "2026-02-05", "Longitude": 14.059649, "Latitude": 11.418644 }, "geometry": { "type": "Point", "coordinates": [ 14.059649, 11.418644 ] } },
{ "type": "Feature", "properties": { "device_id": 375915.0, "UTC_datetime": "2026-02-06T07:36:14Z", "UTC_date": "2026-02-06", "Longitude": 14.059504, "Latitude": 11.422101 }, "geometry": { "type": "Point", "coordinates": [ 14.059504, 11.422101 ] } },
{ "type": "Feature", "properties": { "device_id": 375915.0, "UTC_datetime": "2026-02-06T08:36:02Z", "UTC_date": "2026-02-06", "Longitude": 14.047771, "Latitude": 11.411639 }, "geometry": { "type": "Point", "coordinates": [ 14.047771, 11.411639 ] } },
{ "type": "Feature", "properties": { "device_id": 375915.0, "UTC_datetime": "2026-02-06T09:36:29Z", "UTC_date": "2026-02-06", "Longitude": 14.065214, "Latitude": 11.420705 }, "geometry": { "type": "Point", "coordinates": [ 14.065214, 11.420705 ] } },
{ "type": "Feature", "properties": { "device_id": 375915.0, "UTC_datetime": "2026-02-06T10:36:02Z", "UTC_date": "2026-02-06", "Longitude": 14.052587, "Latitude": 11.411109 }, "geometry": { "type": "Point", "coordinates": [ 14.052587, 11.411109 ] } },
{ "type": "Feature", "properties": { "device_id": 375915.0, "UTC_datetime": "2026-02-06T11:36:12Z", "UTC_date": "2026-02-06", "Longitude": 14.078956, "Latitude": 11.202536 }, "geometry": { "type": "Point", "coordinates": [ 14.078956, 11.202536 ] } },
{ "type": "Feature", "properties": { "device_id": 375915.0, "UTC_datetime": "2026-02-06T12:36:14Z", "UTC_date": "2026-02-06", "Longitude": 14.040339, "Latitude": 11.025241 }, "geometry": { "type": "Point", "coordinates": [ 14.040339, 11.025241 ] } },
{ "type": "Feature", "properties": { "device_id": 375915.0, "UTC_datetime": "2026-02-06T13:36:29Z", "UTC_date": "2026-02-06", "Longitude": 14.053021, "Latitude": 11.07529 }, "geometry": { "type": "Point", "coordinates": [ 14.053021, 11.07529 ] } },
{ "type": "Feature", "properties": { "device_id": 375915.0, "UTC_datetime": "2026-02-06T14:36:00Z", "UTC_date": "2026-02-06", "Longitude": 13.972365, "Latitude": 11.275148 }, "geometry": { "type": "Point", "coordinates": [ 13.972365, 11.275148 ] } },
{ "type": "Feature", "properties": { "device_id": 375915.0, "UTC_datetime": "2026-02-07T07:36:02Z", "UTC_date": "2026-02-07", "Longitude": 14.062439, "Latitude": 11.419902 }, "geometry": { "type": "Point", "coordinates": [ 14.062439, 11.419902 ] } },
{ "type": "Feature", "properties": { "device_id": 375915.0, "UTC_datetime": "2026-02-07T08:36:35Z", "UTC_date": "2026-02-07", "Longitude": 14.054907, "Latitude": 11.426497 }, "geometry": { "type": "Point", "coordinates": [ 14.054907, 11.426497 ] } },
{ "type": "Feature", "properties": { "device_id": 375915.0, "UTC_datetime": "2026-02-07T09:36:01Z", "UTC_date": "2026-02-07", "Longitude": 14.049238, "Latitude": 11.417492 }, "geometry": { "type": "Point", "coordinates": [ 14.049238, 11.417492 ] } },
{ "type": "Feature", "properties": { "device_id": 375915.0, "UTC_datetime": "2026-02-07T10:36:04Z", "UTC_date": "2026-02-07", "Longitude": 14.064453, "Latitude": 11.419639 }, "geometry": { "type": "Point", "coordinates": [ 14.064453, 11.419639 ] } },
{ "type": "Feature", "properties": { "device_id": 375915.0, "UTC_datetime": "2026-02-07T11:36:11Z", "UTC_date": "2026-02-07", "Longitude": 14.055669, "Latitude": 11.410735 }, "geometry": { "type": "Point", "coordinates": [ 14.055669, 11.410735 ] } },
{ "type": "Feature", "properties": { "device_id": 375915.0, "UTC_datetime": "2026-02-07T12:37:04Z", "UTC_date": "2026-02-07", "Longitude": 14.052146, "Latitude": 11.413481 }, "geometry": { "type": "Point", "coordinates": [ 14.052146, 11.413481 ] } },
{ "type": "Feature", "properties": { "device_id": 375915.0, "UTC_datetime": "2026-02-07T13:36:02Z", "UTC_date": "2026-02-07", "Longitude": 14.068288, "Latitude": 11.418436 }, "geometry": { "type": "Point", "coordinates": [ 14.068288, 11.418436 ] } },
{ "type": "Feature", "properties": { "device_id": 375915.0, "UTC_datetime": "2026-02-07T14:36:02Z", "UTC_date": "2026-02-07", "Longitude": 14.057194, "Latitude": 11.413144 }, "geometry": { "type": "Point", "coordinates": [ 14.057194, 11.413144 ] } },
{ "type": "Feature", "properties": { "device_id": 375915.0, "UTC_datetime": "2026-02-08T07:36:02Z", "UTC_date": "2026-02-08", "Longitude": 14.062146, "Latitude": 11.419902 }, "geometry": { "type": "Point", "coordinates": [ 14.062146, 11.419902 ] } },
{ "type": "Feature", "properties": { "device_id": 375915.0, "UTC_datetime": "2026-02-08T08:36:02Z", "UTC_date": "2026-02-08", "Longitude": 14.055734, "Latitude": 11.420323 }, "geometry": { "type": "Point", "coordinates": [ 14.055734, 11.420323 ] } },
{ "type": "Feature", "properties": { "device_id": 375915.0, "UTC_datetime": "2026-02-08T09:36:04Z", "UTC_date": "2026-02-08", "Longitude": 14.046353, "Latitude": 11.411412 }, "geometry": { "type": "Point", "coordinates": [ 14.046353, 11.411412 ] } },
{ "type": "Feature", "properties": { "device_id": 375915.0, "UTC_datetime": "2026-02-08T10:36:35Z", "UTC_date": "2026-02-08", "Longitude": 14.040894, "Latitude": 11.406668 }, "geometry": { "type": "Point", "coordinates": [ 14.040894, 11.406668 ] } },
{ "type": "Feature", "properties": { "device_id": 375915.0, "UTC_datetime": "2026-02-08T11:36:02Z", "UTC_date": "2026-02-08", "Longitude": 14.250242, "Latitude": 11.389179 }, "geometry": { "type": "Point", "coordinates": [ 14.250242, 11.389179 ] } },
{ "type": "Feature", "properties": { "device_id": 375915.0, "UTC_datetime": "2026-02-08T12:36:04Z", "UTC_date": "2026-02-08", "Longitude": 14.375342, "Latitude": 11.42728 }, "geometry": { "type": "Point", "coordinates": [ 14.375342, 11.42728 ] } },
{ "type": "Feature", "properties": { "device_id": 375915.0, "UTC_datetime": "2026-02-08T13:36:03Z", "UTC_date": "2026-02-08", "Longitude": 14.496802, "Latitude": 11.500172 }, "geometry": { "type": "Point", "coordinates": [ 14.496802, 11.500172 ] } },
{ "type": "Feature", "properties": { "device_id": 375915.0, "UTC_datetime": "2026-02-08T14:36:34Z", "UTC_date": "2026-02-08", "Longitude": 14.355233, "Latitude": 11.504848 }, "geometry": { "type": "Point", "coordinates": [ 14.355233, 11.504848 ] } },
{ "type": "Feature", "properties": { "device_id": 375915.0, "UTC_datetime": "2026-02-09T07:36:04Z", "UTC_date": "2026-02-09", "Longitude": 14.062594, "Latitude": 11.416032 }, "geometry": { "type": "Point", "coordinates": [ 14.062594, 11.416032 ] } },
{ "type": "Feature", "properties": { "device_id": 375915.0, "UTC_datetime": "2026-02-09T08:36:04Z", "UTC_date": "2026-02-09", "Longitude": 14.062943, "Latitude": 11.413331 }, "geometry": { "type": "Point", "coordinates": [ 14.062943, 11.413331 ] } },
{ "type": "Feature", "properties": { "device_id": 375915.0, "UTC_datetime": "2026-02-09T09:36:13Z", "UTC_date": "2026-02-09", "Longitude": 14.057341, "Latitude": 11.413059 }, "geometry": { "type": "Point", "coordinates": [ 14.057341, 11.413059 ] } },
{ "type": "Feature", "properties": { "device_id": 375915.0, "UTC_datetime": "2026-02-09T10:36:34Z", "UTC_date": "2026-02-09", "Longitude": 14.051611, "Latitude": 11.415504 }, "geometry": { "type": "Point", "coordinates": [ 14.051611, 11.415504 ] } },
{ "type": "Feature", "properties": { "device_id": 375915.0, "UTC_datetime": "2026-02-09T11:36:06Z", "UTC_date": "2026-02-09", "Longitude": 14.057191, "Latitude": 11.412748 }, "geometry": { "type": "Point", "coordinates": [ 14.057191, 11.412748 ] } },
{ "type": "Feature", "properties": { "device_id": 375915.0, "UTC_datetime": "2026-02-09T12:36:04Z", "UTC_date": "2026-02-09", "Longitude": 14.060069, "Latitude": 11.419419 }, "geometry": { "type": "Point", "coordinates": [ 14.060069, 11.419419 ] } },
{ "type": "Feature", "properties": { "device_id": 375915.0, "UTC_datetime": "2026-02-09T13:36:05Z", "UTC_date": "2026-02-09", "Longitude": 14.05732, "Latitude": 11.413065 }, "geometry": { "type": "Point", "coordinates": [ 14.05732, 11.413065 ] } },
{ "type": "Feature", "properties": { "device_id": 375915.0, "UTC_datetime": "2026-02-09T14:36:34Z", "UTC_date": "2026-02-09", "Longitude": 14.05744, "Latitude": 11.413066 }, "geometry": { "type": "Point", "coordinates": [ 14.05744, 11.413066 ] } },
{ "type": "Feature", "properties": { "device_id": 375915.0, "UTC_datetime": "2026-02-10T07:36:05Z", "UTC_date": "2026-02-10", "Longitude": 14.073632, "Latitude": 11.378929 }, "geometry": { "type": "Point", "coordinates": [ 14.073632, 11.378929 ] } },
{ "type": "Feature", "properties": { "device_id": 375915.0, "UTC_datetime": "2026-02-10T08:36:20Z", "UTC_date": "2026-02-10", "Longitude": 14.073565, "Latitude": 11.378872 }, "geometry": { "type": "Point", "coordinates": [ 14.073565, 11.378872 ] } },
{ "type": "Feature", "properties": { "device_id": 375915.0, "UTC_datetime": "2026-02-10T09:36:35Z", "UTC_date": "2026-02-10", "Longitude": 14.055791, "Latitude": 11.414727 }, "geometry": { "type": "Point", "coordinates": [ 14.055791, 11.414727 ] } },
{ "type": "Feature", "properties": { "device_id": 375915.0, "UTC_datetime": "2026-02-10T10:36:43Z", "UTC_date": "2026-02-10", "Longitude": 14.055808, "Latitude": 11.414728 }, "geometry": { "type": "Point", "coordinates": [ 14.055808, 11.414728 ] } },
{ "type": "Feature", "properties": { "device_id": 375915.0, "UTC_datetime": "2026-02-10T11:36:07Z", "UTC_date": "2026-02-10", "Longitude": 14.055824, "Latitude": 11.414238 }, "geometry": { "type": "Point", "coordinates": [ 14.055824, 11.414238 ] } },
{ "type": "Feature", "properties": { "device_id": 375915.0, "UTC_datetime": "2026-02-10T12:36:34Z", "UTC_date": "2026-02-10", "Longitude": 14.057474, "Latitude": 11.413039 }, "geometry": { "type": "Point", "coordinates": [ 14.057474, 11.413039 ] } },
{ "type": "Feature", "properties": { "device_id": 375915.0, "UTC_datetime": "2026-02-10T13:36:06Z", "UTC_date": "2026-02-10", "Longitude": 14.05741, "Latitude": 11.412981 }, "geometry": { "type": "Point", "coordinates": [ 14.05741, 11.412981 ] } },
{ "type": "Feature", "properties": { "device_id": 375915.0, "UTC_datetime": "2026-02-10T14:36:05Z", "UTC_date": "2026-02-10", "Longitude": 14.057595, "Latitude": 11.412905 }, "geometry": { "type": "Point", "coordinates": [ 14.057595, 11.412905 ] } },
{ "type": "Feature", "properties": { "device_id": 375915.0, "UTC_datetime": "2026-02-11T07:36:08Z", "UTC_date": "2026-02-11", "Longitude": 14.061774, "Latitude": 11.420048 }, "geometry": { "type": "Point", "coordinates": [ 14.061774, 11.420048 ] } },
{ "type": "Feature", "properties": { "device_id": 375915.0, "UTC_datetime": "2026-02-11T08:36:34Z", "UTC_date": "2026-02-11", "Longitude": 14.04996, "Latitude": 11.412949 }, "geometry": { "type": "Point", "coordinates": [ 14.04996, 11.412949 ] } },
{ "type": "Feature", "properties": { "device_id": 375915.0, "UTC_datetime": "2026-02-11T09:36:07Z", "UTC_date": "2026-02-11", "Longitude": 14.059847, "Latitude": 11.418365 }, "geometry": { "type": "Point", "coordinates": [ 14.059847, 11.418365 ] } },
{ "type": "Feature", "properties": { "device_id": 375915.0, "UTC_datetime": "2026-02-11T10:36:10Z", "UTC_date": "2026-02-11", "Longitude": 14.060418, "Latitude": 11.41877 }, "geometry": { "type": "Point", "coordinates": [ 14.060418, 11.41877 ] } },
{ "type": "Feature", "properties": { "device_id": 375915.0, "UTC_datetime": "2026-02-11T11:36:35Z", "UTC_date": "2026-02-11", "Longitude": 14.060534, "Latitude": 11.418663 }, "geometry": { "type": "Point", "coordinates": [ 14.060534, 11.418663 ] } },
{ "type": "Feature", "properties": { "device_id": 375915.0, "UTC_datetime": "2026-02-11T12:36:08Z", "UTC_date": "2026-02-11", "Longitude": 14.09266, "Latitude": 11.436997 }, "geometry": { "type": "Point", "coordinates": [ 14.09266, 11.436997 ] } },
{ "type": "Feature", "properties": { "device_id": 375915.0, "UTC_datetime": "2026-02-11T13:36:08Z", "UTC_date": "2026-02-11", "Longitude": 14.055781, "Latitude": 11.414287 }, "geometry": { "type": "Point", "coordinates": [ 14.055781, 11.414287 ] } },
{ "type": "Feature", "properties": { "device_id": 375915.0, "UTC_datetime": "2026-02-11T14:36:34Z", "UTC_date": "2026-02-11", "Longitude": 14.064731, "Latitude": 11.405178 }, "geometry": { "type": "Point", "coordinates": [ 14.064731, 11.405178 ] } },
{ "type": "Feature", "properties": { "device_id": 375915.0, "UTC_datetime": "2026-02-12T07:36:07Z", "UTC_date": "2026-02-12", "Longitude": 14.073493, "Latitude": 11.378992 }, "geometry": { "type": "Point", "coordinates": [ 14.073493, 11.378992 ] } },
{ "type": "Feature", "properties": { "device_id": 375915.0, "UTC_datetime": "2026-02-12T08:36:34Z", "UTC_date": "2026-02-12", "Longitude": 14.074176, "Latitude": 11.381072 }, "geometry": { "type": "Point", "coordinates": [ 14.074176, 11.381072 ] } },
{ "type": "Feature", "properties": { "device_id": 375915.0, "UTC_datetime": "2026-02-12T09:36:07Z", "UTC_date": "2026-02-12", "Longitude": 14.065492, "Latitude": 11.380322 }, "geometry": { "type": "Point", "coordinates": [ 14.065492, 11.380322 ] } },
{ "type": "Feature", "properties": { "device_id": 375915.0, "UTC_datetime": "2026-02-12T10:36:11Z", "UTC_date": "2026-02-12", "Longitude": 14.055601, "Latitude": 11.414353 }, "geometry": { "type": "Point", "coordinates": [ 14.055601, 11.414353 ] } },
{ "type": "Feature", "properties": { "device_id": 375915.0, "UTC_datetime": "2026-02-12T11:36:12Z", "UTC_date": "2026-02-12", "Longitude": 14.072613, "Latitude": 11.418124 }, "geometry": { "type": "Point", "coordinates": [ 14.072613, 11.418124 ] } },
{ "type": "Feature", "properties": { "device_id": 375915.0, "UTC_datetime": "2026-02-12T12:36:34Z", "UTC_date": "2026-02-12", "Longitude": 14.074929, "Latitude": 11.427605 }, "geometry": { "type": "Point", "coordinates": [ 14.074929, 11.427605 ] } },
{ "type": "Feature", "properties": { "device_id": 375915.0, "UTC_datetime": "2026-02-12T13:36:09Z", "UTC_date": "2026-02-12", "Longitude": 14.054658, "Latitude": 11.421537 }, "geometry": { "type": "Point", "coordinates": [ 14.054658, 11.421537 ] } },
{ "type": "Feature", "properties": { "device_id": 375915.0, "UTC_datetime": "2026-02-12T14:36:08Z", "UTC_date": "2026-02-12", "Longitude": 14.077618, "Latitude": 11.416486 }, "geometry": { "type": "Point", "coordinates": [ 14.077618, 11.416486 ] } },
{ "type": "Feature", "properties": { "device_id": 375915.0, "UTC_datetime": "2026-02-13T07:36:09Z", "UTC_date": "2026-02-13", "Longitude": 14.062292, "Latitude": 11.419847 }, "geometry": { "type": "Point", "coordinates": [ 14.062292, 11.419847 ] } },
{ "type": "Feature", "properties": { "device_id": 375915.0, "UTC_datetime": "2026-02-13T08:36:34Z", "UTC_date": "2026-02-13", "Longitude": 14.062237, "Latitude": 11.419836 }, "geometry": { "type": "Point", "coordinates": [ 14.062237, 11.419836 ] } },
{ "type": "Feature", "properties": { "device_id": 375915.0, "UTC_datetime": "2026-02-13T09:36:09Z", "UTC_date": "2026-02-13", "Longitude": 14.057473, "Latitude": 11.413147 }, "geometry": { "type": "Point", "coordinates": [ 14.057473, 11.413147 ] } },
{ "type": "Feature", "properties": { "device_id": 375915.0, "UTC_datetime": "2026-02-13T10:36:11Z", "UTC_date": "2026-02-13", "Longitude": 14.089986, "Latitude": 11.411446 }, "geometry": { "type": "Point", "coordinates": [ 14.089986, 11.411446 ] } },
{ "type": "Feature", "properties": { "device_id": 375915.0, "UTC_datetime": "2026-02-13T11:36:35Z", "UTC_date": "2026-02-13", "Longitude": 14.055769, "Latitude": 11.414308 }, "geometry": { "type": "Point", "coordinates": [ 14.055769, 11.414308 ] } },
{ "type": "Feature", "properties": { "device_id": 375915.0, "UTC_datetime": "2026-02-13T12:36:12Z", "UTC_date": "2026-02-13", "Longitude": 14.05555, "Latitude": 11.414194 }, "geometry": { "type": "Point", "coordinates": [ 14.05555, 11.414194 ] } },
{ "type": "Feature", "properties": { "device_id": 375915.0, "UTC_datetime": "2026-02-13T13:36:35Z", "UTC_date": "2026-02-13", "Longitude": 14.072826, "Latitude": 11.412463 }, "geometry": { "type": "Point", "coordinates": [ 14.072826, 11.412463 ] } },
{ "type": "Feature", "properties": { "device_id": 375915.0, "UTC_datetime": "2026-02-13T14:36:11Z", "UTC_date": "2026-02-13", "Longitude": 14.070956, "Latitude": 11.416806 }, "geometry": { "type": "Point", "coordinates": [ 14.070956, 11.416806 ] } },
{ "type": "Feature", "properties": { "device_id": 375915.0, "UTC_datetime": "2026-02-14T07:36:17Z", "UTC_date": "2026-02-14", "Longitude": 14.062224, "Latitude": 11.419854 }, "geometry": { "type": "Point", "coordinates": [ 14.062224, 11.419854 ] } },
{ "type": "Feature", "properties": { "device_id": 375915.0, "UTC_datetime": "2026-02-14T08:36:12Z", "UTC_date": "2026-02-14", "Longitude": 14.062567, "Latitude": 11.420063 }, "geometry": { "type": "Point", "coordinates": [ 14.062567, 11.420063 ] } },
{ "type": "Feature", "properties": { "device_id": 375915.0, "UTC_datetime": "2026-02-14T09:36:35Z", "UTC_date": "2026-02-14", "Longitude": 14.055943, "Latitude": 11.414656 }, "geometry": { "type": "Point", "coordinates": [ 14.055943, 11.414656 ] } },
{ "type": "Feature", "properties": { "device_id": 375915.0, "UTC_datetime": "2026-02-14T10:36:35Z", "UTC_date": "2026-02-14", "Longitude": 14.055749, "Latitude": 11.414278 }, "geometry": { "type": "Point", "coordinates": [ 14.055749, 11.414278 ] } },
{ "type": "Feature", "properties": { "device_id": 375915.0, "UTC_datetime": "2026-02-14T11:36:13Z", "UTC_date": "2026-02-14", "Longitude": 14.047553, "Latitude": 11.407263 }, "geometry": { "type": "Point", "coordinates": [ 14.047553, 11.407263 ] } },
{ "type": "Feature", "properties": { "device_id": 375915.0, "UTC_datetime": "2026-02-14T12:36:35Z", "UTC_date": "2026-02-14", "Longitude": 14.086928, "Latitude": 11.432238 }, "geometry": { "type": "Point", "coordinates": [ 14.086928, 11.432238 ] } },
{ "type": "Feature", "properties": { "device_id": 375915.0, "UTC_datetime": "2026-02-14T13:36:14Z", "UTC_date": "2026-02-14", "Longitude": 14.090729, "Latitude": 11.421248 }, "geometry": { "type": "Point", "coordinates": [ 14.090729, 11.421248 ] } },
{ "type": "Feature", "properties": { "device_id": 375915.0, "UTC_datetime": "2026-02-14T14:36:13Z", "UTC_date": "2026-02-14", "Longitude": 14.062254, "Latitude": 11.419792 }, "geometry": { "type": "Point", "coordinates": [ 14.062254, 11.419792 ] } },
{ "type": "Feature", "properties": { "device_id": 375915.0, "UTC_datetime": "2026-02-15T07:36:35Z", "UTC_date": "2026-02-15", "Longitude": 14.062194, "Latitude": 11.419813 }, "geometry": { "type": "Point", "coordinates": [ 14.062194, 11.419813 ] } },
{ "type": "Feature", "properties": { "device_id": 375915.0, "UTC_datetime": "2026-02-15T08:36:14Z", "UTC_date": "2026-02-15", "Longitude": 14.062345, "Latitude": 11.407741 }, "geometry": { "type": "Point", "coordinates": [ 14.062345, 11.407741 ] } },
{ "type": "Feature", "properties": { "device_id": 375915.0, "UTC_datetime": "2026-02-15T09:36:35Z", "UTC_date": "2026-02-15", "Longitude": 14.076408, "Latitude": 11.379023 }, "geometry": { "type": "Point", "coordinates": [ 14.076408, 11.379023 ] } },
{ "type": "Feature", "properties": { "device_id": 375915.0, "UTC_datetime": "2026-02-15T10:36:15Z", "UTC_date": "2026-02-15", "Longitude": 14.076662, "Latitude": 11.370349 }, "geometry": { "type": "Point", "coordinates": [ 14.076662, 11.370349 ] } },
{ "type": "Feature", "properties": { "device_id": 375915.0, "UTC_datetime": "2026-02-15T11:36:15Z", "UTC_date": "2026-02-15", "Longitude": 14.055645, "Latitude": 11.45219 }, "geometry": { "type": "Point", "coordinates": [ 14.055645, 11.45219 ] } },
{ "type": "Feature", "properties": { "device_id": 375915.0, "UTC_datetime": "2026-02-15T12:36:34Z", "UTC_date": "2026-02-15", "Longitude": 14.054145, "Latitude": 11.425891 }, "geometry": { "type": "Point", "coordinates": [ 14.054145, 11.425891 ] } },
{ "type": "Feature", "properties": { "device_id": 375915.0, "UTC_datetime": "2026-02-15T13:36:18Z", "UTC_date": "2026-02-15", "Longitude": 14.054228, "Latitude": 11.425852 }, "geometry": { "type": "Point", "coordinates": [ 14.054228, 11.425852 ] } },
{ "type": "Feature", "properties": { "device_id": 375915.0, "UTC_datetime": "2026-02-15T14:36:15Z", "UTC_date": "2026-02-15", "Longitude": 14.074223, "Latitude": 11.421019 }, "geometry": { "type": "Point", "coordinates": [ 14.074223, 11.421019 ] } },
{ "type": "Feature", "properties": { "device_id": 375915.0, "UTC_datetime": "2026-02-16T07:36:16Z", "UTC_date": "2026-02-16", "Longitude": 14.062235, "Latitude": 11.41984 }, "geometry": { "type": "Point", "coordinates": [ 14.062235, 11.41984 ] } },
{ "type": "Feature", "properties": { "device_id": 375915.0, "UTC_datetime": "2026-02-16T08:36:34Z", "UTC_date": "2026-02-16", "Longitude": 14.082289, "Latitude": 11.442458 }, "geometry": { "type": "Point", "coordinates": [ 14.082289, 11.442458 ] } },
{ "type": "Feature", "properties": { "device_id": 375915.0, "UTC_datetime": "2026-02-16T09:36:34Z", "UTC_date": "2026-02-16", "Longitude": 14.089966, "Latitude": 11.445681 }, "geometry": { "type": "Point", "coordinates": [ 14.089966, 11.445681 ] } },
{ "type": "Feature", "properties": { "device_id": 375915.0, "UTC_datetime": "2026-02-16T10:36:17Z", "UTC_date": "2026-02-16", "Longitude": 14.1713, "Latitude": 11.397606 }, "geometry": { "type": "Point", "coordinates": [ 14.1713, 11.397606 ] } },
{ "type": "Feature", "properties": { "device_id": 375915.0, "UTC_datetime": "2026-02-16T11:36:18Z", "UTC_date": "2026-02-16", "Longitude": 14.018855, "Latitude": 11.187454 }, "geometry": { "type": "Point", "coordinates": [ 14.018855, 11.187454 ] } },
{ "type": "Feature", "properties": { "device_id": 375915.0, "UTC_datetime": "2026-02-16T12:36:34Z", "UTC_date": "2026-02-16", "Longitude": 13.889267, "Latitude": 11.244884 }, "geometry": { "type": "Point", "coordinates": [ 13.889267, 11.244884 ] } },
{ "type": "Feature", "properties": { "device_id": 375915.0, "UTC_datetime": "2026-02-16T13:36:18Z", "UTC_date": "2026-02-16", "Longitude": 13.901766, "Latitude": 11.257082 }, "geometry": { "type": "Point", "coordinates": [ 13.901766, 11.257082 ] } },
{ "type": "Feature", "properties": { "device_id": 375915.0, "UTC_datetime": "2026-02-16T14:36:18Z", "UTC_date": "2026-02-16", "Longitude": 14.079135, "Latitude": 11.422786 }, "geometry": { "type": "Point", "coordinates": [ 14.079135, 11.422786 ] } },
{ "type": "Feature", "properties": { "device_id": 375915.0, "UTC_datetime": "2026-02-17T07:36:19Z", "UTC_date": "2026-02-17", "Longitude": 14.062161, "Latitude": 11.41982 }, "geometry": { "type": "Point", "coordinates": [ 14.062161, 11.41982 ] } },
{ "type": "Feature", "properties": { "device_id": 375915.0, "UTC_datetime": "2026-02-17T08:36:34Z", "UTC_date": "2026-02-17", "Longitude": 14.062127, "Latitude": 11.40763 }, "geometry": { "type": "Point", "coordinates": [ 14.062127, 11.40763 ] } },
{ "type": "Feature", "properties": { "device_id": 375915.0, "UTC_datetime": "2026-02-17T09:36:35Z", "UTC_date": "2026-02-17", "Longitude": 14.063426, "Latitude": 11.408479 }, "geometry": { "type": "Point", "coordinates": [ 14.063426, 11.408479 ] } },
{ "type": "Feature", "properties": { "device_id": 375915.0, "UTC_datetime": "2026-02-17T10:36:17Z", "UTC_date": "2026-02-17", "Longitude": 14.061983, "Latitude": 11.407372 }, "geometry": { "type": "Point", "coordinates": [ 14.061983, 11.407372 ] } },
{ "type": "Feature", "properties": { "device_id": 375915.0, "UTC_datetime": "2026-02-17T11:36:18Z", "UTC_date": "2026-02-17", "Longitude": 14.070276, "Latitude": 11.417463 }, "geometry": { "type": "Point", "coordinates": [ 14.070276, 11.417463 ] } },
{ "type": "Feature", "properties": { "device_id": 375915.0, "UTC_datetime": "2026-02-17T12:36:53Z", "UTC_date": "2026-02-17", "Longitude": 14.070656, "Latitude": 11.418386 }, "geometry": { "type": "Point", "coordinates": [ 14.070656, 11.418386 ] } },
{ "type": "Feature", "properties": { "device_id": 375915.0, "UTC_datetime": "2026-02-17T13:36:35Z", "UTC_date": "2026-02-17", "Longitude": 14.072326, "Latitude": 11.419203 }, "geometry": { "type": "Point", "coordinates": [ 14.072326, 11.419203 ] } },
{ "type": "Feature", "properties": { "device_id": 375915.0, "UTC_datetime": "2026-02-17T14:36:17Z", "UTC_date": "2026-02-17", "Longitude": 14.057528, "Latitude": 11.414712 }, "geometry": { "type": "Point", "coordinates": [ 14.057528, 11.414712 ] } },
{ "type": "Feature", "properties": { "device_id": 375915.0, "UTC_datetime": "2026-02-18T07:36:35Z", "UTC_date": "2026-02-18", "Longitude": 14.062041, "Latitude": 11.407926 }, "geometry": { "type": "Point", "coordinates": [ 14.062041, 11.407926 ] } },
{ "type": "Feature", "properties": { "device_id": 375915.0, "UTC_datetime": "2026-02-18T08:36:19Z", "UTC_date": "2026-02-18", "Longitude": 14.062163, "Latitude": 11.407657 }, "geometry": { "type": "Point", "coordinates": [ 14.062163, 11.407657 ] } },
{ "type": "Feature", "properties": { "device_id": 375915.0, "UTC_datetime": "2026-02-18T09:36:18Z", "UTC_date": "2026-02-18", "Longitude": 14.05487, "Latitude": 11.40732 }, "geometry": { "type": "Point", "coordinates": [ 14.05487, 11.40732 ] } },
{ "type": "Feature", "properties": { "device_id": 375915.0, "UTC_datetime": "2026-02-18T10:36:34Z", "UTC_date": "2026-02-18", "Longitude": 14.054902, "Latitude": 11.407312 }, "geometry": { "type": "Point", "coordinates": [ 14.054902, 11.407312 ] } },
{ "type": "Feature", "properties": { "device_id": 375915.0, "UTC_datetime": "2026-02-18T11:36:19Z", "UTC_date": "2026-02-18", "Longitude": 14.055747, "Latitude": 11.414299 }, "geometry": { "type": "Point", "coordinates": [ 14.055747, 11.414299 ] } },
{ "type": "Feature", "properties": { "device_id": 375915.0, "UTC_datetime": "2026-02-18T12:36:20Z", "UTC_date": "2026-02-18", "Longitude": 14.056104, "Latitude": 11.413883 }, "geometry": { "type": "Point", "coordinates": [ 14.056104, 11.413883 ] } },
{ "type": "Feature", "properties": { "device_id": 375915.0, "UTC_datetime": "2026-02-18T13:36:35Z", "UTC_date": "2026-02-18", "Longitude": 14.049131, "Latitude": 11.417587 }, "geometry": { "type": "Point", "coordinates": [ 14.049131, 11.417587 ] } },
{ "type": "Feature", "properties": { "device_id": 375915.0, "UTC_datetime": "2026-02-18T14:36:35Z", "UTC_date": "2026-02-18", "Longitude": 14.069464, "Latitude": 11.416136 }, "geometry": { "type": "Point", "coordinates": [ 14.069464, 11.416136 ] } },
{ "type": "Feature", "properties": { "device_id": 375915.0, "UTC_datetime": "2026-02-19T07:36:43Z", "UTC_date": "2026-02-19", "Longitude": 14.062203, "Latitude": 11.419824 }, "geometry": { "type": "Point", "coordinates": [ 14.062203, 11.419824 ] } },
{ "type": "Feature", "properties": { "device_id": 375915.0, "UTC_datetime": "2026-02-19T08:36:20Z", "UTC_date": "2026-02-19", "Longitude": 14.056737, "Latitude": 11.423048 }, "geometry": { "type": "Point", "coordinates": [ 14.056737, 11.423048 ] } },
{ "type": "Feature", "properties": { "device_id": 375915.0, "UTC_datetime": "2026-02-19T09:36:42Z", "UTC_date": "2026-02-19", "Longitude": 14.057608, "Latitude": 11.432499 }, "geometry": { "type": "Point", "coordinates": [ 14.057608, 11.432499 ] } },
{ "type": "Feature", "properties": { "device_id": 375915.0, "UTC_datetime": "2026-02-19T10:36:20Z", "UTC_date": "2026-02-19", "Longitude": 14.057693, "Latitude": 11.432129 }, "geometry": { "type": "Point", "coordinates": [ 14.057693, 11.432129 ] } },
{ "type": "Feature", "properties": { "device_id": 375915.0, "UTC_datetime": "2026-02-19T11:36:42Z", "UTC_date": "2026-02-19", "Longitude": 14.055797, "Latitude": 11.414251 }, "geometry": { "type": "Point", "coordinates": [ 14.055797, 11.414251 ] } },
{ "type": "Feature", "properties": { "device_id": 375915.0, "UTC_datetime": "2026-02-19T12:36:50Z", "UTC_date": "2026-02-19", "Longitude": 14.055835, "Latitude": 11.414251 }, "geometry": { "type": "Point", "coordinates": [ 14.055835, 11.414251 ] } },
{ "type": "Feature", "properties": { "device_id": 375915.0, "UTC_datetime": "2026-02-19T13:36:53Z", "UTC_date": "2026-02-19", "Longitude": 14.062253, "Latitude": 11.412719 }, "geometry": { "type": "Point", "coordinates": [ 14.062253, 11.412719 ] } },
{ "type": "Feature", "properties": { "device_id": 375915.0, "UTC_datetime": "2026-02-19T14:36:19Z", "UTC_date": "2026-02-19", "Longitude": 14.062215, "Latitude": 11.418238 }, "geometry": { "type": "Point", "coordinates": [ 14.062215, 11.418238 ] } },
{ "type": "Feature", "properties": { "device_id": 375915.0, "UTC_datetime": "2026-02-20T07:36:23Z", "UTC_date": "2026-02-20", "Longitude": 14.062171, "Latitude": 11.419777 }, "geometry": { "type": "Point", "coordinates": [ 14.062171, 11.419777 ] } },
{ "type": "Feature", "properties": { "device_id": 375915.0, "UTC_datetime": "2026-02-20T08:36:42Z", "UTC_date": "2026-02-20", "Longitude": 14.071203, "Latitude": 11.412924 }, "geometry": { "type": "Point", "coordinates": [ 14.071203, 11.412924 ] } },
{ "type": "Feature", "properties": { "device_id": 375915.0, "UTC_datetime": "2026-02-20T09:36:54Z", "UTC_date": "2026-02-20", "Longitude": 14.054882, "Latitude": 11.40731 }, "geometry": { "type": "Point", "coordinates": [ 14.054882, 11.40731 ] } },
{ "type": "Feature", "properties": { "device_id": 375915.0, "UTC_datetime": "2026-02-20T10:36:21Z", "UTC_date": "2026-02-20", "Longitude": 14.055746, "Latitude": 11.414062 }, "geometry": { "type": "Point", "coordinates": [ 14.055746, 11.414062 ] } },
{ "type": "Feature", "properties": { "device_id": 375915.0, "UTC_datetime": "2026-02-20T11:36:22Z", "UTC_date": "2026-02-20", "Longitude": 14.055821, "Latitude": 11.414054 }, "geometry": { "type": "Point", "coordinates": [ 14.055821, 11.414054 ] } },
{ "type": "Feature", "properties": { "device_id": 375915.0, "UTC_datetime": "2026-02-20T12:36:42Z", "UTC_date": "2026-02-20", "Longitude": 14.06594, "Latitude": 11.400791 }, "geometry": { "type": "Point", "coordinates": [ 14.06594, 11.400791 ] } },
{ "type": "Feature", "properties": { "device_id": 375915.0, "UTC_datetime": "2026-02-20T13:36:23Z", "UTC_date": "2026-02-20", "Longitude": 14.057971, "Latitude": 11.398666 }, "geometry": { "type": "Point", "coordinates": [ 14.057971, 11.398666 ] } },
{ "type": "Feature", "properties": { "device_id": 375915.0, "UTC_datetime": "2026-02-20T14:36:42Z", "UTC_date": "2026-02-20", "Longitude": 14.057972, "Latitude": 11.398611 }, "geometry": { "type": "Point", "coordinates": [ 14.057972, 11.398611 ] } },
{ "type": "Feature", "properties": { "device_id": 375915.0, "UTC_datetime": "2026-02-21T07:36:42Z", "UTC_date": "2026-02-21", "Longitude": 14.06377, "Latitude": 11.391538 }, "geometry": { "type": "Point", "coordinates": [ 14.06377, 11.391538 ] } },
{ "type": "Feature", "properties": { "device_id": 375915.0, "UTC_datetime": "2026-02-21T08:36:28Z", "UTC_date": "2026-02-21", "Longitude": 14.054502, "Latitude": 11.407632 }, "geometry": { "type": "Point", "coordinates": [ 14.054502, 11.407632 ] } },
{ "type": "Feature", "properties": { "device_id": 375915.0, "UTC_datetime": "2026-02-21T09:36:42Z", "UTC_date": "2026-02-21", "Longitude": 14.058873, "Latitude": 11.41864 }, "geometry": { "type": "Point", "coordinates": [ 14.058873, 11.41864 ] } },
{ "type": "Feature", "properties": { "device_id": 375915.0, "UTC_datetime": "2026-02-21T10:36:24Z", "UTC_date": "2026-02-21", "Longitude": 14.046514, "Latitude": 11.407747 }, "geometry": { "type": "Point", "coordinates": [ 14.046514, 11.407747 ] } },
{ "type": "Feature", "properties": { "device_id": 375915.0, "UTC_datetime": "2026-02-21T11:36:53Z", "UTC_date": "2026-02-21", "Longitude": 14.058353, "Latitude": 11.41114 }, "geometry": { "type": "Point", "coordinates": [ 14.058353, 11.41114 ] } },
{ "type": "Feature", "properties": { "device_id": 375915.0, "UTC_datetime": "2026-02-21T12:36:22Z", "UTC_date": "2026-02-21", "Longitude": 14.050991, "Latitude": 11.401144 }, "geometry": { "type": "Point", "coordinates": [ 14.050991, 11.401144 ] } },
{ "type": "Feature", "properties": { "device_id": 375915.0, "UTC_datetime": "2026-02-21T13:36:23Z", "UTC_date": "2026-02-21", "Longitude": 14.054684, "Latitude": 11.41798 }, "geometry": { "type": "Point", "coordinates": [ 14.054684, 11.41798 ] } },
{ "type": "Feature", "properties": { "device_id": 375915.0, "UTC_datetime": "2026-02-21T14:36:42Z", "UTC_date": "2026-02-21", "Longitude": 14.053841, "Latitude": 11.413279 }, "geometry": { "type": "Point", "coordinates": [ 14.053841, 11.413279 ] } },
{ "type": "Feature", "properties": { "device_id": 375915.0, "UTC_datetime": "2026-02-22T07:36:27Z", "UTC_date": "2026-02-22", "Longitude": 14.045506, "Latitude": 11.408423 }, "geometry": { "type": "Point", "coordinates": [ 14.045506, 11.408423 ] } },
{ "type": "Feature", "properties": { "device_id": 375915.0, "UTC_datetime": "2026-02-22T08:36:53Z", "UTC_date": "2026-02-22", "Longitude": 14.054416, "Latitude": 11.418912 }, "geometry": { "type": "Point", "coordinates": [ 14.054416, 11.418912 ] } },
{ "type": "Feature", "properties": { "device_id": 375915.0, "UTC_datetime": "2026-02-22T09:36:25Z", "UTC_date": "2026-02-22", "Longitude": 14.050712, "Latitude": 11.401394 }, "geometry": { "type": "Point", "coordinates": [ 14.050712, 11.401394 ] } },
{ "type": "Feature", "properties": { "device_id": 375915.0, "UTC_datetime": "2026-02-22T10:36:43Z", "UTC_date": "2026-02-22", "Longitude": 14.050216, "Latitude": 11.401337 }, "geometry": { "type": "Point", "coordinates": [ 14.050216, 11.401337 ] } },
{ "type": "Feature", "properties": { "device_id": 375915.0, "UTC_datetime": "2026-02-22T11:36:43Z", "UTC_date": "2026-02-22", "Longitude": 14.048544, "Latitude": 11.399641 }, "geometry": { "type": "Point", "coordinates": [ 14.048544, 11.399641 ] } },
{ "type": "Feature", "properties": { "device_id": 375915.0, "UTC_datetime": "2026-02-22T12:36:59Z", "UTC_date": "2026-02-22", "Longitude": 14.048802, "Latitude": 11.394216 }, "geometry": { "type": "Point", "coordinates": [ 14.048802, 11.394216 ] } },
{ "type": "Feature", "properties": { "device_id": 375915.0, "UTC_datetime": "2026-02-22T13:36:25Z", "UTC_date": "2026-02-22", "Longitude": 14.058385, "Latitude": 11.41272 }, "geometry": { "type": "Point", "coordinates": [ 14.058385, 11.41272 ] } },
{ "type": "Feature", "properties": { "device_id": 375915.0, "UTC_datetime": "2026-02-22T14:36:24Z", "UTC_date": "2026-02-22", "Longitude": 14.048862, "Latitude": 11.411504 }, "geometry": { "type": "Point", "coordinates": [ 14.048862, 11.411504 ] } },
{ "type": "Feature", "properties": { "device_id": 375915.0, "UTC_datetime": "2026-02-23T07:36:43Z", "UTC_date": "2026-02-23", "Longitude": 14.062133, "Latitude": 11.419777 }, "geometry": { "type": "Point", "coordinates": [ 14.062133, 11.419777 ] } },
{ "type": "Feature", "properties": { "device_id": 375915.0, "UTC_datetime": "2026-02-23T08:36:59Z", "UTC_date": "2026-02-23", "Longitude": 14.107475, "Latitude": 11.446874 }, "geometry": { "type": "Point", "coordinates": [ 14.107475, 11.446874 ] } },
{ "type": "Feature", "properties": { "device_id": 375915.0, "UTC_datetime": "2026-02-23T09:36:43Z", "UTC_date": "2026-02-23", "Longitude": 14.053392, "Latitude": 11.413702 }, "geometry": { "type": "Point", "coordinates": [ 14.053392, 11.413702 ] } },
{ "type": "Feature", "properties": { "device_id": 375915.0, "UTC_datetime": "2026-02-23T10:36:28Z", "UTC_date": "2026-02-23", "Longitude": 14.054288, "Latitude": 11.42606 }, "geometry": { "type": "Point", "coordinates": [ 14.054288, 11.42606 ] } },
{ "type": "Feature", "properties": { "device_id": 375915.0, "UTC_datetime": "2026-02-23T11:36:43Z", "UTC_date": "2026-02-23", "Longitude": 14.054152, "Latitude": 11.425874 }, "geometry": { "type": "Point", "coordinates": [ 14.054152, 11.425874 ] } },
{ "type": "Feature", "properties": { "device_id": 375915.0, "UTC_datetime": "2026-02-23T12:36:44Z", "UTC_date": "2026-02-23", "Longitude": 14.047479, "Latitude": 11.434531 }, "geometry": { "type": "Point", "coordinates": [ 14.047479, 11.434531 ] } },
{ "type": "Feature", "properties": { "device_id": 375915.0, "UTC_datetime": "2026-02-23T13:36:45Z", "UTC_date": "2026-02-23", "Longitude": 14.065865, "Latitude": 11.416517 }, "geometry": { "type": "Point", "coordinates": [ 14.065865, 11.416517 ] } },
{ "type": "Feature", "properties": { "device_id": 375915.0, "UTC_datetime": "2026-02-23T14:36:44Z", "UTC_date": "2026-02-23", "Longitude": 14.059183, "Latitude": 11.420489 }, "geometry": { "type": "Point", "coordinates": [ 14.059183, 11.420489 ] } },
{ "type": "Feature", "properties": { "device_id": 375915.0, "UTC_datetime": "2026-02-24T07:36:26Z", "UTC_date": "2026-02-24", "Longitude": 14.061906, "Latitude": 11.419655 }, "geometry": { "type": "Point", "coordinates": [ 14.061906, 11.419655 ] } },
{ "type": "Feature", "properties": { "device_id": 375915.0, "UTC_datetime": "2026-02-24T08:36:44Z", "UTC_date": "2026-02-24", "Longitude": 14.055795, "Latitude": 11.414222 }, "geometry": { "type": "Point", "coordinates": [ 14.055795, 11.414222 ] } },
{ "type": "Feature", "properties": { "device_id": 375915.0, "UTC_datetime": "2026-02-24T09:36:59Z", "UTC_date": "2026-02-24", "Longitude": 14.055808, "Latitude": 11.414247 }, "geometry": { "type": "Point", "coordinates": [ 14.055808, 11.414247 ] } },
{ "type": "Feature", "properties": { "device_id": 375915.0, "UTC_datetime": "2026-02-24T10:37:13Z", "UTC_date": "2026-02-24", "Longitude": 14.055769, "Latitude": 11.414255 }, "geometry": { "type": "Point", "coordinates": [ 14.055769, 11.414255 ] } },
{ "type": "Feature", "properties": { "device_id": 375915.0, "UTC_datetime": "2026-02-24T11:36:31Z", "UTC_date": "2026-02-24", "Longitude": 14.05578, "Latitude": 11.414124 }, "geometry": { "type": "Point", "coordinates": [ 14.05578, 11.414124 ] } },
{ "type": "Feature", "properties": { "device_id": 375915.0, "UTC_datetime": "2026-02-24T12:36:59Z", "UTC_date": "2026-02-24", "Longitude": 14.055738, "Latitude": 11.414237 }, "geometry": { "type": "Point", "coordinates": [ 14.055738, 11.414237 ] } },
{ "type": "Feature", "properties": { "device_id": 375915.0, "UTC_datetime": "2026-02-24T13:36:27Z", "UTC_date": "2026-02-24", "Longitude": 14.040034, "Latitude": 11.424519 }, "geometry": { "type": "Point", "coordinates": [ 14.040034, 11.424519 ] } },
{ "type": "Feature", "properties": { "device_id": 375915.0, "UTC_datetime": "2026-02-24T14:36:43Z", "UTC_date": "2026-02-24", "Longitude": 14.070892, "Latitude": 11.417319 }, "geometry": { "type": "Point", "coordinates": [ 14.070892, 11.417319 ] } },
{ "type": "Feature", "properties": { "device_id": 375915.0, "UTC_datetime": "2026-02-25T07:36:29Z", "UTC_date": "2026-02-25", "Longitude": 14.061436, "Latitude": 11.418828 }, "geometry": { "type": "Point", "coordinates": [ 14.061436, 11.418828 ] } },
{ "type": "Feature", "properties": { "device_id": 375915.0, "UTC_datetime": "2026-02-25T08:37:05Z", "UTC_date": "2026-02-25", "Longitude": 14.055736, "Latitude": 11.414303 }, "geometry": { "type": "Point", "coordinates": [ 14.055736, 11.414303 ] } },
{ "type": "Feature", "properties": { "device_id": 375915.0, "UTC_datetime": "2026-02-25T09:36:29Z", "UTC_date": "2026-02-25", "Longitude": 14.055731, "Latitude": 11.414301 }, "geometry": { "type": "Point", "coordinates": [ 14.055731, 11.414301 ] } },
{ "type": "Feature", "properties": { "device_id": 375915.0, "UTC_datetime": "2026-02-25T10:36:28Z", "UTC_date": "2026-02-25", "Longitude": 14.055761, "Latitude": 11.414265 }, "geometry": { "type": "Point", "coordinates": [ 14.055761, 11.414265 ] } },
{ "type": "Feature", "properties": { "device_id": 375915.0, "UTC_datetime": "2026-02-25T11:36:29Z", "UTC_date": "2026-02-25", "Longitude": 14.055714, "Latitude": 11.414277 }, "geometry": { "type": "Point", "coordinates": [ 14.055714, 11.414277 ] } },
{ "type": "Feature", "properties": { "device_id": 375915.0, "UTC_datetime": "2026-02-25T12:36:58Z", "UTC_date": "2026-02-25", "Longitude": 14.054614, "Latitude": 11.416016 }, "geometry": { "type": "Point", "coordinates": [ 14.054614, 11.416016 ] } },
{ "type": "Feature", "properties": { "device_id": 375915.0, "UTC_datetime": "2026-02-25T13:36:43Z", "UTC_date": "2026-02-25", "Longitude": 14.055746, "Latitude": 11.414303 }, "geometry": { "type": "Point", "coordinates": [ 14.055746, 11.414303 ] } },
{ "type": "Feature", "properties": { "device_id": 375915.0, "UTC_datetime": "2026-02-25T14:36:28Z", "UTC_date": "2026-02-25", "Longitude": 14.055827, "Latitude": 11.414181 }, "geometry": { "type": "Point", "coordinates": [ 14.055827, 11.414181 ] } },
{ "type": "Feature", "properties": { "device_id": 375915.0, "UTC_datetime": "2026-02-26T07:36:30Z", "UTC_date": "2026-02-26", "Longitude": 14.043439, "Latitude": 11.395797 }, "geometry": { "type": "Point", "coordinates": [ 14.043439, 11.395797 ] } },
{ "type": "Feature", "properties": { "device_id": 375915.0, "UTC_datetime": "2026-02-26T08:36:43Z", "UTC_date": "2026-02-26", "Longitude": 14.079185, "Latitude": 11.422607 }, "geometry": { "type": "Point", "coordinates": [ 14.079185, 11.422607 ] } },
{ "type": "Feature", "properties": { "device_id": 375915.0, "UTC_datetime": "2026-02-26T09:36:30Z", "UTC_date": "2026-02-26", "Longitude": 14.053482, "Latitude": 11.408326 }, "geometry": { "type": "Point", "coordinates": [ 14.053482, 11.408326 ] } },
{ "type": "Feature", "properties": { "device_id": 375915.0, "UTC_datetime": "2026-02-26T10:36:42Z", "UTC_date": "2026-02-26", "Longitude": 14.06876, "Latitude": 11.397971 }, "geometry": { "type": "Point", "coordinates": [ 14.06876, 11.397971 ] } },
{ "type": "Feature", "properties": { "device_id": 375915.0, "UTC_datetime": "2026-02-26T11:36:31Z", "UTC_date": "2026-02-26", "Longitude": 14.055643, "Latitude": 11.414203 }, "geometry": { "type": "Point", "coordinates": [ 14.055643, 11.414203 ] } },
{ "type": "Feature", "properties": { "device_id": 375915.0, "UTC_datetime": "2026-02-26T12:36:59Z", "UTC_date": "2026-02-26", "Longitude": 14.055768, "Latitude": 11.414288 }, "geometry": { "type": "Point", "coordinates": [ 14.055768, 11.414288 ] } },
{ "type": "Feature", "properties": { "device_id": 375915.0, "UTC_datetime": "2026-02-26T13:36:36Z", "UTC_date": "2026-02-26", "Longitude": 14.055627, "Latitude": 11.414307 }, "geometry": { "type": "Point", "coordinates": [ 14.055627, 11.414307 ] } },
{ "type": "Feature", "properties": { "device_id": 375915.0, "UTC_datetime": "2026-02-26T14:36:42Z", "UTC_date": "2026-02-26", "Longitude": 14.055305, "Latitude": 11.414536 }, "geometry": { "type": "Point", "coordinates": [ 14.055305, 11.414536 ] } },
{ "type": "Feature", "properties": { "device_id": 375915.0, "UTC_datetime": "2026-02-27T07:36:59Z", "UTC_date": "2026-02-27", "Longitude": 14.063561, "Latitude": 11.376167 }, "geometry": { "type": "Point", "coordinates": [ 14.063561, 11.376167 ] } },
{ "type": "Feature", "properties": { "device_id": 375915.0, "UTC_datetime": "2026-02-27T08:36:31Z", "UTC_date": "2026-02-27", "Longitude": 14.077901, "Latitude": 11.4103 }, "geometry": { "type": "Point", "coordinates": [ 14.077901, 11.4103 ] } },
{ "type": "Feature", "properties": { "device_id": 375915.0, "UTC_datetime": "2026-02-27T09:36:31Z", "UTC_date": "2026-02-27", "Longitude": 14.05571, "Latitude": 11.414283 }, "geometry": { "type": "Point", "coordinates": [ 14.05571, 11.414283 ] } },
{ "type": "Feature", "properties": { "device_id": 375915.0, "UTC_datetime": "2026-02-27T10:36:59Z", "UTC_date": "2026-02-27", "Longitude": 14.055732, "Latitude": 11.414291 }, "geometry": { "type": "Point", "coordinates": [ 14.055732, 11.414291 ] } },
{ "type": "Feature", "properties": { "device_id": 375915.0, "UTC_datetime": "2026-02-27T11:36:43Z", "UTC_date": "2026-02-27", "Longitude": 14.055769, "Latitude": 11.414247 }, "geometry": { "type": "Point", "coordinates": [ 14.055769, 11.414247 ] } },
{ "type": "Feature", "properties": { "device_id": 375915.0, "UTC_datetime": "2026-02-27T12:36:59Z", "UTC_date": "2026-02-27", "Longitude": 14.055729, "Latitude": 11.414248 }, "geometry": { "type": "Point", "coordinates": [ 14.055729, 11.414248 ] } },
{ "type": "Feature", "properties": { "device_id": 375915.0, "UTC_datetime": "2026-02-27T13:36:43Z", "UTC_date": "2026-02-27", "Longitude": 14.061153, "Latitude": 11.398083 }, "geometry": { "type": "Point", "coordinates": [ 14.061153, 11.398083 ] } },
{ "type": "Feature", "properties": { "device_id": 375915.0, "UTC_datetime": "2026-02-27T14:36:43Z", "UTC_date": "2026-02-27", "Longitude": 14.064372, "Latitude": 11.401604 }, "geometry": { "type": "Point", "coordinates": [ 14.064372, 11.401604 ] } },
{ "type": "Feature", "properties": { "device_id": 375915.0, "UTC_datetime": "2026-02-28T07:36:43Z", "UTC_date": "2026-02-28", "Longitude": 14.080627, "Latitude": 11.374389 }, "geometry": { "type": "Point", "coordinates": [ 14.080627, 11.374389 ] } },
{ "type": "Feature", "properties": { "device_id": 375915.0, "UTC_datetime": "2026-02-28T08:36:43Z", "UTC_date": "2026-02-28", "Longitude": 14.056437, "Latitude": 11.425795 }, "geometry": { "type": "Point", "coordinates": [ 14.056437, 11.425795 ] } },
{ "type": "Feature", "properties": { "device_id": 375915.0, "UTC_datetime": "2026-02-28T09:37:06Z", "UTC_date": "2026-02-28", "Longitude": 14.055775, "Latitude": 11.414295 }, "geometry": { "type": "Point", "coordinates": [ 14.055775, 11.414295 ] } },
{ "type": "Feature", "properties": { "device_id": 375915.0, "UTC_datetime": "2026-02-28T10:36:32Z", "UTC_date": "2026-02-28", "Longitude": 14.055851, "Latitude": 11.414213 }, "geometry": { "type": "Point", "coordinates": [ 14.055851, 11.414213 ] } },
{ "type": "Feature", "properties": { "device_id": 375915.0, "UTC_datetime": "2026-02-28T11:36:43Z", "UTC_date": "2026-02-28", "Longitude": 14.055598, "Latitude": 11.414228 }, "geometry": { "type": "Point", "coordinates": [ 14.055598, 11.414228 ] } },
{ "type": "Feature", "properties": { "device_id": 375915.0, "UTC_datetime": "2026-02-28T12:37:04Z", "UTC_date": "2026-02-28", "Longitude": 14.069324, "Latitude": 11.422593 }, "geometry": { "type": "Point", "coordinates": [ 14.069324, 11.422593 ] } },
{ "type": "Feature", "properties": { "device_id": 375915.0, "UTC_datetime": "2026-02-28T13:36:32Z", "UTC_date": "2026-02-28", "Longitude": 14.05406, "Latitude": 11.4126 }, "geometry": { "type": "Point", "coordinates": [ 14.05406, 11.4126 ] } },
{ "type": "Feature", "properties": { "device_id": 375915.0, "UTC_datetime": "2026-02-28T14:36:32Z", "UTC_date": "2026-02-28", "Longitude": 14.066806, "Latitude": 11.425105 }, "geometry": { "type": "Point", "coordinates": [ 14.066806, 11.425105 ] } },
{ "type": "Feature", "properties": { "device_id": 375915.0, "UTC_datetime": "2026-03-01T07:36:33Z", "UTC_date": "2026-03-01", "Longitude": 14.06816, "Latitude": 11.420023 }, "geometry": { "type": "Point", "coordinates": [ 14.06816, 11.420023 ] } },
{ "type": "Feature", "properties": { "device_id": 375915.0, "UTC_datetime": "2026-03-01T08:36:33Z", "UTC_date": "2026-03-01", "Longitude": 14.071085, "Latitude": 11.421576 }, "geometry": { "type": "Point", "coordinates": [ 14.071085, 11.421576 ] } },
{ "type": "Feature", "properties": { "device_id": 375915.0, "UTC_datetime": "2026-03-01T09:36:43Z", "UTC_date": "2026-03-01", "Longitude": 14.085165, "Latitude": 11.45076 }, "geometry": { "type": "Point", "coordinates": [ 14.085165, 11.45076 ] } },
{ "type": "Feature", "properties": { "device_id": 375915.0, "UTC_datetime": "2026-03-01T10:37:04Z", "UTC_date": "2026-03-01", "Longitude": 14.093805, "Latitude": 11.426051 }, "geometry": { "type": "Point", "coordinates": [ 14.093805, 11.426051 ] } },
{ "type": "Feature", "properties": { "device_id": 375915.0, "UTC_datetime": "2026-03-01T11:36:33Z", "UTC_date": "2026-03-01", "Longitude": 14.080311, "Latitude": 11.41923 }, "geometry": { "type": "Point", "coordinates": [ 14.080311, 11.41923 ] } },
{ "type": "Feature", "properties": { "device_id": 375915.0, "UTC_datetime": "2026-03-01T12:36:35Z", "UTC_date": "2026-03-01", "Longitude": 14.084743, "Latitude": 11.423399 }, "geometry": { "type": "Point", "coordinates": [ 14.084743, 11.423399 ] } },
{ "type": "Feature", "properties": { "device_id": 375915.0, "UTC_datetime": "2026-03-01T13:36:43Z", "UTC_date": "2026-03-01", "Longitude": 14.043482, "Latitude": 11.412119 }, "geometry": { "type": "Point", "coordinates": [ 14.043482, 11.412119 ] } },
{ "type": "Feature", "properties": { "device_id": 375915.0, "UTC_datetime": "2026-03-01T14:37:04Z", "UTC_date": "2026-03-01", "Longitude": 14.047236, "Latitude": 11.402546 }, "geometry": { "type": "Point", "coordinates": [ 14.047236, 11.402546 ] } },
{ "type": "Feature", "properties": { "device_id": 375915.0, "UTC_datetime": "2026-03-02T07:36:33Z", "UTC_date": "2026-03-02", "Longitude": 14.048205, "Latitude": 11.383889 }, "geometry": { "type": "Point", "coordinates": [ 14.048205, 11.383889 ] } },
{ "type": "Feature", "properties": { "device_id": 375915.0, "UTC_datetime": "2026-03-02T08:36:34Z", "UTC_date": "2026-03-02", "Longitude": 14.095042, "Latitude": 11.450781 }, "geometry": { "type": "Point", "coordinates": [ 14.095042, 11.450781 ] } },
{ "type": "Feature", "properties": { "device_id": 375915.0, "UTC_datetime": "2026-03-02T09:37:05Z", "UTC_date": "2026-03-02", "Longitude": 14.086941, "Latitude": 11.435337 }, "geometry": { "type": "Point", "coordinates": [ 14.086941, 11.435337 ] } },
{ "type": "Feature", "properties": { "device_id": 375915.0, "UTC_datetime": "2026-03-02T10:36:34Z", "UTC_date": "2026-03-02", "Longitude": 14.050118, "Latitude": 11.411326 }, "geometry": { "type": "Point", "coordinates": [ 14.050118, 11.411326 ] } },
{ "type": "Feature", "properties": { "device_id": 375915.0, "UTC_datetime": "2026-03-02T11:36:35Z", "UTC_date": "2026-03-02", "Longitude": 14.055754, "Latitude": 11.414206 }, "geometry": { "type": "Point", "coordinates": [ 14.055754, 11.414206 ] } },
{ "type": "Feature", "properties": { "device_id": 375915.0, "UTC_datetime": "2026-03-02T12:37:04Z", "UTC_date": "2026-03-02", "Longitude": 14.055749, "Latitude": 11.414264 }, "geometry": { "type": "Point", "coordinates": [ 14.055749, 11.414264 ] } },
{ "type": "Feature", "properties": { "device_id": 375915.0, "UTC_datetime": "2026-03-02T13:36:34Z", "UTC_date": "2026-03-02", "Longitude": 14.071699, "Latitude": 11.421195 }, "geometry": { "type": "Point", "coordinates": [ 14.071699, 11.421195 ] } },
{ "type": "Feature", "properties": { "device_id": 375915.0, "UTC_datetime": "2026-03-02T14:36:34Z", "UTC_date": "2026-03-02", "Longitude": 14.056208, "Latitude": 11.413427 }, "geometry": { "type": "Point", "coordinates": [ 14.056208, 11.413427 ] } },
{ "type": "Feature", "properties": { "device_id": 375915.0, "UTC_datetime": "2026-03-03T07:36:36Z", "UTC_date": "2026-03-03", "Longitude": 14.051844, "Latitude": 11.405037 }, "geometry": { "type": "Point", "coordinates": [ 14.051844, 11.405037 ] } },
{ "type": "Feature", "properties": { "device_id": 375915.0, "UTC_datetime": "2026-03-03T08:37:04Z", "UTC_date": "2026-03-03", "Longitude": 14.094283, "Latitude": 11.45422 }, "geometry": { "type": "Point", "coordinates": [ 14.094283, 11.45422 ] } },
{ "type": "Feature", "properties": { "device_id": 375915.0, "UTC_datetime": "2026-03-03T09:36:36Z", "UTC_date": "2026-03-03", "Longitude": 14.05572, "Latitude": 11.414342 }, "geometry": { "type": "Point", "coordinates": [ 14.05572, 11.414342 ] } },
{ "type": "Feature", "properties": { "device_id": 375915.0, "UTC_datetime": "2026-03-03T10:37:05Z", "UTC_date": "2026-03-03", "Longitude": 14.055738, "Latitude": 11.414287 }, "geometry": { "type": "Point", "coordinates": [ 14.055738, 11.414287 ] } },
{ "type": "Feature", "properties": { "device_id": 375915.0, "UTC_datetime": "2026-03-03T11:36:37Z", "UTC_date": "2026-03-03", "Longitude": 14.055655, "Latitude": 11.414327 }, "geometry": { "type": "Point", "coordinates": [ 14.055655, 11.414327 ] } },
{ "type": "Feature", "properties": { "device_id": 375915.0, "UTC_datetime": "2026-03-03T12:36:40Z", "UTC_date": "2026-03-03", "Longitude": 14.055657, "Latitude": 11.41431 }, "geometry": { "type": "Point", "coordinates": [ 14.055657, 11.41431 ] } },
{ "type": "Feature", "properties": { "device_id": 375915.0, "UTC_datetime": "2026-03-03T13:37:05Z", "UTC_date": "2026-03-03", "Longitude": 14.057846, "Latitude": 11.400439 }, "geometry": { "type": "Point", "coordinates": [ 14.057846, 11.400439 ] } },
{ "type": "Feature", "properties": { "device_id": 375915.0, "UTC_datetime": "2026-03-03T14:36:35Z", "UTC_date": "2026-03-03", "Longitude": 14.0735, "Latitude": 11.425522 }, "geometry": { "type": "Point", "coordinates": [ 14.0735, 11.425522 ] } },
{ "type": "Feature", "properties": { "device_id": 375915.0, "UTC_datetime": "2026-03-04T07:36:37Z", "UTC_date": "2026-03-04", "Longitude": 14.054553, "Latitude": 11.400234 }, "geometry": { "type": "Point", "coordinates": [ 14.054553, 11.400234 ] } },
{ "type": "Feature", "properties": { "device_id": 375915.0, "UTC_datetime": "2026-03-04T08:37:09Z", "UTC_date": "2026-03-04", "Longitude": 14.055738, "Latitude": 11.414305 }, "geometry": { "type": "Point", "coordinates": [ 14.055738, 11.414305 ] } },
{ "type": "Feature", "properties": { "device_id": 375915.0, "UTC_datetime": "2026-03-04T09:36:37Z", "UTC_date": "2026-03-04", "Longitude": 14.05571, "Latitude": 11.41426 }, "geometry": { "type": "Point", "coordinates": [ 14.05571, 11.41426 ] } },
{ "type": "Feature", "properties": { "device_id": 375915.0, "UTC_datetime": "2026-03-04T10:36:39Z", "UTC_date": "2026-03-04", "Longitude": 14.050145, "Latitude": 11.411325 }, "geometry": { "type": "Point", "coordinates": [ 14.050145, 11.411325 ] } },
{ "type": "Feature", "properties": { "device_id": 375915.0, "UTC_datetime": "2026-03-04T11:36:39Z", "UTC_date": "2026-03-04", "Longitude": 14.050012, "Latitude": 11.411488 }, "geometry": { "type": "Point", "coordinates": [ 14.050012, 11.411488 ] } },
{ "type": "Feature", "properties": { "device_id": 375915.0, "UTC_datetime": "2026-03-04T12:37:04Z", "UTC_date": "2026-03-04", "Longitude": 14.048084, "Latitude": 11.406345 }, "geometry": { "type": "Point", "coordinates": [ 14.048084, 11.406345 ] } },
{ "type": "Feature", "properties": { "device_id": 375915.0, "UTC_datetime": "2026-03-04T13:36:39Z", "UTC_date": "2026-03-04", "Longitude": 14.055796, "Latitude": 11.41426 }, "geometry": { "type": "Point", "coordinates": [ 14.055796, 11.41426 ] } },
{ "type": "Feature", "properties": { "device_id": 375915.0, "UTC_datetime": "2026-03-04T14:36:39Z", "UTC_date": "2026-03-04", "Longitude": 14.061635, "Latitude": 11.418528 }, "geometry": { "type": "Point", "coordinates": [ 14.061635, 11.418528 ] } },
{ "type": "Feature", "properties": { "device_id": 375915.0, "UTC_datetime": "2026-03-05T07:36:39Z", "UTC_date": "2026-03-05", "Longitude": 14.05601, "Latitude": 11.414816 }, "geometry": { "type": "Point", "coordinates": [ 14.05601, 11.414816 ] } },
{ "type": "Feature", "properties": { "device_id": 375915.0, "UTC_datetime": "2026-03-05T08:37:05Z", "UTC_date": "2026-03-05", "Longitude": 14.055747, "Latitude": 11.414273 }, "geometry": { "type": "Point", "coordinates": [ 14.055747, 11.414273 ] } },
{ "type": "Feature", "properties": { "device_id": 375915.0, "UTC_datetime": "2026-03-05T09:36:40Z", "UTC_date": "2026-03-05", "Longitude": 14.055753, "Latitude": 11.414294 }, "geometry": { "type": "Point", "coordinates": [ 14.055753, 11.414294 ] } },
{ "type": "Feature", "properties": { "device_id": 375915.0, "UTC_datetime": "2026-03-05T10:37:05Z", "UTC_date": "2026-03-05", "Longitude": 14.055735, "Latitude": 11.414288 }, "geometry": { "type": "Point", "coordinates": [ 14.055735, 11.414288 ] } },
{ "type": "Feature", "properties": { "device_id": 375915.0, "UTC_datetime": "2026-03-05T11:36:40Z", "UTC_date": "2026-03-05", "Longitude": 14.055618, "Latitude": 11.414347 }, "geometry": { "type": "Point", "coordinates": [ 14.055618, 11.414347 ] } },
{ "type": "Feature", "properties": { "device_id": 375915.0, "UTC_datetime": "2026-03-05T12:37:05Z", "UTC_date": "2026-03-05", "Longitude": 14.073859, "Latitude": 11.427772 }, "geometry": { "type": "Point", "coordinates": [ 14.073859, 11.427772 ] } },
{ "type": "Feature", "properties": { "device_id": 375915.0, "UTC_datetime": "2026-03-05T13:36:40Z", "UTC_date": "2026-03-05", "Longitude": 14.058105, "Latitude": 11.40954 }, "geometry": { "type": "Point", "coordinates": [ 14.058105, 11.40954 ] } },
{ "type": "Feature", "properties": { "device_id": 375915.0, "UTC_datetime": "2026-03-05T14:37:05Z", "UTC_date": "2026-03-05", "Longitude": 14.058219, "Latitude": 11.413446 }, "geometry": { "type": "Point", "coordinates": [ 14.058219, 11.413446 ] } },
{ "type": "Feature", "properties": { "device_id": 375915.0, "UTC_datetime": "2026-03-06T07:36:41Z", "UTC_date": "2026-03-06", "Longitude": 14.050449, "Latitude": 11.385604 }, "geometry": { "type": "Point", "coordinates": [ 14.050449, 11.385604 ] } },
{ "type": "Feature", "properties": { "device_id": 375915.0, "UTC_datetime": "2026-03-06T08:37:05Z", "UTC_date": "2026-03-06", "Longitude": 14.089343, "Latitude": 11.417292 }, "geometry": { "type": "Point", "coordinates": [ 14.089343, 11.417292 ] } },
{ "type": "Feature", "properties": { "device_id": 375915.0, "UTC_datetime": "2026-03-06T09:36:40Z", "UTC_date": "2026-03-06", "Longitude": 14.089664, "Latitude": 11.417745 }, "geometry": { "type": "Point", "coordinates": [ 14.089664, 11.417745 ] } },
{ "type": "Feature", "properties": { "device_id": 375915.0, "UTC_datetime": "2026-03-06T10:36:41Z", "UTC_date": "2026-03-06", "Longitude": 14.055952, "Latitude": 11.414239 }, "geometry": { "type": "Point", "coordinates": [ 14.055952, 11.414239 ] } },
{ "type": "Feature", "properties": { "device_id": 375915.0, "UTC_datetime": "2026-03-06T11:36:47Z", "UTC_date": "2026-03-06", "Longitude": 14.055784, "Latitude": 11.414246 }, "geometry": { "type": "Point", "coordinates": [ 14.055784, 11.414246 ] } },
{ "type": "Feature", "properties": { "device_id": 375915.0, "UTC_datetime": "2026-03-06T12:37:04Z", "UTC_date": "2026-03-06", "Longitude": 14.055758, "Latitude": 11.414275 }, "geometry": { "type": "Point", "coordinates": [ 14.055758, 11.414275 ] } },
{ "type": "Feature", "properties": { "device_id": 375915.0, "UTC_datetime": "2026-03-06T13:36:42Z", "UTC_date": "2026-03-06", "Longitude": 13.950154, "Latitude": 11.275414 }, "geometry": { "type": "Point", "coordinates": [ 13.950154, 11.275414 ] } },
{ "type": "Feature", "properties": { "device_id": 375915.0, "UTC_datetime": "2026-03-06T14:36:41Z", "UTC_date": "2026-03-06", "Longitude": 13.85216, "Latitude": 11.206286 }, "geometry": { "type": "Point", "coordinates": [ 13.85216, 11.206286 ] } },
{ "type": "Feature", "properties": { "device_id": 375915.0, "UTC_datetime": "2026-03-07T07:36:41Z", "UTC_date": "2026-03-07", "Longitude": 13.866917, "Latitude": 11.287557 }, "geometry": { "type": "Point", "coordinates": [ 13.866917, 11.287557 ] } },
{ "type": "Feature", "properties": { "device_id": 375915.0, "UTC_datetime": "2026-03-07T08:36:43Z", "UTC_date": "2026-03-07", "Longitude": 13.858763, "Latitude": 11.328583 }, "geometry": { "type": "Point", "coordinates": [ 13.858763, 11.328583 ] } },
{ "type": "Feature", "properties": { "device_id": 375915.0, "UTC_datetime": "2026-03-07T09:36:43Z", "UTC_date": "2026-03-07", "Longitude": 13.837406, "Latitude": 11.377235 }, "geometry": { "type": "Point", "coordinates": [ 13.837406, 11.377235 ] } },
{ "type": "Feature", "properties": { "device_id": 375915.0, "UTC_datetime": "2026-03-07T10:37:04Z", "UTC_date": "2026-03-07", "Longitude": 14.054697, "Latitude": 11.411631 }, "geometry": { "type": "Point", "coordinates": [ 14.054697, 11.411631 ] } },
{ "type": "Feature", "properties": { "device_id": 375915.0, "UTC_datetime": "2026-03-07T11:36:42Z", "UTC_date": "2026-03-07", "Longitude": 14.055788, "Latitude": 11.413885 }, "geometry": { "type": "Point", "coordinates": [ 14.055788, 11.413885 ] } },
{ "type": "Feature", "properties": { "device_id": 375915.0, "UTC_datetime": "2026-03-07T12:36:42Z", "UTC_date": "2026-03-07", "Longitude": 14.055312, "Latitude": 11.410354 }, "geometry": { "type": "Point", "coordinates": [ 14.055312, 11.410354 ] } },
{ "type": "Feature", "properties": { "device_id": 375915.0, "UTC_datetime": "2026-03-07T13:36:43Z", "UTC_date": "2026-03-07", "Longitude": 14.045621, "Latitude": 11.406281 }, "geometry": { "type": "Point", "coordinates": [ 14.045621, 11.406281 ] } },
{ "type": "Feature", "properties": { "device_id": 375915.0, "UTC_datetime": "2026-03-07T14:37:04Z", "UTC_date": "2026-03-07", "Longitude": 14.060408, "Latitude": 11.413494 }, "geometry": { "type": "Point", "coordinates": [ 14.060408, 11.413494 ] } },
{ "type": "Feature", "properties": { "device_id": 375915.0, "UTC_datetime": "2026-03-08T07:36:45Z", "UTC_date": "2026-03-08", "Longitude": 14.062218, "Latitude": 11.419752 }, "geometry": { "type": "Point", "coordinates": [ 14.062218, 11.419752 ] } },
{ "type": "Feature", "properties": { "device_id": 375915.0, "UTC_datetime": "2026-03-08T08:37:04Z", "UTC_date": "2026-03-08", "Longitude": 14.099357, "Latitude": 11.422665 }, "geometry": { "type": "Point", "coordinates": [ 14.099357, 11.422665 ] } },
{ "type": "Feature", "properties": { "device_id": 375915.0, "UTC_datetime": "2026-03-08T09:36:47Z", "UTC_date": "2026-03-08", "Longitude": 14.055706, "Latitude": 11.414289 }, "geometry": { "type": "Point", "coordinates": [ 14.055706, 11.414289 ] } },
{ "type": "Feature", "properties": { "device_id": 375915.0, "UTC_datetime": "2026-03-08T10:37:05Z", "UTC_date": "2026-03-08", "Longitude": 14.055745, "Latitude": 11.414259 }, "geometry": { "type": "Point", "coordinates": [ 14.055745, 11.414259 ] } },
{ "type": "Feature", "properties": { "device_id": 375915.0, "UTC_datetime": "2026-03-08T11:36:45Z", "UTC_date": "2026-03-08", "Longitude": 14.055743, "Latitude": 11.414066 }, "geometry": { "type": "Point", "coordinates": [ 14.055743, 11.414066 ] } },
{ "type": "Feature", "properties": { "device_id": 375915.0, "UTC_datetime": "2026-03-08T12:36:43Z", "UTC_date": "2026-03-08", "Longitude": 14.055748, "Latitude": 11.414791 }, "geometry": { "type": "Point", "coordinates": [ 14.055748, 11.414791 ] } },
{ "type": "Feature", "properties": { "device_id": 375915.0, "UTC_datetime": "2026-03-08T13:36:44Z", "UTC_date": "2026-03-08", "Longitude": 13.972739, "Latitude": 11.26732 }, "geometry": { "type": "Point", "coordinates": [ 13.972739, 11.26732 ] } },
{ "type": "Feature", "properties": { "device_id": 375915.0, "UTC_datetime": "2026-03-08T14:37:04Z", "UTC_date": "2026-03-08", "Longitude": 13.818466, "Latitude": 11.115474 }, "geometry": { "type": "Point", "coordinates": [ 13.818466, 11.115474 ] } },
{ "type": "Feature", "properties": { "device_id": 375915.0, "UTC_datetime": "2026-03-09T07:37:05Z", "UTC_date": "2026-03-09", "Longitude": 13.862468, "Latitude": 11.054634 }, "geometry": { "type": "Point", "coordinates": [ 13.862468, 11.054634 ] } },
{ "type": "Feature", "properties": { "device_id": 375915.0, "UTC_datetime": "2026-03-09T08:36:45Z", "UTC_date": "2026-03-09", "Longitude": 13.828549, "Latitude": 11.040281 }, "geometry": { "type": "Point", "coordinates": [ 13.828549, 11.040281 ] } },
{ "type": "Feature", "properties": { "device_id": 375915.0, "UTC_datetime": "2026-03-09T09:36:47Z", "UTC_date": "2026-03-09", "Longitude": 13.83976, "Latitude": 11.054896 }, "geometry": { "type": "Point", "coordinates": [ 13.83976, 11.054896 ] } },
{ "type": "Feature", "properties": { "device_id": 375915.0, "UTC_datetime": "2026-03-09T10:37:13Z", "UTC_date": "2026-03-09", "Longitude": 13.838737, "Latitude": 11.056155 }, "geometry": { "type": "Point", "coordinates": [ 13.838737, 11.056155 ] } },
{ "type": "Feature", "properties": { "device_id": 375915.0, "UTC_datetime": "2026-03-09T11:36:45Z", "UTC_date": "2026-03-09", "Longitude": 13.838529, "Latitude": 11.056016 }, "geometry": { "type": "Point", "coordinates": [ 13.838529, 11.056016 ] } },
{ "type": "Feature", "properties": { "device_id": 375915.0, "UTC_datetime": "2026-03-09T12:37:05Z", "UTC_date": "2026-03-09", "Longitude": 13.8457, "Latitude": 11.15047 }, "geometry": { "type": "Point", "coordinates": [ 13.8457, 11.15047 ] } },
{ "type": "Feature", "properties": { "device_id": 375915.0, "UTC_datetime": "2026-03-09T13:36:45Z", "UTC_date": "2026-03-09", "Longitude": 13.997277, "Latitude": 11.355995 }, "geometry": { "type": "Point", "coordinates": [ 13.997277, 11.355995 ] } },
{ "type": "Feature", "properties": { "device_id": 375915.0, "UTC_datetime": "2026-03-09T14:37:05Z", "UTC_date": "2026-03-09", "Longitude": 14.029783, "Latitude": 11.409667 }, "geometry": { "type": "Point", "coordinates": [ 14.029783, 11.409667 ] } },
{ "type": "Feature", "properties": { "device_id": 375915.0, "UTC_datetime": "2026-03-10T07:37:04Z", "UTC_date": "2026-03-10", "Longitude": 14.064425, "Latitude": 11.419352 }, "geometry": { "type": "Point", "coordinates": [ 14.064425, 11.419352 ] } },
{ "type": "Feature", "properties": { "device_id": 375915.0, "UTC_datetime": "2026-03-10T08:36:47Z", "UTC_date": "2026-03-10", "Longitude": 14.064366, "Latitude": 11.419353 }, "geometry": { "type": "Point", "coordinates": [ 14.064366, 11.419353 ] } },
{ "type": "Feature", "properties": { "device_id": 375915.0, "UTC_datetime": "2026-03-10T09:36:47Z", "UTC_date": "2026-03-10", "Longitude": 14.055729, "Latitude": 11.414483 }, "geometry": { "type": "Point", "coordinates": [ 14.055729, 11.414483 ] } },
{ "type": "Feature", "properties": { "device_id": 375915.0, "UTC_datetime": "2026-03-10T10:37:14Z", "UTC_date": "2026-03-10", "Longitude": 14.055769, "Latitude": 11.414248 }, "geometry": { "type": "Point", "coordinates": [ 14.055769, 11.414248 ] } },
{ "type": "Feature", "properties": { "device_id": 375915.0, "UTC_datetime": "2026-03-10T11:37:05Z", "UTC_date": "2026-03-10", "Longitude": 14.043335, "Latitude": 11.453163 }, "geometry": { "type": "Point", "coordinates": [ 14.043335, 11.453163 ] } },
{ "type": "Feature", "properties": { "device_id": 375915.0, "UTC_datetime": "2026-03-10T12:36:46Z", "UTC_date": "2026-03-10", "Longitude": 14.228204, "Latitude": 11.627499 }, "geometry": { "type": "Point", "coordinates": [ 14.228204, 11.627499 ] } },
{ "type": "Feature", "properties": { "device_id": 375915.0, "UTC_datetime": "2026-03-10T13:36:47Z", "UTC_date": "2026-03-10", "Longitude": 14.36443, "Latitude": 11.757034 }, "geometry": { "type": "Point", "coordinates": [ 14.36443, 11.757034 ] } },
{ "type": "Feature", "properties": { "device_id": 375915.0, "UTC_datetime": "2026-03-10T14:37:13Z", "UTC_date": "2026-03-10", "Longitude": 14.261369, "Latitude": 11.741302 }, "geometry": { "type": "Point", "coordinates": [ 14.261369, 11.741302 ] } },
{ "type": "Feature", "properties": { "device_id": 375915.0, "UTC_datetime": "2026-03-11T07:37:05Z", "UTC_date": "2026-03-11", "Longitude": 14.106882, "Latitude": 11.45181 }, "geometry": { "type": "Point", "coordinates": [ 14.106882, 11.45181 ] } },
{ "type": "Feature", "properties": { "device_id": 375915.0, "UTC_datetime": "2026-03-11T08:36:47Z", "UTC_date": "2026-03-11", "Longitude": 14.109967, "Latitude": 11.513862 }, "geometry": { "type": "Point", "coordinates": [ 14.109967, 11.513862 ] } },
{ "type": "Feature", "properties": { "device_id": 375915.0, "UTC_datetime": "2026-03-11T09:36:48Z", "UTC_date": "2026-03-11", "Longitude": 14.115576, "Latitude": 11.678477 }, "geometry": { "type": "Point", "coordinates": [ 14.115576, 11.678477 ] } },
{ "type": "Feature", "properties": { "device_id": 375915.0, "UTC_datetime": "2026-03-11T10:37:13Z", "UTC_date": "2026-03-11", "Longitude": 14.110828, "Latitude": 11.953378 }, "geometry": { "type": "Point", "coordinates": [ 14.110828, 11.953378 ] } },
{ "type": "Feature", "properties": { "device_id": 375915.0, "UTC_datetime": "2026-03-11T11:36:47Z", "UTC_date": "2026-03-11", "Longitude": 14.389196, "Latitude": 12.139703 }, "geometry": { "type": "Point", "coordinates": [ 14.389196, 12.139703 ] } },
{ "type": "Feature", "properties": { "device_id": 375915.0, "UTC_datetime": "2026-03-11T12:37:08Z", "UTC_date": "2026-03-11", "Longitude": 14.691299, "Latitude": 12.375168 }, "geometry": { "type": "Point", "coordinates": [ 14.691299, 12.375168 ] } },
{ "type": "Feature", "properties": { "device_id": 375915.0, "UTC_datetime": "2026-03-11T13:36:47Z", "UTC_date": "2026-03-11", "Longitude": 15.000808, "Latitude": 12.337122 }, "geometry": { "type": "Point", "coordinates": [ 15.000808, 12.337122 ] } },
{ "type": "Feature", "properties": { "device_id": 375915.0, "UTC_datetime": "2026-03-11T14:37:05Z", "UTC_date": "2026-03-11", "Longitude": 15.036484, "Latitude": 12.081908 }, "geometry": { "type": "Point", "coordinates": [ 15.036484, 12.081908 ] } },
{ "type": "Feature", "properties": { "device_id": 375915.0, "UTC_datetime": "2026-03-12T07:37:05Z", "UTC_date": "2026-03-12", "Longitude": 15.48233, "Latitude": 11.646617 }, "geometry": { "type": "Point", "coordinates": [ 15.48233, 11.646617 ] } },
{ "type": "Feature", "properties": { "device_id": 375915.0, "UTC_datetime": "2026-03-12T08:37:05Z", "UTC_date": "2026-03-12", "Longitude": 15.408787, "Latitude": 11.643014 }, "geometry": { "type": "Point", "coordinates": [ 15.408787, 11.643014 ] } },
{ "type": "Feature", "properties": { "device_id": 375915.0, "UTC_datetime": "2026-03-12T09:36:53Z", "UTC_date": "2026-03-12", "Longitude": 15.126208, "Latitude": 11.492936 }, "geometry": { "type": "Point", "coordinates": [ 15.126208, 11.492936 ] } },
{ "type": "Feature", "properties": { "device_id": 375915.0, "UTC_datetime": "2026-03-12T10:36:52Z", "UTC_date": "2026-03-12", "Longitude": 14.836648, "Latitude": 11.237331 }, "geometry": { "type": "Point", "coordinates": [ 14.836648, 11.237331 ] } },
{ "type": "Feature", "properties": { "device_id": 375915.0, "UTC_datetime": "2026-03-12T11:36:52Z", "UTC_date": "2026-03-12", "Longitude": 14.496012, "Latitude": 11.177376 }, "geometry": { "type": "Point", "coordinates": [ 14.496012, 11.177376 ] } },
{ "type": "Feature", "properties": { "device_id": 375915.0, "UTC_datetime": "2026-03-12T12:37:12Z", "UTC_date": "2026-03-12", "Longitude": 14.151559, "Latitude": 11.362336 }, "geometry": { "type": "Point", "coordinates": [ 14.151559, 11.362336 ] } },
{ "type": "Feature", "properties": { "device_id": 375915.0, "UTC_datetime": "2026-03-12T13:36:50Z", "UTC_date": "2026-03-12", "Longitude": 14.042449, "Latitude": 11.378835 }, "geometry": { "type": "Point", "coordinates": [ 14.042449, 11.378835 ] } },
{ "type": "Feature", "properties": { "device_id": 375915.0, "UTC_datetime": "2026-03-12T14:37:12Z", "UTC_date": "2026-03-12", "Longitude": 14.049216, "Latitude": 11.391879 }, "geometry": { "type": "Point", "coordinates": [ 14.049216, 11.391879 ] } },
{ "type": "Feature", "properties": { "device_id": 375915.0, "UTC_datetime": "2026-03-13T07:37:29Z", "UTC_date": "2026-03-13", "Longitude": 14.045454, "Latitude": 11.386595 }, "geometry": { "type": "Point", "coordinates": [ 14.045454, 11.386595 ] } },
{ "type": "Feature", "properties": { "device_id": 375915.0, "UTC_datetime": "2026-03-13T08:36:51Z", "UTC_date": "2026-03-13", "Longitude": 14.06775, "Latitude": 11.40084 }, "geometry": { "type": "Point", "coordinates": [ 14.06775, 11.40084 ] } },
{ "type": "Feature", "properties": { "device_id": 375915.0, "UTC_datetime": "2026-03-13T09:36:57Z", "UTC_date": "2026-03-13", "Longitude": 14.076055, "Latitude": 11.341284 }, "geometry": { "type": "Point", "coordinates": [ 14.076055, 11.341284 ] } },
{ "type": "Feature", "properties": { "device_id": 375915.0, "UTC_datetime": "2026-03-13T10:37:12Z", "UTC_date": "2026-03-13", "Longitude": 14.178405, "Latitude": 11.259537 }, "geometry": { "type": "Point", "coordinates": [ 14.178405, 11.259537 ] } },
{ "type": "Feature", "properties": { "device_id": 375915.0, "UTC_datetime": "2026-03-13T11:36:52Z", "UTC_date": "2026-03-13", "Longitude": 14.17749, "Latitude": 11.260079 }, "geometry": { "type": "Point", "coordinates": [ 14.17749, 11.260079 ] } },
{ "type": "Feature", "properties": { "device_id": 375915.0, "UTC_datetime": "2026-03-13T12:37:12Z", "UTC_date": "2026-03-13", "Longitude": 14.066693, "Latitude": 11.190393 }, "geometry": { "type": "Point", "coordinates": [ 14.066693, 11.190393 ] } },
{ "type": "Feature", "properties": { "device_id": 375915.0, "UTC_datetime": "2026-03-13T13:36:55Z", "UTC_date": "2026-03-13", "Longitude": 14.192274, "Latitude": 11.267874 }, "geometry": { "type": "Point", "coordinates": [ 14.192274, 11.267874 ] } },
{ "type": "Feature", "properties": { "device_id": 375915.0, "UTC_datetime": "2026-03-13T14:37:12Z", "UTC_date": "2026-03-13", "Longitude": 14.051868, "Latitude": 11.385799 }, "geometry": { "type": "Point", "coordinates": [ 14.051868, 11.385799 ] } },
{ "type": "Feature", "properties": { "device_id": 375915.0, "UTC_datetime": "2026-03-14T07:37:12Z", "UTC_date": "2026-03-14", "Longitude": 14.054849, "Latitude": 11.394852 }, "geometry": { "type": "Point", "coordinates": [ 14.054849, 11.394852 ] } },
{ "type": "Feature", "properties": { "device_id": 375915.0, "UTC_datetime": "2026-03-14T08:36:53Z", "UTC_date": "2026-03-14", "Longitude": 14.088219, "Latitude": 11.220413 }, "geometry": { "type": "Point", "coordinates": [ 14.088219, 11.220413 ] } },
{ "type": "Feature", "properties": { "device_id": 375915.0, "UTC_datetime": "2026-03-14T09:37:12Z", "UTC_date": "2026-03-14", "Longitude": 14.066356, "Latitude": 11.18993 }, "geometry": { "type": "Point", "coordinates": [ 14.066356, 11.18993 ] } },
{ "type": "Feature", "properties": { "device_id": 375915.0, "UTC_datetime": "2026-03-14T10:36:54Z", "UTC_date": "2026-03-14", "Longitude": 14.078174, "Latitude": 10.986156 }, "geometry": { "type": "Point", "coordinates": [ 14.078174, 10.986156 ] } },
{ "type": "Feature", "properties": { "device_id": 375915.0, "UTC_datetime": "2026-03-14T11:37:12Z", "UTC_date": "2026-03-14", "Longitude": 13.833514, "Latitude": 10.778422 }, "geometry": { "type": "Point", "coordinates": [ 13.833514, 10.778422 ] } },
{ "type": "Feature", "properties": { "device_id": 375915.0, "UTC_datetime": "2026-03-14T12:36:55Z", "UTC_date": "2026-03-14", "Longitude": 13.670438, "Latitude": 10.997495 }, "geometry": { "type": "Point", "coordinates": [ 13.670438, 10.997495 ] } },
{ "type": "Feature", "properties": { "device_id": 375915.0, "UTC_datetime": "2026-03-14T13:37:12Z", "UTC_date": "2026-03-14", "Longitude": 13.498047, "Latitude": 11.243272 }, "geometry": { "type": "Point", "coordinates": [ 13.498047, 11.243272 ] } },
{ "type": "Feature", "properties": { "device_id": 375915.0, "UTC_datetime": "2026-03-14T14:36:54Z", "UTC_date": "2026-03-14", "Longitude": 13.518767, "Latitude": 11.450746 }, "geometry": { "type": "Point", "coordinates": [ 13.518767, 11.450746 ] } },
{ "type": "Feature", "properties": { "device_id": 375915.0, "UTC_datetime": "2026-03-15T07:36:58Z", "UTC_date": "2026-03-15", "Longitude": 13.517368, "Latitude": 11.395473 }, "geometry": { "type": "Point", "coordinates": [ 13.517368, 11.395473 ] } },
{ "type": "Feature", "properties": { "device_id": 375915.0, "UTC_datetime": "2026-03-15T08:36:53Z", "UTC_date": "2026-03-15", "Longitude": 13.517707, "Latitude": 11.395063 }, "geometry": { "type": "Point", "coordinates": [ 13.517707, 11.395063 ] } },
{ "type": "Feature", "properties": { "device_id": 375915.0, "UTC_datetime": "2026-03-15T09:36:59Z", "UTC_date": "2026-03-15", "Longitude": 13.509155, "Latitude": 11.392051 }, "geometry": { "type": "Point", "coordinates": [ 13.509155, 11.392051 ] } },
{ "type": "Feature", "properties": { "device_id": 375915.0, "UTC_datetime": "2026-03-15T10:37:43Z", "UTC_date": "2026-03-15", "Longitude": 13.449883, "Latitude": 11.498311 }, "geometry": { "type": "Point", "coordinates": [ 13.449883, 11.498311 ] } },
{ "type": "Feature", "properties": { "device_id": 375915.0, "UTC_datetime": "2026-03-15T11:36:54Z", "UTC_date": "2026-03-15", "Longitude": 13.466402, "Latitude": 11.616348 }, "geometry": { "type": "Point", "coordinates": [ 13.466402, 11.616348 ] } },
{ "type": "Feature", "properties": { "device_id": 375915.0, "UTC_datetime": "2026-03-15T12:37:13Z", "UTC_date": "2026-03-15", "Longitude": 13.737202, "Latitude": 11.700018 }, "geometry": { "type": "Point", "coordinates": [ 13.737202, 11.700018 ] } },
{ "type": "Feature", "properties": { "device_id": 375915.0, "UTC_datetime": "2026-03-15T13:36:53Z", "UTC_date": "2026-03-15", "Longitude": 14.054003, "Latitude": 11.550969 }, "geometry": { "type": "Point", "coordinates": [ 14.054003, 11.550969 ] } },
{ "type": "Feature", "properties": { "device_id": 375915.0, "UTC_datetime": "2026-03-15T14:37:14Z", "UTC_date": "2026-03-15", "Longitude": 14.061569, "Latitude": 11.366579 }, "geometry": { "type": "Point", "coordinates": [ 14.061569, 11.366579 ] } },
{ "type": "Feature", "properties": { "device_id": 375915.0, "UTC_datetime": "2026-03-16T07:36:55Z", "UTC_date": "2026-03-16", "Longitude": 14.074977, "Latitude": 11.393513 }, "geometry": { "type": "Point", "coordinates": [ 14.074977, 11.393513 ] } },
{ "type": "Feature", "properties": { "device_id": 375915.0, "UTC_datetime": "2026-03-16T08:37:13Z", "UTC_date": "2026-03-16", "Longitude": 14.068915, "Latitude": 11.422017 }, "geometry": { "type": "Point", "coordinates": [ 14.068915, 11.422017 ] } },
{ "type": "Feature", "properties": { "device_id": 375915.0, "UTC_datetime": "2026-03-16T09:37:00Z", "UTC_date": "2026-03-16", "Longitude": 14.055964, "Latitude": 11.414203 }, "geometry": { "type": "Point", "coordinates": [ 14.055964, 11.414203 ] } },
{ "type": "Feature", "properties": { "device_id": 375915.0, "UTC_datetime": "2026-03-16T10:37:12Z", "UTC_date": "2026-03-16", "Longitude": 14.06533, "Latitude": 11.419969 }, "geometry": { "type": "Point", "coordinates": [ 14.06533, 11.419969 ] } },
{ "type": "Feature", "properties": { "device_id": 375915.0, "UTC_datetime": "2026-03-16T11:36:56Z", "UTC_date": "2026-03-16", "Longitude": 14.072148, "Latitude": 11.415575 }, "geometry": { "type": "Point", "coordinates": [ 14.072148, 11.415575 ] } },
{ "type": "Feature", "properties": { "device_id": 375915.0, "UTC_datetime": "2026-03-16T12:37:12Z", "UTC_date": "2026-03-16", "Longitude": 14.055903, "Latitude": 11.376697 }, "geometry": { "type": "Point", "coordinates": [ 14.055903, 11.376697 ] } },
{ "type": "Feature", "properties": { "device_id": 375915.0, "UTC_datetime": "2026-03-16T13:36:56Z", "UTC_date": "2026-03-16", "Longitude": 14.04819, "Latitude": 11.385185 }, "geometry": { "type": "Point", "coordinates": [ 14.04819, 11.385185 ] } },
{ "type": "Feature", "properties": { "device_id": 375915.0, "UTC_datetime": "2026-03-16T14:37:12Z", "UTC_date": "2026-03-16", "Longitude": 14.066492, "Latitude": 11.412668 }, "geometry": { "type": "Point", "coordinates": [ 14.066492, 11.412668 ] } },
{ "type": "Feature", "properties": { "device_id": 375915.0, "UTC_datetime": "2026-03-17T07:37:14Z", "UTC_date": "2026-03-17", "Longitude": 14.06203, "Latitude": 11.419808 }, "geometry": { "type": "Point", "coordinates": [ 14.06203, 11.419808 ] } },
{ "type": "Feature", "properties": { "device_id": 375915.0, "UTC_datetime": "2026-03-17T08:37:12Z", "UTC_date": "2026-03-17", "Longitude": 14.055708, "Latitude": 11.414309 }, "geometry": { "type": "Point", "coordinates": [ 14.055708, 11.414309 ] } },
{ "type": "Feature", "properties": { "device_id": 375915.0, "UTC_datetime": "2026-03-17T09:37:12Z", "UTC_date": "2026-03-17", "Longitude": 14.05578, "Latitude": 11.414196 }, "geometry": { "type": "Point", "coordinates": [ 14.05578, 11.414196 ] } },
{ "type": "Feature", "properties": { "device_id": 375915.0, "UTC_datetime": "2026-03-17T10:37:14Z", "UTC_date": "2026-03-17", "Longitude": 14.055651, "Latitude": 11.414992 }, "geometry": { "type": "Point", "coordinates": [ 14.055651, 11.414992 ] } },
{ "type": "Feature", "properties": { "device_id": 375915.0, "UTC_datetime": "2026-03-17T11:37:12Z", "UTC_date": "2026-03-17", "Longitude": 14.055773, "Latitude": 11.414253 }, "geometry": { "type": "Point", "coordinates": [ 14.055773, 11.414253 ] } },
{ "type": "Feature", "properties": { "device_id": 375915.0, "UTC_datetime": "2026-03-17T12:37:30Z", "UTC_date": "2026-03-17", "Longitude": 14.033636, "Latitude": 11.201887 }, "geometry": { "type": "Point", "coordinates": [ 14.033636, 11.201887 ] } },
{ "type": "Feature", "properties": { "device_id": 375915.0, "UTC_datetime": "2026-03-17T13:36:59Z", "UTC_date": "2026-03-17", "Longitude": 14.035199, "Latitude": 11.203439 }, "geometry": { "type": "Point", "coordinates": [ 14.035199, 11.203439 ] } },
{ "type": "Feature", "properties": { "device_id": 375915.0, "UTC_datetime": "2026-03-17T14:37:13Z", "UTC_date": "2026-03-17", "Longitude": 14.034512, "Latitude": 11.203457 }, "geometry": { "type": "Point", "coordinates": [ 14.034512, 11.203457 ] } },
{ "type": "Feature", "properties": { "device_id": 375915.0, "UTC_datetime": "2026-03-18T07:37:04Z", "UTC_date": "2026-03-18", "Longitude": 14.075683, "Latitude": 11.443192 }, "geometry": { "type": "Point", "coordinates": [ 14.075683, 11.443192 ] } },
{ "type": "Feature", "properties": { "device_id": 375915.0, "UTC_datetime": "2026-03-18T08:37:28Z", "UTC_date": "2026-03-18", "Longitude": 14.075776, "Latitude": 11.443255 }, "geometry": { "type": "Point", "coordinates": [ 14.075776, 11.443255 ] } },
{ "type": "Feature", "properties": { "device_id": 375915.0, "UTC_datetime": "2026-03-18T09:36:58Z", "UTC_date": "2026-03-18", "Longitude": 14.066255, "Latitude": 11.269176 }, "geometry": { "type": "Point", "coordinates": [ 14.066255, 11.269176 ] } },
{ "type": "Feature", "properties": { "device_id": 375915.0, "UTC_datetime": "2026-03-18T10:37:28Z", "UTC_date": "2026-03-18", "Longitude": 14.035661, "Latitude": 11.201136 }, "geometry": { "type": "Point", "coordinates": [ 14.035661, 11.201136 ] } },
{ "type": "Feature", "properties": { "device_id": 375915.0, "UTC_datetime": "2026-03-18T11:36:58Z", "UTC_date": "2026-03-18", "Longitude": 14.035565, "Latitude": 11.201083 }, "geometry": { "type": "Point", "coordinates": [ 14.035565, 11.201083 ] } },
{ "type": "Feature", "properties": { "device_id": 375915.0, "UTC_datetime": "2026-03-18T12:37:13Z", "UTC_date": "2026-03-18", "Longitude": 14.024475, "Latitude": 11.202947 }, "geometry": { "type": "Point", "coordinates": [ 14.024475, 11.202947 ] } },
{ "type": "Feature", "properties": { "device_id": 375915.0, "UTC_datetime": "2026-03-18T13:36:58Z", "UTC_date": "2026-03-18", "Longitude": 14.039737, "Latitude": 11.231184 }, "geometry": { "type": "Point", "coordinates": [ 14.039737, 11.231184 ] } },
{ "type": "Feature", "properties": { "device_id": 375915.0, "UTC_datetime": "2026-03-18T14:37:12Z", "UTC_date": "2026-03-18", "Longitude": 14.076908, "Latitude": 11.441126 }, "geometry": { "type": "Point", "coordinates": [ 14.076908, 11.441126 ] } },
{ "type": "Feature", "properties": { "device_id": 375915.0, "UTC_datetime": "2026-03-19T07:37:10Z", "UTC_date": "2026-03-19", "Longitude": 14.062867, "Latitude": 11.41932 }, "geometry": { "type": "Point", "coordinates": [ 14.062867, 11.41932 ] } },
{ "type": "Feature", "properties": { "device_id": 375915.0, "UTC_datetime": "2026-03-19T08:37:12Z", "UTC_date": "2026-03-19", "Longitude": 14.050081, "Latitude": 11.412527 }, "geometry": { "type": "Point", "coordinates": [ 14.050081, 11.412527 ] } },
{ "type": "Feature", "properties": { "device_id": 375915.0, "UTC_datetime": "2026-03-19T09:37:30Z", "UTC_date": "2026-03-19", "Longitude": 14.055777, "Latitude": 11.414274 }, "geometry": { "type": "Point", "coordinates": [ 14.055777, 11.414274 ] } },
{ "type": "Feature", "properties": { "device_id": 375915.0, "UTC_datetime": "2026-03-19T10:37:00Z", "UTC_date": "2026-03-19", "Longitude": 14.055744, "Latitude": 11.41424 }, "geometry": { "type": "Point", "coordinates": [ 14.055744, 11.41424 ] } },
{ "type": "Feature", "properties": { "device_id": 375915.0, "UTC_datetime": "2026-03-19T11:37:00Z", "UTC_date": "2026-03-19", "Longitude": 14.055939, "Latitude": 11.414376 }, "geometry": { "type": "Point", "coordinates": [ 14.055939, 11.414376 ] } },
{ "type": "Feature", "properties": { "device_id": 375915.0, "UTC_datetime": "2026-03-19T12:37:29Z", "UTC_date": "2026-03-19", "Longitude": 14.054981, "Latitude": 11.417191 }, "geometry": { "type": "Point", "coordinates": [ 14.054981, 11.417191 ] } },
{ "type": "Feature", "properties": { "device_id": 375915.0, "UTC_datetime": "2026-03-19T13:36:59Z", "UTC_date": "2026-03-19", "Longitude": 14.057709, "Latitude": 11.418085 }, "geometry": { "type": "Point", "coordinates": [ 14.057709, 11.418085 ] } },
{ "type": "Feature", "properties": { "device_id": 375915.0, "UTC_datetime": "2026-03-19T14:37:00Z", "UTC_date": "2026-03-19", "Longitude": 14.067798, "Latitude": 11.422159 }, "geometry": { "type": "Point", "coordinates": [ 14.067798, 11.422159 ] } },
{ "type": "Feature", "properties": { "device_id": 375915.0, "UTC_datetime": "2026-03-20T07:37:14Z", "UTC_date": "2026-03-20", "Longitude": 14.040567, "Latitude": 11.385002 }, "geometry": { "type": "Point", "coordinates": [ 14.040567, 11.385002 ] } },
{ "type": "Feature", "properties": { "device_id": 375915.0, "UTC_datetime": "2026-03-20T08:37:12Z", "UTC_date": "2026-03-20", "Longitude": 14.047485, "Latitude": 11.38179 }, "geometry": { "type": "Point", "coordinates": [ 14.047485, 11.38179 ] } },
{ "type": "Feature", "properties": { "device_id": 375915.0, "UTC_datetime": "2026-03-20T09:37:29Z", "UTC_date": "2026-03-20", "Longitude": 14.023192, "Latitude": 11.204599 }, "geometry": { "type": "Point", "coordinates": [ 14.023192, 11.204599 ] } },
{ "type": "Feature", "properties": { "device_id": 375915.0, "UTC_datetime": "2026-03-20T10:37:00Z", "UTC_date": "2026-03-20", "Longitude": 14.033939, "Latitude": 11.201964 }, "geometry": { "type": "Point", "coordinates": [ 14.033939, 11.201964 ] } },
{ "type": "Feature", "properties": { "device_id": 375915.0, "UTC_datetime": "2026-03-20T11:37:05Z", "UTC_date": "2026-03-20", "Longitude": 14.030719, "Latitude": 11.206013 }, "geometry": { "type": "Point", "coordinates": [ 14.030719, 11.206013 ] } },
{ "type": "Feature", "properties": { "device_id": 375915.0, "UTC_datetime": "2026-03-20T12:37:28Z", "UTC_date": "2026-03-20", "Longitude": 14.050623, "Latitude": 11.257288 }, "geometry": { "type": "Point", "coordinates": [ 14.050623, 11.257288 ] } },
{ "type": "Feature", "properties": { "device_id": 375915.0, "UTC_datetime": "2026-03-20T13:37:13Z", "UTC_date": "2026-03-20", "Longitude": 14.079198, "Latitude": 11.342132 }, "geometry": { "type": "Point", "coordinates": [ 14.079198, 11.342132 ] } },
{ "type": "Feature", "properties": { "device_id": 375915.0, "UTC_datetime": "2026-03-20T14:37:03Z", "UTC_date": "2026-03-20", "Longitude": 14.051728, "Latitude": 11.373914 }, "geometry": { "type": "Point", "coordinates": [ 14.051728, 11.373914 ] } },
{ "type": "Feature", "properties": { "device_id": 375915.0, "UTC_datetime": "2026-03-21T07:37:02Z", "UTC_date": "2026-03-21", "Longitude": 14.038975, "Latitude": 11.377122 }, "geometry": { "type": "Point", "coordinates": [ 14.038975, 11.377122 ] } },
{ "type": "Feature", "properties": { "device_id": 375915.0, "UTC_datetime": "2026-03-21T08:37:35Z", "UTC_date": "2026-03-21", "Longitude": 14.039055, "Latitude": 11.377035 }, "geometry": { "type": "Point", "coordinates": [ 14.039055, 11.377035 ] } },
{ "type": "Feature", "properties": { "device_id": 375915.0, "UTC_datetime": "2026-03-21T09:37:01Z", "UTC_date": "2026-03-21", "Longitude": 14.040066, "Latitude": 11.222717 }, "geometry": { "type": "Point", "coordinates": [ 14.040066, 11.222717 ] } },
{ "type": "Feature", "properties": { "device_id": 375915.0, "UTC_datetime": "2026-03-21T10:37:03Z", "UTC_date": "2026-03-21", "Longitude": 14.026127, "Latitude": 11.204733 }, "geometry": { "type": "Point", "coordinates": [ 14.026127, 11.204733 ] } },
{ "type": "Feature", "properties": { "device_id": 375915.0, "UTC_datetime": "2026-03-21T11:37:05Z", "UTC_date": "2026-03-21", "Longitude": 14.031014, "Latitude": 11.205896 }, "geometry": { "type": "Point", "coordinates": [ 14.031014, 11.205896 ] } },
{ "type": "Feature", "properties": { "device_id": 375915.0, "UTC_datetime": "2026-03-21T12:37:35Z", "UTC_date": "2026-03-21", "Longitude": 14.031262, "Latitude": 11.198647 }, "geometry": { "type": "Point", "coordinates": [ 14.031262, 11.198647 ] } },
{ "type": "Feature", "properties": { "device_id": 375915.0, "UTC_datetime": "2026-03-21T13:37:01Z", "UTC_date": "2026-03-21", "Longitude": 14.046506, "Latitude": 11.373293 }, "geometry": { "type": "Point", "coordinates": [ 14.046506, 11.373293 ] } },
{ "type": "Feature", "properties": { "device_id": 375915.0, "UTC_datetime": "2026-03-21T14:37:02Z", "UTC_date": "2026-03-21", "Longitude": 14.036019, "Latitude": 11.371673 }, "geometry": { "type": "Point", "coordinates": [ 14.036019, 11.371673 ] } },
{ "type": "Feature", "properties": { "device_id": 375915.0, "UTC_datetime": "2026-03-22T07:37:04Z", "UTC_date": "2026-03-22", "Longitude": 14.044051, "Latitude": 11.383729 }, "geometry": { "type": "Point", "coordinates": [ 14.044051, 11.383729 ] } },
{ "type": "Feature", "properties": { "device_id": 375915.0, "UTC_datetime": "2026-03-22T08:37:35Z", "UTC_date": "2026-03-22", "Longitude": 14.050364, "Latitude": 11.385549 }, "geometry": { "type": "Point", "coordinates": [ 14.050364, 11.385549 ] } },
{ "type": "Feature", "properties": { "device_id": 375915.0, "UTC_datetime": "2026-03-22T09:37:02Z", "UTC_date": "2026-03-22", "Longitude": 14.050287, "Latitude": 11.385594 }, "geometry": { "type": "Point", "coordinates": [ 14.050287, 11.385594 ] } },
{ "type": "Feature", "properties": { "device_id": 375915.0, "UTC_datetime": "2026-03-22T10:37:03Z", "UTC_date": "2026-03-22", "Longitude": 14.044019, "Latitude": 11.378406 }, "geometry": { "type": "Point", "coordinates": [ 14.044019, 11.378406 ] } },
{ "type": "Feature", "properties": { "device_id": 375915.0, "UTC_datetime": "2026-03-22T11:37:03Z", "UTC_date": "2026-03-22", "Longitude": 14.045179, "Latitude": 11.384091 }, "geometry": { "type": "Point", "coordinates": [ 14.045179, 11.384091 ] } },
{ "type": "Feature", "properties": { "device_id": 375915.0, "UTC_datetime": "2026-03-22T12:37:35Z", "UTC_date": "2026-03-22", "Longitude": 14.050365, "Latitude": 11.385676 }, "geometry": { "type": "Point", "coordinates": [ 14.050365, 11.385676 ] } },
{ "type": "Feature", "properties": { "device_id": 375915.0, "UTC_datetime": "2026-03-22T13:37:03Z", "UTC_date": "2026-03-22", "Longitude": 14.054795, "Latitude": 11.398869 }, "geometry": { "type": "Point", "coordinates": [ 14.054795, 11.398869 ] } },
{ "type": "Feature", "properties": { "device_id": 375915.0, "UTC_datetime": "2026-03-22T14:37:04Z", "UTC_date": "2026-03-22", "Longitude": 14.050429, "Latitude": 11.385571 }, "geometry": { "type": "Point", "coordinates": [ 14.050429, 11.385571 ] } },
{ "type": "Feature", "properties": { "device_id": 375915.0, "UTC_datetime": "2026-03-23T07:37:04Z", "UTC_date": "2026-03-23", "Longitude": 14.05488, "Latitude": 11.394873 }, "geometry": { "type": "Point", "coordinates": [ 14.05488, 11.394873 ] } },
{ "type": "Feature", "properties": { "device_id": 375915.0, "UTC_datetime": "2026-03-23T08:37:34Z", "UTC_date": "2026-03-23", "Longitude": 14.054848, "Latitude": 11.394861 }, "geometry": { "type": "Point", "coordinates": [ 14.054848, 11.394861 ] } },
{ "type": "Feature", "properties": { "device_id": 375915.0, "UTC_datetime": "2026-03-23T09:37:04Z", "UTC_date": "2026-03-23", "Longitude": 14.054849, "Latitude": 11.394773 }, "geometry": { "type": "Point", "coordinates": [ 14.054849, 11.394773 ] } },
{ "type": "Feature", "properties": { "device_id": 375915.0, "UTC_datetime": "2026-03-23T10:37:09Z", "UTC_date": "2026-03-23", "Longitude": 14.030415, "Latitude": 11.240954 }, "geometry": { "type": "Point", "coordinates": [ 14.030415, 11.240954 ] } },
{ "type": "Feature", "properties": { "device_id": 375915.0, "UTC_datetime": "2026-03-23T11:37:19Z", "UTC_date": "2026-03-23", "Longitude": 14.029732, "Latitude": 11.20694 }, "geometry": { "type": "Point", "coordinates": [ 14.029732, 11.20694 ] } },
{ "type": "Feature", "properties": { "device_id": 375915.0, "UTC_datetime": "2026-03-23T12:37:34Z", "UTC_date": "2026-03-23", "Longitude": 14.041265, "Latitude": 11.218313 }, "geometry": { "type": "Point", "coordinates": [ 14.041265, 11.218313 ] } },
{ "type": "Feature", "properties": { "device_id": 375915.0, "UTC_datetime": "2026-03-23T13:37:04Z", "UTC_date": "2026-03-23", "Longitude": 14.06426, "Latitude": 11.337134 }, "geometry": { "type": "Point", "coordinates": [ 14.06426, 11.337134 ] } },
{ "type": "Feature", "properties": { "device_id": 375915.0, "UTC_datetime": "2026-03-23T14:37:04Z", "UTC_date": "2026-03-23", "Longitude": 14.060283, "Latitude": 11.382854 }, "geometry": { "type": "Point", "coordinates": [ 14.060283, 11.382854 ] } },
{ "type": "Feature", "properties": { "device_id": 375915.0, "UTC_datetime": "2026-03-24T07:37:06Z", "UTC_date": "2026-03-24", "Longitude": 14.05724, "Latitude": 11.383038 }, "geometry": { "type": "Point", "coordinates": [ 14.05724, 11.383038 ] } },
{ "type": "Feature", "properties": { "device_id": 375915.0, "UTC_datetime": "2026-03-24T08:37:11Z", "UTC_date": "2026-03-24", "Longitude": 14.055864, "Latitude": 11.384472 }, "geometry": { "type": "Point", "coordinates": [ 14.055864, 11.384472 ] } },
{ "type": "Feature", "properties": { "device_id": 375915.0, "UTC_datetime": "2026-03-24T09:37:07Z", "UTC_date": "2026-03-24", "Longitude": 14.029698, "Latitude": 11.207254 }, "geometry": { "type": "Point", "coordinates": [ 14.029698, 11.207254 ] } },
{ "type": "Feature", "properties": { "device_id": 375915.0, "UTC_datetime": "2026-03-24T10:37:45Z", "UTC_date": "2026-03-24", "Longitude": 14.026507, "Latitude": 11.204615 }, "geometry": { "type": "Point", "coordinates": [ 14.026507, 11.204615 ] } },
{ "type": "Feature", "properties": { "device_id": 375915.0, "UTC_datetime": "2026-03-24T11:37:06Z", "UTC_date": "2026-03-24", "Longitude": 13.948682, "Latitude": 11.07123 }, "geometry": { "type": "Point", "coordinates": [ 13.948682, 11.07123 ] } },
{ "type": "Feature", "properties": { "device_id": 375915.0, "UTC_datetime": "2026-03-24T12:37:34Z", "UTC_date": "2026-03-24", "Longitude": 13.822253, "Latitude": 10.994364 }, "geometry": { "type": "Point", "coordinates": [ 13.822253, 10.994364 ] } },
{ "type": "Feature", "properties": { "device_id": 375915.0, "UTC_datetime": "2026-03-24T13:37:35Z", "UTC_date": "2026-03-24", "Longitude": 13.82336, "Latitude": 10.998478 }, "geometry": { "type": "Point", "coordinates": [ 13.82336, 10.998478 ] } },
{ "type": "Feature", "properties": { "device_id": 375915.0, "UTC_datetime": "2026-03-24T14:37:05Z", "UTC_date": "2026-03-24", "Longitude": 13.887857, "Latitude": 11.216356 }, "geometry": { "type": "Point", "coordinates": [ 13.887857, 11.216356 ] } },
{ "type": "Feature", "properties": { "device_id": 375915.0, "UTC_datetime": "2026-03-25T07:37:35Z", "UTC_date": "2026-03-25", "Longitude": 14.060985, "Latitude": 11.419794 }, "geometry": { "type": "Point", "coordinates": [ 14.060985, 11.419794 ] } },
{ "type": "Feature", "properties": { "device_id": 375915.0, "UTC_datetime": "2026-03-25T08:37:07Z", "UTC_date": "2026-03-25", "Longitude": 14.058126, "Latitude": 11.380746 }, "geometry": { "type": "Point", "coordinates": [ 14.058126, 11.380746 ] } },
{ "type": "Feature", "properties": { "device_id": 375915.0, "UTC_datetime": "2026-03-25T09:37:07Z", "UTC_date": "2026-03-25", "Longitude": 14.065876, "Latitude": 11.373711 }, "geometry": { "type": "Point", "coordinates": [ 14.065876, 11.373711 ] } },
{ "type": "Feature", "properties": { "device_id": 375915.0, "UTC_datetime": "2026-03-25T10:37:34Z", "UTC_date": "2026-03-25", "Longitude": 14.022512, "Latitude": 11.255113 }, "geometry": { "type": "Point", "coordinates": [ 14.022512, 11.255113 ] } },
{ "type": "Feature", "properties": { "device_id": 375915.0, "UTC_datetime": "2026-03-25T11:37:09Z", "UTC_date": "2026-03-25", "Longitude": 13.917132, "Latitude": 10.978616 }, "geometry": { "type": "Point", "coordinates": [ 13.917132, 10.978616 ] } },
{ "type": "Feature", "properties": { "device_id": 375915.0, "UTC_datetime": "2026-03-25T12:37:08Z", "UTC_date": "2026-03-25", "Longitude": 14.052067, "Latitude": 11.28563 }, "geometry": { "type": "Point", "coordinates": [ 14.052067, 11.28563 ] } },
{ "type": "Feature", "properties": { "device_id": 375915.0, "UTC_datetime": "2026-03-25T13:37:08Z", "UTC_date": "2026-03-25", "Longitude": 14.057906, "Latitude": 11.396045 }, "geometry": { "type": "Point", "coordinates": [ 14.057906, 11.396045 ] } },
{ "type": "Feature", "properties": { "device_id": 375915.0, "UTC_datetime": "2026-03-25T14:37:34Z", "UTC_date": "2026-03-25", "Longitude": 14.055264, "Latitude": 11.37958 }, "geometry": { "type": "Point", "coordinates": [ 14.055264, 11.37958 ] } },
{ "type": "Feature", "properties": { "device_id": 375915.0, "UTC_datetime": "2026-03-26T07:37:09Z", "UTC_date": "2026-03-26", "Longitude": 14.050354, "Latitude": 11.385556 }, "geometry": { "type": "Point", "coordinates": [ 14.050354, 11.385556 ] } },
{ "type": "Feature", "properties": { "device_id": 375915.0, "UTC_datetime": "2026-03-26T08:37:09Z", "UTC_date": "2026-03-26", "Longitude": 14.054046, "Latitude": 11.397866 }, "geometry": { "type": "Point", "coordinates": [ 14.054046, 11.397866 ] } },
{ "type": "Feature", "properties": { "device_id": 375915.0, "UTC_datetime": "2026-03-26T09:37:10Z", "UTC_date": "2026-03-26", "Longitude": 14.055723, "Latitude": 11.397231 }, "geometry": { "type": "Point", "coordinates": [ 14.055723, 11.397231 ] } },
{ "type": "Feature", "properties": { "device_id": 375915.0, "UTC_datetime": "2026-03-26T10:37:42Z", "UTC_date": "2026-03-26", "Longitude": 14.04548, "Latitude": 11.402105 }, "geometry": { "type": "Point", "coordinates": [ 14.04548, 11.402105 ] } },
{ "type": "Feature", "properties": { "device_id": 375915.0, "UTC_datetime": "2026-03-26T11:37:12Z", "UTC_date": "2026-03-26", "Longitude": 14.045566, "Latitude": 11.402086 }, "geometry": { "type": "Point", "coordinates": [ 14.045566, 11.402086 ] } },
{ "type": "Feature", "properties": { "device_id": 375915.0, "UTC_datetime": "2026-03-26T12:37:34Z", "UTC_date": "2026-03-26", "Longitude": 14.024794, "Latitude": 11.39684 }, "geometry": { "type": "Point", "coordinates": [ 14.024794, 11.39684 ] } },
{ "type": "Feature", "properties": { "device_id": 375915.0, "UTC_datetime": "2026-03-26T13:37:09Z", "UTC_date": "2026-03-26", "Longitude": 14.043395, "Latitude": 11.387214 }, "geometry": { "type": "Point", "coordinates": [ 14.043395, 11.387214 ] } },
{ "type": "Feature", "properties": { "device_id": 375915.0, "UTC_datetime": "2026-03-26T14:37:18Z", "UTC_date": "2026-03-26", "Longitude": 14.049451, "Latitude": 11.384768 }, "geometry": { "type": "Point", "coordinates": [ 14.049451, 11.384768 ] } },
{ "type": "Feature", "properties": { "device_id": 375915.0, "UTC_datetime": "2026-03-27T07:37:09Z", "UTC_date": "2026-03-27", "Longitude": 14.047598, "Latitude": 11.387217 }, "geometry": { "type": "Point", "coordinates": [ 14.047598, 11.387217 ] } },
{ "type": "Feature", "properties": { "device_id": 375915.0, "UTC_datetime": "2026-03-27T08:37:12Z", "UTC_date": "2026-03-27", "Longitude": 14.047855, "Latitude": 11.390252 }, "geometry": { "type": "Point", "coordinates": [ 14.047855, 11.390252 ] } },
{ "type": "Feature", "properties": { "device_id": 375915.0, "UTC_datetime": "2026-03-27T09:37:35Z", "UTC_date": "2026-03-27", "Longitude": 14.055096, "Latitude": 11.399666 }, "geometry": { "type": "Point", "coordinates": [ 14.055096, 11.399666 ] } },
{ "type": "Feature", "properties": { "device_id": 375915.0, "UTC_datetime": "2026-03-27T10:37:10Z", "UTC_date": "2026-03-27", "Longitude": 14.061795, "Latitude": 11.387764 }, "geometry": { "type": "Point", "coordinates": [ 14.061795, 11.387764 ] } },
{ "type": "Feature", "properties": { "device_id": 375915.0, "UTC_datetime": "2026-03-27T11:37:13Z", "UTC_date": "2026-03-27", "Longitude": 13.883778, "Latitude": 11.18671 }, "geometry": { "type": "Point", "coordinates": [ 13.883778, 11.18671 ] } },
{ "type": "Feature", "properties": { "device_id": 375915.0, "UTC_datetime": "2026-03-27T12:37:34Z", "UTC_date": "2026-03-27", "Longitude": 13.883785, "Latitude": 11.180784 }, "geometry": { "type": "Point", "coordinates": [ 13.883785, 11.180784 ] } },
{ "type": "Feature", "properties": { "device_id": 375915.0, "UTC_datetime": "2026-03-27T13:37:10Z", "UTC_date": "2026-03-27", "Longitude": 13.927736, "Latitude": 11.205986 }, "geometry": { "type": "Point", "coordinates": [ 13.927736, 11.205986 ] } },
{ "type": "Feature", "properties": { "device_id": 375915.0, "UTC_datetime": "2026-03-27T14:37:12Z", "UTC_date": "2026-03-27", "Longitude": 14.057398, "Latitude": 11.381437 }, "geometry": { "type": "Point", "coordinates": [ 14.057398, 11.381437 ] } },
{ "type": "Feature", "properties": { "device_id": 375915.0, "UTC_datetime": "2026-03-28T07:37:25Z", "UTC_date": "2026-03-28", "Longitude": 14.049102, "Latitude": 11.398232 }, "geometry": { "type": "Point", "coordinates": [ 14.049102, 11.398232 ] } },
{ "type": "Feature", "properties": { "device_id": 375915.0, "UTC_datetime": "2026-03-28T08:37:43Z", "UTC_date": "2026-03-28", "Longitude": 14.050138, "Latitude": 11.399447 }, "geometry": { "type": "Point", "coordinates": [ 14.050138, 11.399447 ] } },
{ "type": "Feature", "properties": { "device_id": 375915.0, "UTC_datetime": "2026-03-28T09:37:12Z", "UTC_date": "2026-03-28", "Longitude": 14.017673, "Latitude": 11.335656 }, "geometry": { "type": "Point", "coordinates": [ 14.017673, 11.335656 ] } },
{ "type": "Feature", "properties": { "device_id": 375915.0, "UTC_datetime": "2026-03-28T10:37:35Z", "UTC_date": "2026-03-28", "Longitude": 13.890291, "Latitude": 11.172189 }, "geometry": { "type": "Point", "coordinates": [ 13.890291, 11.172189 ] } },
{ "type": "Feature", "properties": { "device_id": 375915.0, "UTC_datetime": "2026-03-28T11:37:13Z", "UTC_date": "2026-03-28", "Longitude": 13.890315, "Latitude": 11.172221 }, "geometry": { "type": "Point", "coordinates": [ 13.890315, 11.172221 ] } },
{ "type": "Feature", "properties": { "device_id": 375915.0, "UTC_datetime": "2026-03-28T12:37:35Z", "UTC_date": "2026-03-28", "Longitude": 13.88266, "Latitude": 11.162214 }, "geometry": { "type": "Point", "coordinates": [ 13.88266, 11.162214 ] } },
{ "type": "Feature", "properties": { "device_id": 375915.0, "UTC_datetime": "2026-03-28T13:37:11Z", "UTC_date": "2026-03-28", "Longitude": 13.846256, "Latitude": 11.106297 }, "geometry": { "type": "Point", "coordinates": [ 13.846256, 11.106297 ] } },
{ "type": "Feature", "properties": { "device_id": 375915.0, "UTC_datetime": "2026-03-28T14:37:11Z", "UTC_date": "2026-03-28", "Longitude": 14.052732, "Latitude": 11.339643 }, "geometry": { "type": "Point", "coordinates": [ 14.052732, 11.339643 ] } },
{ "type": "Feature", "properties": { "device_id": 375915.0, "UTC_datetime": "2026-03-29T07:37:13Z", "UTC_date": "2026-03-29", "Longitude": 14.06218, "Latitude": 11.376839 }, "geometry": { "type": "Point", "coordinates": [ 14.06218, 11.376839 ] } },
{ "type": "Feature", "properties": { "device_id": 375915.0, "UTC_datetime": "2026-03-29T08:37:43Z", "UTC_date": "2026-03-29", "Longitude": 14.063735, "Latitude": 11.385041 }, "geometry": { "type": "Point", "coordinates": [ 14.063735, 11.385041 ] } },
{ "type": "Feature", "properties": { "device_id": 375915.0, "UTC_datetime": "2026-03-29T09:37:13Z", "UTC_date": "2026-03-29", "Longitude": 14.016444, "Latitude": 11.3932 }, "geometry": { "type": "Point", "coordinates": [ 14.016444, 11.3932 ] } },
{ "type": "Feature", "properties": { "device_id": 375915.0, "UTC_datetime": "2026-03-29T10:37:34Z", "UTC_date": "2026-03-29", "Longitude": 13.946208, "Latitude": 11.275503 }, "geometry": { "type": "Point", "coordinates": [ 13.946208, 11.275503 ] } },
{ "type": "Feature", "properties": { "device_id": 375915.0, "UTC_datetime": "2026-03-29T11:37:12Z", "UTC_date": "2026-03-29", "Longitude": 13.824577, "Latitude": 11.115261 }, "geometry": { "type": "Point", "coordinates": [ 13.824577, 11.115261 ] } },
{ "type": "Feature", "properties": { "device_id": 375915.0, "UTC_datetime": "2026-03-29T12:37:16Z", "UTC_date": "2026-03-29", "Longitude": 13.771689, "Latitude": 10.949232 }, "geometry": { "type": "Point", "coordinates": [ 13.771689, 10.949232 ] } },
{ "type": "Feature", "properties": { "device_id": 375915.0, "UTC_datetime": "2026-03-29T13:37:14Z", "UTC_date": "2026-03-29", "Longitude": 13.75018, "Latitude": 10.937893 }, "geometry": { "type": "Point", "coordinates": [ 13.75018, 10.937893 ] } },
{ "type": "Feature", "properties": { "device_id": 375915.0, "UTC_datetime": "2026-03-29T14:37:34Z", "UTC_date": "2026-03-29", "Longitude": 13.983067, "Latitude": 11.221835 }, "geometry": { "type": "Point", "coordinates": [ 13.983067, 11.221835 ] } },
{ "type": "Feature", "properties": { "device_id": 375915.0, "UTC_datetime": "2026-03-30T07:37:34Z", "UTC_date": "2026-03-30", "Longitude": 14.13541, "Latitude": 11.374644 }, "geometry": { "type": "Point", "coordinates": [ 14.13541, 11.374644 ] } },
{ "type": "Feature", "properties": { "device_id": 375915.0, "UTC_datetime": "2026-03-30T08:37:14Z", "UTC_date": "2026-03-30", "Longitude": 14.18557, "Latitude": 11.376711 }, "geometry": { "type": "Point", "coordinates": [ 14.18557, 11.376711 ] } },
{ "type": "Feature", "properties": { "device_id": 375915.0, "UTC_datetime": "2026-03-30T09:37:14Z", "UTC_date": "2026-03-30", "Longitude": 14.156627, "Latitude": 11.285327 }, "geometry": { "type": "Point", "coordinates": [ 14.156627, 11.285327 ] } },
{ "type": "Feature", "properties": { "device_id": 375915.0, "UTC_datetime": "2026-03-30T10:37:34Z", "UTC_date": "2026-03-30", "Longitude": 14.044512, "Latitude": 11.131802 }, "geometry": { "type": "Point", "coordinates": [ 14.044512, 11.131802 ] } },
{ "type": "Feature", "properties": { "device_id": 375915.0, "UTC_datetime": "2026-03-30T11:37:15Z", "UTC_date": "2026-03-30", "Longitude": 13.825193, "Latitude": 11.003538 }, "geometry": { "type": "Point", "coordinates": [ 13.825193, 11.003538 ] } },
{ "type": "Feature", "properties": { "device_id": 375915.0, "UTC_datetime": "2026-03-30T12:37:35Z", "UTC_date": "2026-03-30", "Longitude": 13.764105, "Latitude": 10.993945 }, "geometry": { "type": "Point", "coordinates": [ 13.764105, 10.993945 ] } },
{ "type": "Feature", "properties": { "device_id": 375915.0, "UTC_datetime": "2026-03-30T13:37:14Z", "UTC_date": "2026-03-30", "Longitude": 14.111923, "Latitude": 11.008439 }, "geometry": { "type": "Point", "coordinates": [ 14.111923, 11.008439 ] } },
{ "type": "Feature", "properties": { "device_id": 375915.0, "UTC_datetime": "2026-03-30T14:37:17Z", "UTC_date": "2026-03-30", "Longitude": 13.862625, "Latitude": 11.047483 }, "geometry": { "type": "Point", "coordinates": [ 13.862625, 11.047483 ] } },
{ "type": "Feature", "properties": { "device_id": 375915.0, "UTC_datetime": "2026-03-31T07:37:22Z", "UTC_date": "2026-03-31", "Longitude": 13.860469, "Latitude": 11.048089 }, "geometry": { "type": "Point", "coordinates": [ 13.860469, 11.048089 ] } },
{ "type": "Feature", "properties": { "device_id": 375915.0, "UTC_datetime": "2026-03-31T08:37:35Z", "UTC_date": "2026-03-31", "Longitude": 13.859738, "Latitude": 11.050203 }, "geometry": { "type": "Point", "coordinates": [ 13.859738, 11.050203 ] } },
{ "type": "Feature", "properties": { "device_id": 375915.0, "UTC_datetime": "2026-03-31T09:37:16Z", "UTC_date": "2026-03-31", "Longitude": 13.852213, "Latitude": 11.052939 }, "geometry": { "type": "Point", "coordinates": [ 13.852213, 11.052939 ] } },
{ "type": "Feature", "properties": { "device_id": 375915.0, "UTC_datetime": "2026-03-31T10:37:34Z", "UTC_date": "2026-03-31", "Longitude": 13.930915, "Latitude": 11.214363 }, "geometry": { "type": "Point", "coordinates": [ 13.930915, 11.214363 ] } },
{ "type": "Feature", "properties": { "device_id": 375915.0, "UTC_datetime": "2026-03-31T11:37:16Z", "UTC_date": "2026-03-31", "Longitude": 14.028295, "Latitude": 11.205136 }, "geometry": { "type": "Point", "coordinates": [ 14.028295, 11.205136 ] } },
{ "type": "Feature", "properties": { "device_id": 375915.0, "UTC_datetime": "2026-03-31T12:37:17Z", "UTC_date": "2026-03-31", "Longitude": 14.03512, "Latitude": 11.198888 }, "geometry": { "type": "Point", "coordinates": [ 14.03512, 11.198888 ] } },
{ "type": "Feature", "properties": { "device_id": 375915.0, "UTC_datetime": "2026-03-31T13:37:18Z", "UTC_date": "2026-03-31", "Longitude": 14.05247, "Latitude": 11.29279 }, "geometry": { "type": "Point", "coordinates": [ 14.05247, 11.29279 ] } },
{ "type": "Feature", "properties": { "device_id": 375915.0, "UTC_datetime": "2026-03-31T14:37:34Z", "UTC_date": "2026-03-31", "Longitude": 14.062022, "Latitude": 11.384119 }, "geometry": { "type": "Point", "coordinates": [ 14.062022, 11.384119 ] } },
{ "type": "Feature", "properties": { "device_id": 375915.0, "UTC_datetime": "2026-04-01T07:37:18Z", "UTC_date": "2026-04-01", "Longitude": 14.056012, "Latitude": 11.382769 }, "geometry": { "type": "Point", "coordinates": [ 14.056012, 11.382769 ] } },
{ "type": "Feature", "properties": { "device_id": 375915.0, "UTC_datetime": "2026-04-01T08:37:35Z", "UTC_date": "2026-04-01", "Longitude": 14.061418, "Latitude": 11.387767 }, "geometry": { "type": "Point", "coordinates": [ 14.061418, 11.387767 ] } },
{ "type": "Feature", "properties": { "device_id": 375915.0, "UTC_datetime": "2026-04-01T09:37:17Z", "UTC_date": "2026-04-01", "Longitude": 14.070471, "Latitude": 11.225491 }, "geometry": { "type": "Point", "coordinates": [ 14.070471, 11.225491 ] } },
{ "type": "Feature", "properties": { "device_id": 375915.0, "UTC_datetime": "2026-04-01T10:37:19Z", "UTC_date": "2026-04-01", "Longitude": 14.033564, "Latitude": 11.20246 }, "geometry": { "type": "Point", "coordinates": [ 14.033564, 11.20246 ] } },
{ "type": "Feature", "properties": { "device_id": 375915.0, "UTC_datetime": "2026-04-01T11:37:35Z", "UTC_date": "2026-04-01", "Longitude": 14.033688, "Latitude": 11.20212 }, "geometry": { "type": "Point", "coordinates": [ 14.033688, 11.20212 ] } },
{ "type": "Feature", "properties": { "device_id": 375915.0, "UTC_datetime": "2026-04-01T12:37:17Z", "UTC_date": "2026-04-01", "Longitude": 14.04689, "Latitude": 11.257512 }, "geometry": { "type": "Point", "coordinates": [ 14.04689, 11.257512 ] } },
{ "type": "Feature", "properties": { "device_id": 375915.0, "UTC_datetime": "2026-04-01T13:37:35Z", "UTC_date": "2026-04-01", "Longitude": 14.060614, "Latitude": 11.374561 }, "geometry": { "type": "Point", "coordinates": [ 14.060614, 11.374561 ] } },
{ "type": "Feature", "properties": { "device_id": 375915.0, "UTC_datetime": "2026-04-01T14:37:17Z", "UTC_date": "2026-04-01", "Longitude": 14.062664, "Latitude": 11.394124 }, "geometry": { "type": "Point", "coordinates": [ 14.062664, 11.394124 ] } },
{ "type": "Feature", "properties": { "device_id": 375915.0, "UTC_datetime": "2026-04-02T07:37:35Z", "UTC_date": "2026-04-02", "Longitude": 14.063174, "Latitude": 11.395062 }, "geometry": { "type": "Point", "coordinates": [ 14.063174, 11.395062 ] } },
{ "type": "Feature", "properties": { "device_id": 375915.0, "UTC_datetime": "2026-04-02T08:37:18Z", "UTC_date": "2026-04-02", "Longitude": 14.062645, "Latitude": 11.39413 }, "geometry": { "type": "Point", "coordinates": [ 14.062645, 11.39413 ] } },
{ "type": "Feature", "properties": { "device_id": 375915.0, "UTC_datetime": "2026-04-02T09:37:19Z", "UTC_date": "2026-04-02", "Longitude": 14.062958, "Latitude": 11.382347 }, "geometry": { "type": "Point", "coordinates": [ 14.062958, 11.382347 ] } },
{ "type": "Feature", "properties": { "device_id": 375915.0, "UTC_datetime": "2026-04-02T10:37:34Z", "UTC_date": "2026-04-02", "Longitude": 14.062813, "Latitude": 11.381051 }, "geometry": { "type": "Point", "coordinates": [ 14.062813, 11.381051 ] } },
{ "type": "Feature", "properties": { "device_id": 375915.0, "UTC_datetime": "2026-04-02T11:37:35Z", "UTC_date": "2026-04-02", "Longitude": 14.063003, "Latitude": 11.382284 }, "geometry": { "type": "Point", "coordinates": [ 14.063003, 11.382284 ] } },
{ "type": "Feature", "properties": { "device_id": 375915.0, "UTC_datetime": "2026-04-02T12:37:20Z", "UTC_date": "2026-04-02", "Longitude": 14.073131, "Latitude": 11.381845 }, "geometry": { "type": "Point", "coordinates": [ 14.073131, 11.381845 ] } },
{ "type": "Feature", "properties": { "device_id": 375915.0, "UTC_datetime": "2026-04-02T13:37:20Z", "UTC_date": "2026-04-02", "Longitude": 14.073137, "Latitude": 11.381816 }, "geometry": { "type": "Point", "coordinates": [ 14.073137, 11.381816 ] } },
{ "type": "Feature", "properties": { "device_id": 375915.0, "UTC_datetime": "2026-04-02T14:37:43Z", "UTC_date": "2026-04-02", "Longitude": 14.073169, "Latitude": 11.381873 }, "geometry": { "type": "Point", "coordinates": [ 14.073169, 11.381873 ] } },
{ "type": "Feature", "properties": { "device_id": 375915.0, "UTC_datetime": "2026-04-03T07:37:21Z", "UTC_date": "2026-04-03", "Longitude": 14.060538, "Latitude": 11.377635 }, "geometry": { "type": "Point", "coordinates": [ 14.060538, 11.377635 ] } },
{ "type": "Feature", "properties": { "device_id": 375915.0, "UTC_datetime": "2026-04-03T08:37:42Z", "UTC_date": "2026-04-03", "Longitude": 14.06188, "Latitude": 11.375952 }, "geometry": { "type": "Point", "coordinates": [ 14.06188, 11.375952 ] } },
{ "type": "Feature", "properties": { "device_id": 375915.0, "UTC_datetime": "2026-04-03T09:37:22Z", "UTC_date": "2026-04-03", "Longitude": 14.061732, "Latitude": 11.375891 }, "geometry": { "type": "Point", "coordinates": [ 14.061732, 11.375891 ] } },
{ "type": "Feature", "properties": { "device_id": 375915.0, "UTC_datetime": "2026-04-03T10:37:42Z", "UTC_date": "2026-04-03", "Longitude": 14.061631, "Latitude": 11.327974 }, "geometry": { "type": "Point", "coordinates": [ 14.061631, 11.327974 ] } },
{ "type": "Feature", "properties": { "device_id": 375915.0, "UTC_datetime": "2026-04-03T11:37:20Z", "UTC_date": "2026-04-03", "Longitude": 14.027763, "Latitude": 11.202732 }, "geometry": { "type": "Point", "coordinates": [ 14.027763, 11.202732 ] } },
{ "type": "Feature", "properties": { "device_id": 375915.0, "UTC_datetime": "2026-04-03T12:37:53Z", "UTC_date": "2026-04-03", "Longitude": 14.02779, "Latitude": 11.20119 }, "geometry": { "type": "Point", "coordinates": [ 14.02779, 11.20119 ] } },
{ "type": "Feature", "properties": { "device_id": 375915.0, "UTC_datetime": "2026-04-03T13:37:20Z", "UTC_date": "2026-04-03", "Longitude": 14.028328, "Latitude": 11.19976 }, "geometry": { "type": "Point", "coordinates": [ 14.028328, 11.19976 ] } },
{ "type": "Feature", "properties": { "device_id": 375915.0, "UTC_datetime": "2026-04-03T14:37:53Z", "UTC_date": "2026-04-03", "Longitude": 14.028108, "Latitude": 11.201757 }, "geometry": { "type": "Point", "coordinates": [ 14.028108, 11.201757 ] } },
{ "type": "Feature", "properties": { "device_id": 375915.0, "UTC_datetime": "2026-04-04T07:37:23Z", "UTC_date": "2026-04-04", "Longitude": 14.062443, "Latitude": 11.388588 }, "geometry": { "type": "Point", "coordinates": [ 14.062443, 11.388588 ] } },
{ "type": "Feature", "properties": { "device_id": 375915.0, "UTC_datetime": "2026-04-04T08:37:53Z", "UTC_date": "2026-04-04", "Longitude": 14.059182, "Latitude": 11.386751 }, "geometry": { "type": "Point", "coordinates": [ 14.059182, 11.386751 ] } },
{ "type": "Feature", "properties": { "device_id": 375915.0, "UTC_datetime": "2026-04-04T09:37:23Z", "UTC_date": "2026-04-04", "Longitude": 14.059153, "Latitude": 11.385334 }, "geometry": { "type": "Point", "coordinates": [ 14.059153, 11.385334 ] } },
{ "type": "Feature", "properties": { "device_id": 375915.0, "UTC_datetime": "2026-04-04T10:37:43Z", "UTC_date": "2026-04-04", "Longitude": 14.057183, "Latitude": 11.388591 }, "geometry": { "type": "Point", "coordinates": [ 14.057183, 11.388591 ] } },
{ "type": "Feature", "properties": { "device_id": 375915.0, "UTC_datetime": "2026-04-04T11:37:21Z", "UTC_date": "2026-04-04", "Longitude": 14.05932, "Latitude": 11.388568 }, "geometry": { "type": "Point", "coordinates": [ 14.05932, 11.388568 ] } },
{ "type": "Feature", "properties": { "device_id": 375915.0, "UTC_datetime": "2026-04-04T12:37:42Z", "UTC_date": "2026-04-04", "Longitude": 14.07315, "Latitude": 11.381872 }, "geometry": { "type": "Point", "coordinates": [ 14.07315, 11.381872 ] } },
{ "type": "Feature", "properties": { "device_id": 375915.0, "UTC_datetime": "2026-04-04T13:37:24Z", "UTC_date": "2026-04-04", "Longitude": 14.073467, "Latitude": 11.379705 }, "geometry": { "type": "Point", "coordinates": [ 14.073467, 11.379705 ] } },
{ "type": "Feature", "properties": { "device_id": 375915.0, "UTC_datetime": "2026-04-04T14:37:53Z", "UTC_date": "2026-04-04", "Longitude": 14.073549, "Latitude": 11.379626 }, "geometry": { "type": "Point", "coordinates": [ 14.073549, 11.379626 ] } },
{ "type": "Feature", "properties": { "device_id": 375915.0, "UTC_datetime": "2026-04-05T07:37:24Z", "UTC_date": "2026-04-05", "Longitude": 14.06296, "Latitude": 11.382331 }, "geometry": { "type": "Point", "coordinates": [ 14.06296, 11.382331 ] } },
{ "type": "Feature", "properties": { "device_id": 375915.0, "UTC_datetime": "2026-04-05T08:37:43Z", "UTC_date": "2026-04-05", "Longitude": 14.064337, "Latitude": 11.376511 }, "geometry": { "type": "Point", "coordinates": [ 14.064337, 11.376511 ] } },
{ "type": "Feature", "properties": { "device_id": 375915.0, "UTC_datetime": "2026-04-05T09:37:43Z", "UTC_date": "2026-04-05", "Longitude": 14.059619, "Latitude": 11.383281 }, "geometry": { "type": "Point", "coordinates": [ 14.059619, 11.383281 ] } },
{ "type": "Feature", "properties": { "device_id": 375915.0, "UTC_datetime": "2026-04-05T10:37:42Z", "UTC_date": "2026-04-05", "Longitude": 14.059398, "Latitude": 11.385425 }, "geometry": { "type": "Point", "coordinates": [ 14.059398, 11.385425 ] } },
{ "type": "Feature", "properties": { "device_id": 375915.0, "UTC_datetime": "2026-04-05T11:37:44Z", "UTC_date": "2026-04-05", "Longitude": 14.059354, "Latitude": 11.376171 }, "geometry": { "type": "Point", "coordinates": [ 14.059354, 11.376171 ] } },
{ "type": "Feature", "properties": { "device_id": 375915.0, "UTC_datetime": "2026-04-05T12:37:53Z", "UTC_date": "2026-04-05", "Longitude": 14.059941, "Latitude": 11.396557 }, "geometry": { "type": "Point", "coordinates": [ 14.059941, 11.396557 ] } },
{ "type": "Feature", "properties": { "device_id": 375915.0, "UTC_datetime": "2026-04-05T13:37:23Z", "UTC_date": "2026-04-05", "Longitude": 14.058625, "Latitude": 11.387035 }, "geometry": { "type": "Point", "coordinates": [ 14.058625, 11.387035 ] } },
{ "type": "Feature", "properties": { "device_id": 375915.0, "UTC_datetime": "2026-04-05T14:37:43Z", "UTC_date": "2026-04-05", "Longitude": 14.045069, "Latitude": 11.39509 }, "geometry": { "type": "Point", "coordinates": [ 14.045069, 11.39509 ] } },
{ "type": "Feature", "properties": { "device_id": 375915.0, "UTC_datetime": "2026-04-06T07:37:25Z", "UTC_date": "2026-04-06", "Longitude": 14.059151, "Latitude": 11.388624 }, "geometry": { "type": "Point", "coordinates": [ 14.059151, 11.388624 ] } },
{ "type": "Feature", "properties": { "device_id": 375915.0, "UTC_datetime": "2026-04-06T08:37:44Z", "UTC_date": "2026-04-06", "Longitude": 14.063507, "Latitude": 11.396226 }, "geometry": { "type": "Point", "coordinates": [ 14.063507, 11.396226 ] } },
{ "type": "Feature", "properties": { "device_id": 375915.0, "UTC_datetime": "2026-04-06T09:37:44Z", "UTC_date": "2026-04-06", "Longitude": 14.059373, "Latitude": 11.384045 }, "geometry": { "type": "Point", "coordinates": [ 14.059373, 11.384045 ] } },
{ "type": "Feature", "properties": { "device_id": 375915.0, "UTC_datetime": "2026-04-06T10:37:42Z", "UTC_date": "2026-04-06", "Longitude": 14.057785, "Latitude": 11.426807 }, "geometry": { "type": "Point", "coordinates": [ 14.057785, 11.426807 ] } },
{ "type": "Feature", "properties": { "device_id": 375915.0, "UTC_datetime": "2026-04-06T11:37:44Z", "UTC_date": "2026-04-06", "Longitude": 14.04783, "Latitude": 11.361259 }, "geometry": { "type": "Point", "coordinates": [ 14.04783, 11.361259 ] } },
{ "type": "Feature", "properties": { "device_id": 375915.0, "UTC_datetime": "2026-04-06T12:37:42Z", "UTC_date": "2026-04-06", "Longitude": 14.056957, "Latitude": 11.382061 }, "geometry": { "type": "Point", "coordinates": [ 14.056957, 11.382061 ] } },
{ "type": "Feature", "properties": { "device_id": 375915.0, "UTC_datetime": "2026-04-06T13:37:54Z", "UTC_date": "2026-04-06", "Longitude": 14.050178, "Latitude": 11.388199 }, "geometry": { "type": "Point", "coordinates": [ 14.050178, 11.388199 ] } },
{ "type": "Feature", "properties": { "device_id": 375915.0, "UTC_datetime": "2026-04-06T14:37:27Z", "UTC_date": "2026-04-06", "Longitude": 14.043547, "Latitude": 11.387419 }, "geometry": { "type": "Point", "coordinates": [ 14.043547, 11.387419 ] } },
{ "type": "Feature", "properties": { "device_id": 375915.0, "UTC_datetime": "2026-04-07T07:37:42Z", "UTC_date": "2026-04-07", "Longitude": 14.065214, "Latitude": 11.373814 }, "geometry": { "type": "Point", "coordinates": [ 14.065214, 11.373814 ] } },
{ "type": "Feature", "properties": { "device_id": 375915.0, "UTC_datetime": "2026-04-07T08:37:44Z", "UTC_date": "2026-04-07", "Longitude": 14.020627, "Latitude": 11.279777 }, "geometry": { "type": "Point", "coordinates": [ 14.020627, 11.279777 ] } },
{ "type": "Feature", "properties": { "device_id": 375915.0, "UTC_datetime": "2026-04-07T09:37:42Z", "UTC_date": "2026-04-07", "Longitude": 14.030604, "Latitude": 11.206383 }, "geometry": { "type": "Point", "coordinates": [ 14.030604, 11.206383 ] } },
{ "type": "Feature", "properties": { "device_id": 375915.0, "UTC_datetime": "2026-04-07T10:38:05Z", "UTC_date": "2026-04-07", "Longitude": 14.032822, "Latitude": 11.203816 }, "geometry": { "type": "Point", "coordinates": [ 14.032822, 11.203816 ] } },
{ "type": "Feature", "properties": { "device_id": 375915.0, "UTC_datetime": "2026-04-07T11:37:25Z", "UTC_date": "2026-04-07", "Longitude": 13.823008, "Latitude": 11.001859 }, "geometry": { "type": "Point", "coordinates": [ 13.823008, 11.001859 ] } },
{ "type": "Feature", "properties": { "device_id": 375915.0, "UTC_datetime": "2026-04-07T12:37:25Z", "UTC_date": "2026-04-07", "Longitude": 13.842414, "Latitude": 11.051816 }, "geometry": { "type": "Point", "coordinates": [ 13.842414, 11.051816 ] } },
{ "type": "Feature", "properties": { "device_id": 375915.0, "UTC_datetime": "2026-04-07T13:37:43Z", "UTC_date": "2026-04-07", "Longitude": 13.917345, "Latitude": 11.142054 }, "geometry": { "type": "Point", "coordinates": [ 13.917345, 11.142054 ] } },
{ "type": "Feature", "properties": { "device_id": 375915.0, "UTC_datetime": "2026-04-07T14:37:29Z", "UTC_date": "2026-04-07", "Longitude": 13.998603, "Latitude": 11.247133 }, "geometry": { "type": "Point", "coordinates": [ 13.998603, 11.247133 ] } },
{ "type": "Feature", "properties": { "device_id": 375915.0, "UTC_datetime": "2026-04-08T07:37:29Z", "UTC_date": "2026-04-08", "Longitude": 14.059442, "Latitude": 11.385412 }, "geometry": { "type": "Point", "coordinates": [ 14.059442, 11.385412 ] } },
{ "type": "Feature", "properties": { "device_id": 375915.0, "UTC_datetime": "2026-04-08T08:37:58Z", "UTC_date": "2026-04-08", "Longitude": 14.061878, "Latitude": 11.375964 }, "geometry": { "type": "Point", "coordinates": [ 14.061878, 11.375964 ] } },
{ "type": "Feature", "properties": { "device_id": 375915.0, "UTC_datetime": "2026-04-08T09:37:43Z", "UTC_date": "2026-04-08", "Longitude": 14.043513, "Latitude": 11.370024 }, "geometry": { "type": "Point", "coordinates": [ 14.043513, 11.370024 ] } },
{ "type": "Feature", "properties": { "device_id": 375915.0, "UTC_datetime": "2026-04-08T10:37:30Z", "UTC_date": "2026-04-08", "Longitude": 14.03358, "Latitude": 11.202486 }, "geometry": { "type": "Point", "coordinates": [ 14.03358, 11.202486 ] } },
{ "type": "Feature", "properties": { "device_id": 375915.0, "UTC_datetime": "2026-04-08T11:37:29Z", "UTC_date": "2026-04-08", "Longitude": 13.989816, "Latitude": 11.177583 }, "geometry": { "type": "Point", "coordinates": [ 13.989816, 11.177583 ] } },
{ "type": "Feature", "properties": { "device_id": 375915.0, "UTC_datetime": "2026-04-08T12:38:05Z", "UTC_date": "2026-04-08", "Longitude": 13.807281, "Latitude": 11.002597 }, "geometry": { "type": "Point", "coordinates": [ 13.807281, 11.002597 ] } },
{ "type": "Feature", "properties": { "device_id": 375915.0, "UTC_datetime": "2026-04-08T13:37:29Z", "UTC_date": "2026-04-08", "Longitude": 13.862324, "Latitude": 11.047856 }, "geometry": { "type": "Point", "coordinates": [ 13.862324, 11.047856 ] } },
{ "type": "Feature", "properties": { "device_id": 375915.0, "UTC_datetime": "2026-04-08T14:37:26Z", "UTC_date": "2026-04-08", "Longitude": 13.897696, "Latitude": 11.234899 }, "geometry": { "type": "Point", "coordinates": [ 13.897696, 11.234899 ] } },
{ "type": "Feature", "properties": { "device_id": 375915.0, "UTC_datetime": "2026-04-09T07:37:29Z", "UTC_date": "2026-04-09", "Longitude": 14.073612, "Latitude": 11.378768 }, "geometry": { "type": "Point", "coordinates": [ 14.073612, 11.378768 ] } },
{ "type": "Feature", "properties": { "device_id": 375915.0, "UTC_datetime": "2026-04-09T08:37:58Z", "UTC_date": "2026-04-09", "Longitude": 14.073688, "Latitude": 11.378788 }, "geometry": { "type": "Point", "coordinates": [ 14.073688, 11.378788 ] } },
{ "type": "Feature", "properties": { "device_id": 375915.0, "UTC_datetime": "2026-04-09T09:37:28Z", "UTC_date": "2026-04-09", "Longitude": 14.073662, "Latitude": 11.378782 }, "geometry": { "type": "Point", "coordinates": [ 14.073662, 11.378782 ] } },
{ "type": "Feature", "properties": { "device_id": 375915.0, "UTC_datetime": "2026-04-09T10:37:30Z", "UTC_date": "2026-04-09", "Longitude": 14.008733, "Latitude": 11.243406 }, "geometry": { "type": "Point", "coordinates": [ 14.008733, 11.243406 ] } },
{ "type": "Feature", "properties": { "device_id": 375915.0, "UTC_datetime": "2026-04-09T11:37:59Z", "UTC_date": "2026-04-09", "Longitude": 14.031415, "Latitude": 11.209184 }, "geometry": { "type": "Point", "coordinates": [ 14.031415, 11.209184 ] } },
{ "type": "Feature", "properties": { "device_id": 375915.0, "UTC_datetime": "2026-04-09T12:37:43Z", "UTC_date": "2026-04-09", "Longitude": 14.023385, "Latitude": 11.199895 }, "geometry": { "type": "Point", "coordinates": [ 14.023385, 11.199895 ] } },
{ "type": "Feature", "properties": { "device_id": 375915.0, "UTC_datetime": "2026-04-09T13:37:30Z", "UTC_date": "2026-04-09", "Longitude": 14.064522, "Latitude": 11.384594 }, "geometry": { "type": "Point", "coordinates": [ 14.064522, 11.384594 ] } },
{ "type": "Feature", "properties": { "device_id": 375915.0, "UTC_datetime": "2026-04-09T14:37:59Z", "UTC_date": "2026-04-09", "Longitude": 14.063592, "Latitude": 11.377554 }, "geometry": { "type": "Point", "coordinates": [ 14.063592, 11.377554 ] } },
{ "type": "Feature", "properties": { "device_id": 375915.0, "UTC_datetime": "2026-04-10T07:37:33Z", "UTC_date": "2026-04-10", "Longitude": 14.06362, "Latitude": 11.396239 }, "geometry": { "type": "Point", "coordinates": [ 14.06362, 11.396239 ] } },
{ "type": "Feature", "properties": { "device_id": 375915.0, "UTC_datetime": "2026-04-10T08:38:05Z", "UTC_date": "2026-04-10", "Longitude": 14.073688, "Latitude": 11.378795 }, "geometry": { "type": "Point", "coordinates": [ 14.073688, 11.378795 ] } },
{ "type": "Feature", "properties": { "device_id": 375915.0, "UTC_datetime": "2026-04-10T09:37:29Z", "UTC_date": "2026-04-10", "Longitude": 14.045249, "Latitude": 11.316931 }, "geometry": { "type": "Point", "coordinates": [ 14.045249, 11.316931 ] } },
{ "type": "Feature", "properties": { "device_id": 375915.0, "UTC_datetime": "2026-04-10T10:37:30Z", "UTC_date": "2026-04-10", "Longitude": 14.030458, "Latitude": 11.207144 }, "geometry": { "type": "Point", "coordinates": [ 14.030458, 11.207144 ] } },
{ "type": "Feature", "properties": { "device_id": 375915.0, "UTC_datetime": "2026-04-10T11:37:43Z", "UTC_date": "2026-04-10", "Longitude": 14.027833, "Latitude": 11.202716 }, "geometry": { "type": "Point", "coordinates": [ 14.027833, 11.202716 ] } },
{ "type": "Feature", "properties": { "device_id": 375915.0, "UTC_datetime": "2026-04-10T12:37:44Z", "UTC_date": "2026-04-10", "Longitude": 14.052301, "Latitude": 11.30055 }, "geometry": { "type": "Point", "coordinates": [ 14.052301, 11.30055 ] } },
{ "type": "Feature", "properties": { "device_id": 375915.0, "UTC_datetime": "2026-04-10T13:37:42Z", "UTC_date": "2026-04-10", "Longitude": 14.052446, "Latitude": 11.370543 }, "geometry": { "type": "Point", "coordinates": [ 14.052446, 11.370543 ] } },
{ "type": "Feature", "properties": { "device_id": 375915.0, "UTC_datetime": "2026-04-10T14:37:59Z", "UTC_date": "2026-04-10", "Longitude": 14.05529, "Latitude": 11.354388 }, "geometry": { "type": "Point", "coordinates": [ 14.05529, 11.354388 ] } },
{ "type": "Feature", "properties": { "device_id": 375915.0, "UTC_datetime": "2026-04-11T07:37:40Z", "UTC_date": "2026-04-11", "Longitude": 14.063381, "Latitude": 11.398177 }, "geometry": { "type": "Point", "coordinates": [ 14.063381, 11.398177 ] } },
{ "type": "Feature", "properties": { "device_id": 375915.0, "UTC_datetime": "2026-04-11T08:37:42Z", "UTC_date": "2026-04-11", "Longitude": 14.065051, "Latitude": 11.398449 }, "geometry": { "type": "Point", "coordinates": [ 14.065051, 11.398449 ] } },
{ "type": "Feature", "properties": { "device_id": 375915.0, "UTC_datetime": "2026-04-11T09:37:37Z", "UTC_date": "2026-04-11", "Longitude": 14.052298, "Latitude": 11.406552 }, "geometry": { "type": "Point", "coordinates": [ 14.052298, 11.406552 ] } },
{ "type": "Feature", "properties": { "device_id": 375915.0, "UTC_datetime": "2026-04-11T10:38:05Z", "UTC_date": "2026-04-11", "Longitude": 13.856613, "Latitude": 11.512098 }, "geometry": { "type": "Point", "coordinates": [ 13.856613, 11.512098 ] } },
{ "type": "Feature", "properties": { "device_id": 375915.0, "UTC_datetime": "2026-04-11T11:37:31Z", "UTC_date": "2026-04-11", "Longitude": 14.03315, "Latitude": 11.270159 }, "geometry": { "type": "Point", "coordinates": [ 14.03315, 11.270159 ] } },
{ "type": "Feature", "properties": { "device_id": 375915.0, "UTC_datetime": "2026-04-11T12:37:32Z", "UTC_date": "2026-04-11", "Longitude": 14.051202, "Latitude": 11.292968 }, "geometry": { "type": "Point", "coordinates": [ 14.051202, 11.292968 ] } },
{ "type": "Feature", "properties": { "device_id": 375915.0, "UTC_datetime": "2026-04-11T13:37:32Z", "UTC_date": "2026-04-11", "Longitude": 14.063757, "Latitude": 11.396559 }, "geometry": { "type": "Point", "coordinates": [ 14.063757, 11.396559 ] } },
{ "type": "Feature", "properties": { "device_id": 375915.0, "UTC_datetime": "2026-04-11T14:37:42Z", "UTC_date": "2026-04-11", "Longitude": 14.062995, "Latitude": 11.400858 }, "geometry": { "type": "Point", "coordinates": [ 14.062995, 11.400858 ] } },
{ "type": "Feature", "properties": { "device_id": 375915.0, "UTC_datetime": "2026-04-12T07:37:32Z", "UTC_date": "2026-04-12", "Longitude": 14.062763, "Latitude": 11.375328 }, "geometry": { "type": "Point", "coordinates": [ 14.062763, 11.375328 ] } },
{ "type": "Feature", "properties": { "device_id": 375915.0, "UTC_datetime": "2026-04-12T08:37:31Z", "UTC_date": "2026-04-12", "Longitude": 14.065449, "Latitude": 11.373047 }, "geometry": { "type": "Point", "coordinates": [ 14.065449, 11.373047 ] } },
{ "type": "Feature", "properties": { "device_id": 375915.0, "UTC_datetime": "2026-04-12T09:37:31Z", "UTC_date": "2026-04-12", "Longitude": 14.027545, "Latitude": 11.203541 }, "geometry": { "type": "Point", "coordinates": [ 14.027545, 11.203541 ] } },
{ "type": "Feature", "properties": { "device_id": 375915.0, "UTC_datetime": "2026-04-12T10:38:05Z", "UTC_date": "2026-04-12", "Longitude": 14.031176, "Latitude": 11.205873 }, "geometry": { "type": "Point", "coordinates": [ 14.031176, 11.205873 ] } },
{ "type": "Feature", "properties": { "device_id": 375915.0, "UTC_datetime": "2026-04-12T11:37:32Z", "UTC_date": "2026-04-12", "Longitude": 14.035414, "Latitude": 11.208611 }, "geometry": { "type": "Point", "coordinates": [ 14.035414, 11.208611 ] } },
{ "type": "Feature", "properties": { "device_id": 375915.0, "UTC_datetime": "2026-04-12T12:37:32Z", "UTC_date": "2026-04-12", "Longitude": 14.395071, "Latitude": 11.410036 }, "geometry": { "type": "Point", "coordinates": [ 14.395071, 11.410036 ] } },
{ "type": "Feature", "properties": { "device_id": 375915.0, "UTC_datetime": "2026-04-12T13:37:33Z", "UTC_date": "2026-04-12", "Longitude": 14.670072, "Latitude": 11.777452 }, "geometry": { "type": "Point", "coordinates": [ 14.670072, 11.777452 ] } },
{ "type": "Feature", "properties": { "device_id": 375915.0, "UTC_datetime": "2026-04-12T14:38:05Z", "UTC_date": "2026-04-12", "Longitude": 14.727145, "Latitude": 11.683132 }, "geometry": { "type": "Point", "coordinates": [ 14.727145, 11.683132 ] } },
{ "type": "Feature", "properties": { "device_id": 375915.0, "UTC_datetime": "2026-04-13T07:37:33Z", "UTC_date": "2026-04-13", "Longitude": 14.572055, "Latitude": 11.589545 }, "geometry": { "type": "Point", "coordinates": [ 14.572055, 11.589545 ] } },
{ "type": "Feature", "properties": { "device_id": 375915.0, "UTC_datetime": "2026-04-13T08:37:33Z", "UTC_date": "2026-04-13", "Longitude": 14.721686, "Latitude": 11.873051 }, "geometry": { "type": "Point", "coordinates": [ 14.721686, 11.873051 ] } },
{ "type": "Feature", "properties": { "device_id": 375915.0, "UTC_datetime": "2026-04-13T09:37:36Z", "UTC_date": "2026-04-13", "Longitude": 14.922103, "Latitude": 12.344042 }, "geometry": { "type": "Point", "coordinates": [ 14.922103, 12.344042 ] } },
{ "type": "Feature", "properties": { "device_id": 375915.0, "UTC_datetime": "2026-04-13T10:37:43Z", "UTC_date": "2026-04-13", "Longitude": 15.038722, "Latitude": 12.869357 }, "geometry": { "type": "Point", "coordinates": [ 15.038722, 12.869357 ] } },
{ "type": "Feature", "properties": { "device_id": 375915.0, "UTC_datetime": "2026-04-13T11:37:35Z", "UTC_date": "2026-04-13", "Longitude": 15.302532, "Latitude": 13.265581 }, "geometry": { "type": "Point", "coordinates": [ 15.302532, 13.265581 ] } },
{ "type": "Feature", "properties": { "device_id": 375915.0, "UTC_datetime": "2026-04-13T12:38:05Z", "UTC_date": "2026-04-13", "Longitude": 15.732157, "Latitude": 13.600291 }, "geometry": { "type": "Point", "coordinates": [ 15.732157, 13.600291 ] } },
{ "type": "Feature", "properties": { "device_id": 375915.0, "UTC_datetime": "2026-04-13T13:37:34Z", "UTC_date": "2026-04-13", "Longitude": 16.127563, "Latitude": 13.871622 }, "geometry": { "type": "Point", "coordinates": [ 16.127563, 13.871622 ] } },
{ "type": "Feature", "properties": { "device_id": 375915.0, "UTC_datetime": "2026-04-13T14:37:35Z", "UTC_date": "2026-04-13", "Longitude": 16.461803, "Latitude": 14.00826 }, "geometry": { "type": "Point", "coordinates": [ 16.461803, 14.00826 ] } },
{ "type": "Feature", "properties": { "device_id": 375915.0, "UTC_datetime": "2026-04-14T07:37:35Z", "UTC_date": "2026-04-14", "Longitude": 16.795015, "Latitude": 14.325675 }, "geometry": { "type": "Point", "coordinates": [ 16.795015, 14.325675 ] } },
{ "type": "Feature", "properties": { "device_id": 375915.0, "UTC_datetime": "2026-04-14T08:38:05Z", "UTC_date": "2026-04-14", "Longitude": 16.640177, "Latitude": 14.667239 }, "geometry": { "type": "Point", "coordinates": [ 16.640177, 14.667239 ] } },
{ "type": "Feature", "properties": { "device_id": 375915.0, "UTC_datetime": "2026-04-14T09:37:35Z", "UTC_date": "2026-04-14", "Longitude": 16.590015, "Latitude": 14.874835 }, "geometry": { "type": "Point", "coordinates": [ 16.590015, 14.874835 ] } },
{ "type": "Feature", "properties": { "device_id": 375915.0, "UTC_datetime": "2026-04-14T10:37:36Z", "UTC_date": "2026-04-14", "Longitude": 16.642971, "Latitude": 14.909015 }, "geometry": { "type": "Point", "coordinates": [ 16.642971, 14.909015 ] } },
{ "type": "Feature", "properties": { "device_id": 375915.0, "UTC_datetime": "2026-04-14T11:37:35Z", "UTC_date": "2026-04-14", "Longitude": 16.769861, "Latitude": 14.759304 }, "geometry": { "type": "Point", "coordinates": [ 16.769861, 14.759304 ] } },
{ "type": "Feature", "properties": { "device_id": 375915.0, "UTC_datetime": "2026-04-14T12:38:04Z", "UTC_date": "2026-04-14", "Longitude": 17.063038, "Latitude": 14.646387 }, "geometry": { "type": "Point", "coordinates": [ 17.063038, 14.646387 ] } },
{ "type": "Feature", "properties": { "device_id": 375915.0, "UTC_datetime": "2026-04-14T13:37:35Z", "UTC_date": "2026-04-14", "Longitude": 17.416069, "Latitude": 14.548013 }, "geometry": { "type": "Point", "coordinates": [ 17.416069, 14.548013 ] } },
{ "type": "Feature", "properties": { "device_id": 375915.0, "UTC_datetime": "2026-04-14T14:37:41Z", "UTC_date": "2026-04-14", "Longitude": 17.804102, "Latitude": 14.502477 }, "geometry": { "type": "Point", "coordinates": [ 17.804102, 14.502477 ] } },
{ "type": "Feature", "properties": { "device_id": 375915.0, "UTC_datetime": "2026-04-15T07:37:36Z", "UTC_date": "2026-04-15", "Longitude": 18.480417, "Latitude": 14.814763 }, "geometry": { "type": "Point", "coordinates": [ 18.480417, 14.814763 ] } },
{ "type": "Feature", "properties": { "device_id": 375915.0, "UTC_datetime": "2026-04-15T08:37:36Z", "UTC_date": "2026-04-15", "Longitude": 18.535074, "Latitude": 15.051221 }, "geometry": { "type": "Point", "coordinates": [ 18.535074, 15.051221 ] } },
{ "type": "Feature", "properties": { "device_id": 375915.0, "UTC_datetime": "2026-04-15T09:37:37Z", "UTC_date": "2026-04-15", "Longitude": 18.647871, "Latitude": 15.180655 }, "geometry": { "type": "Point", "coordinates": [ 18.647871, 15.180655 ] } },
{ "type": "Feature", "properties": { "device_id": 375915.0, "UTC_datetime": "2026-04-15T10:38:04Z", "UTC_date": "2026-04-15", "Longitude": 18.828875, "Latitude": 15.186804 }, "geometry": { "type": "Point", "coordinates": [ 18.828875, 15.186804 ] } },
{ "type": "Feature", "properties": { "device_id": 375915.0, "UTC_datetime": "2026-04-15T11:37:37Z", "UTC_date": "2026-04-15", "Longitude": 19.274633, "Latitude": 15.197153 }, "geometry": { "type": "Point", "coordinates": [ 19.274633, 15.197153 ] } },
{ "type": "Feature", "properties": { "device_id": 375915.0, "UTC_datetime": "2026-04-15T12:37:39Z", "UTC_date": "2026-04-15", "Longitude": 19.698704, "Latitude": 15.155997 }, "geometry": { "type": "Point", "coordinates": [ 19.698704, 15.155997 ] } },
{ "type": "Feature", "properties": { "device_id": 375915.0, "UTC_datetime": "2026-04-15T13:37:37Z", "UTC_date": "2026-04-15", "Longitude": 20.242569, "Latitude": 15.156661 }, "geometry": { "type": "Point", "coordinates": [ 20.242569, 15.156661 ] } },
{ "type": "Feature", "properties": { "device_id": 375915.0, "UTC_datetime": "2026-04-15T14:38:04Z", "UTC_date": "2026-04-15", "Longitude": 20.724831, "Latitude": 15.157698 }, "geometry": { "type": "Point", "coordinates": [ 20.724831, 15.157698 ] } },
{ "type": "Feature", "properties": { "device_id": 375915.0, "UTC_datetime": "2026-04-16T07:37:38Z", "UTC_date": "2026-04-16", "Longitude": 21.306845, "Latitude": 15.123407 }, "geometry": { "type": "Point", "coordinates": [ 21.306845, 15.123407 ] } },
{ "type": "Feature", "properties": { "device_id": 375915.0, "UTC_datetime": "2026-04-16T08:38:05Z", "UTC_date": "2026-04-16", "Longitude": 21.363138, "Latitude": 15.155339 }, "geometry": { "type": "Point", "coordinates": [ 21.363138, 15.155339 ] } },
{ "type": "Feature", "properties": { "device_id": 375915.0, "UTC_datetime": "2026-04-16T09:37:39Z", "UTC_date": "2026-04-16", "Longitude": 21.618265, "Latitude": 15.315168 }, "geometry": { "type": "Point", "coordinates": [ 21.618265, 15.315168 ] } },
{ "type": "Feature", "properties": { "device_id": 375915.0, "UTC_datetime": "2026-04-16T10:37:38Z", "UTC_date": "2026-04-16", "Longitude": 21.886053, "Latitude": 15.336012 }, "geometry": { "type": "Point", "coordinates": [ 21.886053, 15.336012 ] } },
{ "type": "Feature", "properties": { "device_id": 375915.0, "UTC_datetime": "2026-04-16T11:37:39Z", "UTC_date": "2026-04-16", "Longitude": 22.479612, "Latitude": 15.426859 }, "geometry": { "type": "Point", "coordinates": [ 22.479612, 15.426859 ] } },
{ "type": "Feature", "properties": { "device_id": 375915.0, "UTC_datetime": "2026-04-16T12:38:04Z", "UTC_date": "2026-04-16", "Longitude": 23.091625, "Latitude": 15.577876 }, "geometry": { "type": "Point", "coordinates": [ 23.091625, 15.577876 ] } },
{ "type": "Feature", "properties": { "device_id": 375915.0, "UTC_datetime": "2026-04-16T13:37:39Z", "UTC_date": "2026-04-16", "Longitude": 23.655075, "Latitude": 15.893993 }, "geometry": { "type": "Point", "coordinates": [ 23.655075, 15.893993 ] } },
{ "type": "Feature", "properties": { "device_id": 375915.0, "UTC_datetime": "2026-04-16T14:38:05Z", "UTC_date": "2026-04-16", "Longitude": 24.089849, "Latitude": 16.164852 }, "geometry": { "type": "Point", "coordinates": [ 24.089849, 16.164852 ] } },
{ "type": "Feature", "properties": { "device_id": 375915.0, "UTC_datetime": "2026-04-17T07:37:40Z", "UTC_date": "2026-04-17", "Longitude": 24.576553, "Latitude": 16.222488 }, "geometry": { "type": "Point", "coordinates": [ 24.576553, 16.222488 ] } },
{ "type": "Feature", "properties": { "device_id": 375915.0, "UTC_datetime": "2026-04-17T08:38:05Z", "UTC_date": "2026-04-17", "Longitude": 24.696659, "Latitude": 16.183317 }, "geometry": { "type": "Point", "coordinates": [ 24.696659, 16.183317 ] } },
{ "type": "Feature", "properties": { "device_id": 375915.0, "UTC_datetime": "2026-04-17T09:37:41Z", "UTC_date": "2026-04-17", "Longitude": 24.894344, "Latitude": 16.204306 }, "geometry": { "type": "Point", "coordinates": [ 24.894344, 16.204306 ] } },
{ "type": "Feature", "properties": { "device_id": 375915.0, "UTC_datetime": "2026-04-17T10:37:53Z", "UTC_date": "2026-04-17", "Longitude": 25.022789, "Latitude": 16.430269 }, "geometry": { "type": "Point", "coordinates": [ 25.022789, 16.430269 ] } },
{ "type": "Feature", "properties": { "device_id": 375915.0, "UTC_datetime": "2026-04-17T11:37:42Z", "UTC_date": "2026-04-17", "Longitude": 25.259907, "Latitude": 16.661011 }, "geometry": { "type": "Point", "coordinates": [ 25.259907, 16.661011 ] } },
{ "type": "Feature", "properties": { "device_id": 375915.0, "UTC_datetime": "2026-04-17T12:38:04Z", "UTC_date": "2026-04-17", "Longitude": 25.581509, "Latitude": 16.791594 }, "geometry": { "type": "Point", "coordinates": [ 25.581509, 16.791594 ] } },
{ "type": "Feature", "properties": { "device_id": 375915.0, "UTC_datetime": "2026-04-17T13:37:40Z", "UTC_date": "2026-04-17", "Longitude": 25.918606, "Latitude": 16.953331 }, "geometry": { "type": "Point", "coordinates": [ 25.918606, 16.953331 ] } },
{ "type": "Feature", "properties": { "device_id": 375915.0, "UTC_datetime": "2026-04-17T14:37:40Z", "UTC_date": "2026-04-17", "Longitude": 26.13866, "Latitude": 17.044277 }, "geometry": { "type": "Point", "coordinates": [ 26.13866, 17.044277 ] } },
{ "type": "Feature", "properties": { "device_id": 375915.0, "UTC_datetime": "2026-04-18T07:38:05Z", "UTC_date": "2026-04-18", "Longitude": 26.271616, "Latitude": 17.234564 }, "geometry": { "type": "Point", "coordinates": [ 26.271616, 17.234564 ] } },
{ "type": "Feature", "properties": { "device_id": 375915.0, "UTC_datetime": "2026-04-18T08:37:42Z", "UTC_date": "2026-04-18", "Longitude": 26.225576, "Latitude": 17.433315 }, "geometry": { "type": "Point", "coordinates": [ 26.225576, 17.433315 ] } },
{ "type": "Feature", "properties": { "device_id": 375915.0, "UTC_datetime": "2026-04-18T09:37:43Z", "UTC_date": "2026-04-18", "Longitude": 26.153469, "Latitude": 17.675907 }, "geometry": { "type": "Point", "coordinates": [ 26.153469, 17.675907 ] } },
{ "type": "Feature", "properties": { "device_id": 375915.0, "UTC_datetime": "2026-04-18T10:38:04Z", "UTC_date": "2026-04-18", "Longitude": 26.299694, "Latitude": 17.759172 }, "geometry": { "type": "Point", "coordinates": [ 26.299694, 17.759172 ] } },
{ "type": "Feature", "properties": { "device_id": 375915.0, "UTC_datetime": "2026-04-18T11:38:05Z", "UTC_date": "2026-04-18", "Longitude": 26.540915, "Latitude": 17.788624 }, "geometry": { "type": "Point", "coordinates": [ 26.540915, 17.788624 ] } },
{ "type": "Feature", "properties": { "device_id": 375915.0, "UTC_datetime": "2026-04-18T12:37:42Z", "UTC_date": "2026-04-18", "Longitude": 26.759186, "Latitude": 17.96559 }, "geometry": { "type": "Point", "coordinates": [ 26.759186, 17.96559 ] } },
{ "type": "Feature", "properties": { "device_id": 375915.0, "UTC_datetime": "2026-04-18T13:37:45Z", "UTC_date": "2026-04-18", "Longitude": 26.87364, "Latitude": 18.112698 }, "geometry": { "type": "Point", "coordinates": [ 26.87364, 18.112698 ] } },
{ "type": "Feature", "properties": { "device_id": 375915.0, "UTC_datetime": "2026-04-18T14:38:04Z", "UTC_date": "2026-04-18", "Longitude": 26.900379, "Latitude": 18.287069 }, "geometry": { "type": "Point", "coordinates": [ 26.900379, 18.287069 ] } },
{ "type": "Feature", "properties": { "device_id": 375915.0, "UTC_datetime": "2026-04-19T07:38:05Z", "UTC_date": "2026-04-19", "Longitude": 26.987181, "Latitude": 18.358032 }, "geometry": { "type": "Point", "coordinates": [ 26.987181, 18.358032 ] } },
{ "type": "Feature", "properties": { "device_id": 375915.0, "UTC_datetime": "2026-04-19T08:37:43Z", "UTC_date": "2026-04-19", "Longitude": 26.96077, "Latitude": 18.452877 }, "geometry": { "type": "Point", "coordinates": [ 26.96077, 18.452877 ] } },
{ "type": "Feature", "properties": { "device_id": 375915.0, "UTC_datetime": "2026-04-19T09:38:05Z", "UTC_date": "2026-04-19", "Longitude": 26.91328, "Latitude": 18.579485 }, "geometry": { "type": "Point", "coordinates": [ 26.91328, 18.579485 ] } },
{ "type": "Feature", "properties": { "device_id": 375915.0, "UTC_datetime": "2026-04-19T10:37:44Z", "UTC_date": "2026-04-19", "Longitude": 26.93914, "Latitude": 18.726587 }, "geometry": { "type": "Point", "coordinates": [ 26.93914, 18.726587 ] } },
{ "type": "Feature", "properties": { "device_id": 375915.0, "UTC_datetime": "2026-04-19T11:37:45Z", "UTC_date": "2026-04-19", "Longitude": 27.034374, "Latitude": 18.861338 }, "geometry": { "type": "Point", "coordinates": [ 27.034374, 18.861338 ] } },
{ "type": "Feature", "properties": { "device_id": 375915.0, "UTC_datetime": "2026-04-19T12:38:04Z", "UTC_date": "2026-04-19", "Longitude": 27.28087, "Latitude": 18.959087 }, "geometry": { "type": "Point", "coordinates": [ 27.28087, 18.959087 ] } },
{ "type": "Feature", "properties": { "device_id": 375915.0, "UTC_datetime": "2026-04-19T13:37:43Z", "UTC_date": "2026-04-19", "Longitude": 27.495369, "Latitude": 18.977394 }, "geometry": { "type": "Point", "coordinates": [ 27.495369, 18.977394 ] } },
{ "type": "Feature", "properties": { "device_id": 375915.0, "UTC_datetime": "2026-04-19T14:38:05Z", "UTC_date": "2026-04-19", "Longitude": 27.598749, "Latitude": 18.947126 }, "geometry": { "type": "Point", "coordinates": [ 27.598749, 18.947126 ] } },
{ "type": "Feature", "properties": { "device_id": 375915.0, "UTC_datetime": "2026-04-20T07:37:44Z", "UTC_date": "2026-04-20", "Longitude": 27.599585, "Latitude": 18.918064 }, "geometry": { "type": "Point", "coordinates": [ 27.599585, 18.918064 ] } },
{ "type": "Feature", "properties": { "device_id": 375915.0, "UTC_datetime": "2026-04-20T08:38:05Z", "UTC_date": "2026-04-20", "Longitude": 27.545919, "Latitude": 18.892 }, "geometry": { "type": "Point", "coordinates": [ 27.545919, 18.892 ] } },
{ "type": "Feature", "properties": { "device_id": 375915.0, "UTC_datetime": "2026-04-20T09:37:46Z", "UTC_date": "2026-04-20", "Longitude": 27.437208, "Latitude": 19.020668 }, "geometry": { "type": "Point", "coordinates": [ 27.437208, 19.020668 ] } },
{ "type": "Feature", "properties": { "device_id": 375915.0, "UTC_datetime": "2026-04-20T10:37:47Z", "UTC_date": "2026-04-20", "Longitude": 27.399958, "Latitude": 19.144459 }, "geometry": { "type": "Point", "coordinates": [ 27.399958, 19.144459 ] } },
{ "type": "Feature", "properties": { "device_id": 375915.0, "UTC_datetime": "2026-04-20T11:37:46Z", "UTC_date": "2026-04-20", "Longitude": 27.472874, "Latitude": 19.260584 }, "geometry": { "type": "Point", "coordinates": [ 27.472874, 19.260584 ] } },
{ "type": "Feature", "properties": { "device_id": 375915.0, "UTC_datetime": "2026-04-20T12:38:04Z", "UTC_date": "2026-04-20", "Longitude": 27.590271, "Latitude": 19.328022 }, "geometry": { "type": "Point", "coordinates": [ 27.590271, 19.328022 ] } },
{ "type": "Feature", "properties": { "device_id": 375915.0, "UTC_datetime": "2026-04-20T13:37:46Z", "UTC_date": "2026-04-20", "Longitude": 27.733812, "Latitude": 19.355587 }, "geometry": { "type": "Point", "coordinates": [ 27.733812, 19.355587 ] } },
{ "type": "Feature", "properties": { "device_id": 375915.0, "UTC_datetime": "2026-04-20T14:38:05Z", "UTC_date": "2026-04-20", "Longitude": 27.87022, "Latitude": 19.376671 }, "geometry": { "type": "Point", "coordinates": [ 27.87022, 19.376671 ] } },
{ "type": "Feature", "properties": { "device_id": 375915.0, "UTC_datetime": "2026-04-21T07:37:46Z", "UTC_date": "2026-04-21", "Longitude": 28.153542, "Latitude": 19.344265 }, "geometry": { "type": "Point", "coordinates": [ 28.153542, 19.344265 ] } },
{ "type": "Feature", "properties": { "device_id": 375915.0, "UTC_datetime": "2026-04-21T08:38:04Z", "UTC_date": "2026-04-21", "Longitude": 28.298071, "Latitude": 19.386791 }, "geometry": { "type": "Point", "coordinates": [ 28.298071, 19.386791 ] } },
{ "type": "Feature", "properties": { "device_id": 375915.0, "UTC_datetime": "2026-04-21T09:37:45Z", "UTC_date": "2026-04-21", "Longitude": 28.370129, "Latitude": 19.443527 }, "geometry": { "type": "Point", "coordinates": [ 28.370129, 19.443527 ] } },
{ "type": "Feature", "properties": { "device_id": 375915.0, "UTC_datetime": "2026-04-21T10:38:14Z", "UTC_date": "2026-04-21", "Longitude": 28.491829, "Latitude": 19.592255 }, "geometry": { "type": "Point", "coordinates": [ 28.491829, 19.592255 ] } },
{ "type": "Feature", "properties": { "device_id": 375915.0, "UTC_datetime": "2026-04-21T11:37:49Z", "UTC_date": "2026-04-21", "Longitude": 28.586185, "Latitude": 19.738432 }, "geometry": { "type": "Point", "coordinates": [ 28.586185, 19.738432 ] } },
{ "type": "Feature", "properties": { "device_id": 375915.0, "UTC_datetime": "2026-04-21T12:38:04Z", "UTC_date": "2026-04-21", "Longitude": 28.615473, "Latitude": 19.908037 }, "geometry": { "type": "Point", "coordinates": [ 28.615473, 19.908037 ] } },
{ "type": "Feature", "properties": { "device_id": 375915.0, "UTC_datetime": "2026-04-21T13:37:46Z", "UTC_date": "2026-04-21", "Longitude": 28.737091, "Latitude": 20.044781 }, "geometry": { "type": "Point", "coordinates": [ 28.737091, 20.044781 ] } },
{ "type": "Feature", "properties": { "device_id": 375915.0, "UTC_datetime": "2026-04-21T14:37:45Z", "UTC_date": "2026-04-21", "Longitude": 28.777321, "Latitude": 20.076082 }, "geometry": { "type": "Point", "coordinates": [ 28.777321, 20.076082 ] } },
{ "type": "Feature", "properties": { "device_id": 375915.0, "UTC_datetime": "2026-04-22T07:38:05Z", "UTC_date": "2026-04-22", "Longitude": 28.830282, "Latitude": 20.173513 }, "geometry": { "type": "Point", "coordinates": [ 28.830282, 20.173513 ] } },
{ "type": "Feature", "properties": { "device_id": 375915.0, "UTC_datetime": "2026-04-22T08:37:49Z", "UTC_date": "2026-04-22", "Longitude": 28.907228, "Latitude": 20.259195 }, "geometry": { "type": "Point", "coordinates": [ 28.907228, 20.259195 ] } },
{ "type": "Feature", "properties": { "device_id": 375915.0, "UTC_datetime": "2026-04-22T09:37:48Z", "UTC_date": "2026-04-22", "Longitude": 29.067299, "Latitude": 20.330263 }, "geometry": { "type": "Point", "coordinates": [ 29.067299, 20.330263 ] } },
{ "type": "Feature", "properties": { "device_id": 375915.0, "UTC_datetime": "2026-04-22T10:38:13Z", "UTC_date": "2026-04-22", "Longitude": 29.124371, "Latitude": 20.484949 }, "geometry": { "type": "Point", "coordinates": [ 29.124371, 20.484949 ] } },
{ "type": "Feature", "properties": { "device_id": 375915.0, "UTC_datetime": "2026-04-22T11:37:47Z", "UTC_date": "2026-04-22", "Longitude": 29.306477, "Latitude": 20.599165 }, "geometry": { "type": "Point", "coordinates": [ 29.306477, 20.599165 ] } },
{ "type": "Feature", "properties": { "device_id": 375915.0, "UTC_datetime": "2026-04-22T12:38:05Z", "UTC_date": "2026-04-22", "Longitude": 29.598349, "Latitude": 20.65407 }, "geometry": { "type": "Point", "coordinates": [ 29.598349, 20.65407 ] } },
{ "type": "Feature", "properties": { "device_id": 375915.0, "UTC_datetime": "2026-04-22T13:37:47Z", "UTC_date": "2026-04-22", "Longitude": 29.861279, "Latitude": 20.625931 }, "geometry": { "type": "Point", "coordinates": [ 29.861279, 20.625931 ] } },
{ "type": "Feature", "properties": { "device_id": 375915.0, "UTC_datetime": "2026-04-22T14:38:05Z", "UTC_date": "2026-04-22", "Longitude": 30.243816, "Latitude": 20.421925 }, "geometry": { "type": "Point", "coordinates": [ 30.243816, 20.421925 ] } },
{ "type": "Feature", "properties": { "device_id": 375915.0, "UTC_datetime": "2026-04-23T07:38:05Z", "UTC_date": "2026-04-23", "Longitude": 30.620649, "Latitude": 20.484169 }, "geometry": { "type": "Point", "coordinates": [ 30.620649, 20.484169 ] } },
{ "type": "Feature", "properties": { "device_id": 375915.0, "UTC_datetime": "2026-04-23T08:37:48Z", "UTC_date": "2026-04-23", "Longitude": 30.785965, "Latitude": 20.599747 }, "geometry": { "type": "Point", "coordinates": [ 30.785965, 20.599747 ] } },
{ "type": "Feature", "properties": { "device_id": 375915.0, "UTC_datetime": "2026-04-23T09:38:13Z", "UTC_date": "2026-04-23", "Longitude": 30.837912, "Latitude": 20.854052 }, "geometry": { "type": "Point", "coordinates": [ 30.837912, 20.854052 ] } },
{ "type": "Feature", "properties": { "device_id": 375915.0, "UTC_datetime": "2026-04-23T10:37:50Z", "UTC_date": "2026-04-23", "Longitude": 30.874453, "Latitude": 21.154476 }, "geometry": { "type": "Point", "coordinates": [ 30.874453, 21.154476 ] } },
{ "type": "Feature", "properties": { "device_id": 375915.0, "UTC_datetime": "2026-04-23T11:38:04Z", "UTC_date": "2026-04-23", "Longitude": 30.916758, "Latitude": 21.411541 }, "geometry": { "type": "Point", "coordinates": [ 30.916758, 21.411541 ] } },
{ "type": "Feature", "properties": { "device_id": 375915.0, "UTC_datetime": "2026-04-23T12:38:05Z", "UTC_date": "2026-04-23", "Longitude": 30.872753, "Latitude": 21.691742 }, "geometry": { "type": "Point", "coordinates": [ 30.872753, 21.691742 ] } },
{ "type": "Feature", "properties": { "device_id": 375915.0, "UTC_datetime": "2026-04-23T13:37:49Z", "UTC_date": "2026-04-23", "Longitude": 30.875414, "Latitude": 21.983711 }, "geometry": { "type": "Point", "coordinates": [ 30.875414, 21.983711 ] } },
{ "type": "Feature", "properties": { "device_id": 375915.0, "UTC_datetime": "2026-04-23T14:38:05Z", "UTC_date": "2026-04-23", "Longitude": 30.975712, "Latitude": 22.154255 }, "geometry": { "type": "Point", "coordinates": [ 30.975712, 22.154255 ] } },
{ "type": "Feature", "properties": { "device_id": 375915.0, "UTC_datetime": "2026-04-24T07:38:12Z", "UTC_date": "2026-04-24", "Longitude": 31.14933, "Latitude": 22.363117 }, "geometry": { "type": "Point", "coordinates": [ 31.14933, 22.363117 ] } },
{ "type": "Feature", "properties": { "device_id": 375915.0, "UTC_datetime": "2026-04-24T08:37:51Z", "UTC_date": "2026-04-24", "Longitude": 31.264261, "Latitude": 22.546459 }, "geometry": { "type": "Point", "coordinates": [ 31.264261, 22.546459 ] } },
{ "type": "Feature", "properties": { "device_id": 375915.0, "UTC_datetime": "2026-04-24T09:38:12Z", "UTC_date": "2026-04-24", "Longitude": 31.321068, "Latitude": 22.661196 }, "geometry": { "type": "Point", "coordinates": [ 31.321068, 22.661196 ] } },
{ "type": "Feature", "properties": { "device_id": 375915.0, "UTC_datetime": "2026-04-24T10:37:51Z", "UTC_date": "2026-04-24", "Longitude": 31.542782, "Latitude": 22.916542 }, "geometry": { "type": "Point", "coordinates": [ 31.542782, 22.916542 ] } },
{ "type": "Feature", "properties": { "device_id": 375915.0, "UTC_datetime": "2026-04-24T11:38:12Z", "UTC_date": "2026-04-24", "Longitude": 31.7792, "Latitude": 23.32402 }, "geometry": { "type": "Point", "coordinates": [ 31.7792, 23.32402 ] } },
{ "type": "Feature", "properties": { "device_id": 375915.0, "UTC_datetime": "2026-04-24T12:37:53Z", "UTC_date": "2026-04-24", "Longitude": 32.055401, "Latitude": 23.767412 }, "geometry": { "type": "Point", "coordinates": [ 32.055401, 23.767412 ] } },
{ "type": "Feature", "properties": { "device_id": 375915.0, "UTC_datetime": "2026-04-24T13:38:12Z", "UTC_date": "2026-04-24", "Longitude": 32.152916, "Latitude": 24.189884 }, "geometry": { "type": "Point", "coordinates": [ 32.152916, 24.189884 ] } },
{ "type": "Feature", "properties": { "device_id": 375915.0, "UTC_datetime": "2026-04-24T14:37:53Z", "UTC_date": "2026-04-24", "Longitude": 32.292633, "Latitude": 24.601585 }, "geometry": { "type": "Point", "coordinates": [ 32.292633, 24.601585 ] } }
]
}
